trade_id,market_id,ticker,price,price_dollars,count,count_fp,taker_side,maker_action,taker_action,maker_nickname,taker_nickname,maker_social_id,taker_social_id,create_date,outcome
85559df2-7242-699d-e6f6-8ec121a69f99,e30118d1-113d-4134-9835-9fe65678ac18,KXMIASNOWM-26FEB-0.1,1,0.01,935,935.0,yes,buy,buy,,,,,2026-02-14T18:32:38.335616Z,Lose
2ae1a23f-cd66-5011-05df-db39681b3625,e30118d1-113d-4134-9835-9fe65678ac18,KXMIASNOWM-26FEB-0.1,1,0.01,467,467.0,yes,buy,buy,,,,,2026-02-14T09:41:31.934398Z,Lose
ac4a8a9e-fb31-5647-1566-9929cdd1e96c,ae7e3642-438b-4189-b4a2-136ad80dc66c,KXMIASNOWM-26FEB-0.5,1,0.01,187,187.0,yes,buy,buy,,kpace.funds,,9bc31f64-a658-4270-9e8d-4003e90aff60,2026-02-14T00:49:06.605011Z,Lose
d5ddd99e-774a-5531-f04a-db945cb59fe1,e30118d1-113d-4134-9835-9fe65678ac18,KXMIASNOWM-26FEB-0.1,1,0.01,187,187.0,yes,buy,buy,,kpace.funds,,9bc31f64-a658-4270-9e8d-4003e90aff60,2026-02-14T00:48:50.362437Z,Lose
ec3baa0e-bd3a-5d75-dffb-20a794d70829,e30118d1-113d-4134-9835-9fe65678ac18,KXMIASNOWM-26FEB-0.1,1,0.01,50,50.0,yes,buy,buy,,deployerone,,75438f19-509a-4296-a91a-b0b888f82ca7,2026-02-13T21:44:43.23329Z,Lose
7e7ede27-001d-462f-3c6f-3dbf2b1da268,ae7e3642-438b-4189-b4a2-136ad80dc66c,KXMIASNOWM-26FEB-0.5,1,0.01,50,50.0,yes,buy,buy,,deployerone,,75438f19-509a-4296-a91a-b0b888f82ca7,2026-02-13T21:44:43.17699Z,Lose
9237cb76-c536-7872-b29f-4cce9c8d3509,9d6bd5c0-f44b-4972-b116-adb489ae8fed,KXMIASNOWM-26FEB-1.0,1,0.01,50,50.0,yes,buy,buy,,deployerone,,75438f19-509a-4296-a91a-b0b888f82ca7,2026-02-13T21:44:43.149506Z,Lose
78cd4fb8-2621-7fb3-f1a0-b13d453f38e0,ae7e3642-438b-4189-b4a2-136ad80dc66c,KXMIASNOWM-26FEB-0.5,1,0.01,1870,1870.0,yes,buy,buy,,,,,2026-02-13T15:07:35.753534Z,Lose
6209d943-5625-76ef-f28d-f61484051ad8,ae7e3642-438b-4189-b4a2-136ad80dc66c,KXMIASNOWM-26FEB-0.5,1,0.01,93,93.0,yes,buy,buy,,,,,2026-02-13T11:59:15.420741Z,Lose
405b2e41-5f52-438d-b6f5-c61c8aef07c5,e30118d1-113d-4134-9835-9fe65678ac18,KXMIASNOWM-26FEB-0.1,1,0.01,467,467.0,yes,buy,buy,,,,,2026-02-13T10:44:30.61249Z,Lose
91aa1be3-ad2d-6103-a34d-ad79a64e885c,ae7e3642-438b-4189-b4a2-136ad80dc66c,KXMIASNOWM-26FEB-0.5,1,0.01,367,367.0,yes,buy,buy,,,,,2026-02-13T10:44:20.072202Z,Lose
68c61858-f312-6da9-b70f-50b5ef744e93,ae7e3642-438b-4189-b4a2-136ad80dc66c,KXMIASNOWM-26FEB-0.5,1,0.01,100,100.0,yes,sell,buy,,,,,2026-02-13T10:44:20.072202Z,Lose
eeffbc05-1655-46c1-0174-59f8c92c96e4,9d6bd5c0-f44b-4972-b116-adb489ae8fed,KXMIASNOWM-26FEB-1.0,1,0.01,100,100.0,yes,sell,buy,,,,,2026-02-13T10:43:34.579031Z,Lose
dec8dae1-0056-4ee6-0c1a-45739ea45335,9d6bd5c0-f44b-4972-b116-adb489ae8fed,KXMIASNOWM-26FEB-1.0,1,0.01,429,429.0,yes,buy,buy,,,,,2026-02-13T10:43:34.579031Z,Lose
8f5ed380-b782-5305-f185-4af1bcd0a585,e30118d1-113d-4134-9835-9fe65678ac18,KXMIASNOWM-26FEB-0.1,1,0.01,935,935.0,yes,buy,buy,,tatterlake,,64cb22a2-8d53-4b33-b239-83d9ee20011d,2026-02-13T08:58:46.877316Z,Lose
10a5fa3e-0276-581d-1bba-3688e23c098d,e30118d1-113d-4134-9835-9fe65678ac18,KXMIASNOWM-26FEB-0.1,1,0.01,2,2.0,yes,buy,buy,,,,,2026-02-13T01:15:13.276031Z,Lose
8b9006bc-f75a-7981-3418-afaebe361a3e,e30118d1-113d-4134-9835-9fe65678ac18,KXMIASNOWM-26FEB-0.1,2,0.02,233,233.0,yes,buy,buy,,,,,2026-02-12T21:32:44.583997Z,Lose
f97e84ab-cfc6-79a1-956a-1d98ce93a5ce,e30118d1-113d-4134-9835-9fe65678ac18,KXMIASNOWM-26FEB-0.1,2,0.02,2225,2225.0,yes,buy,buy,,straight.chef,,9f079424-6e0b-4932-9777-d11266e422cd,2026-02-12T21:29:56.6348Z,Lose
d98f44ff-d2bc-74ca-a83d-a6d9d9d61c82,e30118d1-113d-4134-9835-9fe65678ac18,KXMIASNOWM-26FEB-0.1,1,0.01,56,56.0,yes,sell,buy,pond.bush,straight.chef,9ece93c5-da14-4cff-8233-c2801efbf8b4,9f079424-6e0b-4932-9777-d11266e422cd,2026-02-12T21:29:56.6348Z,Lose
71ed62c5-8717-715f-beb9-5f4d3a67be07,e30118d1-113d-4134-9835-9fe65678ac18,KXMIASNOWM-26FEB-0.1,1,0.01,171,171.0,yes,sell,buy,Wolf13,straight.chef,adf79c92-6755-4841-9926-8ac8e3ee4e10,9f079424-6e0b-4932-9777-d11266e422cd,2026-02-12T21:29:56.6348Z,Lose
967295d1-6b97-5336-f29d-118fbbe0121d,e30118d1-113d-4134-9835-9fe65678ac18,KXMIASNOWM-26FEB-0.1,1,0.01,93,93.0,yes,buy,buy,,quick.beast,,49fb9bca-cf75-4f9c-bb3d-023d7aab44e3,2026-02-12T14:14:19.204831Z,Lose
5d02daa6-5147-7af6-c575-e5fe00a599dd,e30118d1-113d-4134-9835-9fe65678ac18,KXMIASNOWM-26FEB-0.1,1,0.01,93,93.0,yes,buy,buy,,,,,2026-02-12T07:18:24.895284Z,Lose
70ca7a69-db2f-5465-26eb-5341e18f992f,9d6bd5c0-f44b-4972-b116-adb489ae8fed,KXMIASNOWM-26FEB-1.0,1,0.01,140,140.0,yes,buy,buy,,,,,2026-02-12T05:13:54.187816Z,Lose
7bbbb4b4-b68d-4daf-e5a5-94ed91dbed27,ae7e3642-438b-4189-b4a2-136ad80dc66c,KXMIASNOWM-26FEB-0.5,1,0.01,140,140.0,yes,buy,buy,,,,,2026-02-12T05:13:43.04969Z,Lose
6127b50f-a3fb-4ca2-8ec7-2a99fce41905,e30118d1-113d-4134-9835-9fe65678ac18,KXMIASNOWM-26FEB-0.1,1,0.01,140,140.0,yes,buy,buy,,,,,2026-02-12T05:13:32.238929Z,Lose
2e4a1301-9ba3-58ee-25d7-946ad122ff7d,e30118d1-113d-4134-9835-9fe65678ac18,KXMIASNOWM-26FEB-0.1,1,0.01,93,93.0,yes,buy,buy,,,,,2026-02-12T04:56:37.058938Z,Lose
0211f398-4cb7-769e-1b5b-6a53cd6b7c55,e30118d1-113d-4134-9835-9fe65678ac18,KXMIASNOWM-26FEB-0.1,1,0.01,93,93.0,yes,buy,buy,,,,,2026-02-12T03:30:41.154631Z,Lose
4997d08d-c175-4cc7-baa9-fd25e689c417,ae7e3642-438b-4189-b4a2-136ad80dc66c,KXMIASNOWM-26FEB-0.5,1,0.01,93,93.0,yes,buy,buy,,raw.bank,,aab9b691-d91f-4c23-82ab-dfef9015a22a,2026-02-12T02:52:32.900572Z,Lose
7590aba4-b9db-52b6-2bc0-22a4af6a0575,e30118d1-113d-4134-9835-9fe65678ac18,KXMIASNOWM-26FEB-0.1,1,0.01,93,93.0,yes,buy,buy,,,,,2026-02-12T02:26:19.485718Z,Lose
9eb1f964-47b1-5e37-3014-9964df2277fb,ae7e3642-438b-4189-b4a2-136ad80dc66c,KXMIASNOWM-26FEB-0.5,1,0.01,93,93.0,yes,buy,buy,,,,,2026-02-12T02:26:01.891932Z,Lose
2c9d652c-2f9f-52a5-2a8e-44f9b3b9cadf,9d6bd5c0-f44b-4972-b116-adb489ae8fed,KXMIASNOWM-26FEB-1.0,1,0.01,93,93.0,yes,buy,buy,,,,,2026-02-12T02:25:14.579781Z,Lose
0925ffba-148f-6d2e-3da6-7f405a30a815,e30118d1-113d-4134-9835-9fe65678ac18,KXMIASNOWM-26FEB-0.1,1,0.01,93,93.0,yes,buy,buy,,,,,2026-02-12T02:09:03.948638Z,Lose
85a38f4e-54cf-768a-6c2f-a829bdabc201,e30118d1-113d-4134-9835-9fe65678ac18,KXMIASNOWM-26FEB-0.1,1,0.01,467,467.0,yes,buy,buy,,captensquid,,215550af-b58f-4e50-94d5-ff2570c2a7cd,2026-02-12T01:39:53.842799Z,Lose
11afab13-9015-44f3-0b1a-22ed728efa0f,ae7e3642-438b-4189-b4a2-136ad80dc66c,KXMIASNOWM-26FEB-0.5,1,0.01,467,467.0,yes,buy,buy,,captensquid,,215550af-b58f-4e50-94d5-ff2570c2a7cd,2026-02-12T01:39:34.765939Z,Lose
61cd305e-3663-4a42-5046-2d55279e2cfd,e30118d1-113d-4134-9835-9fe65678ac18,KXMIASNOWM-26FEB-0.1,1,0.01,93,93.0,yes,buy,buy,,shift.one,,5dc76f12-728d-47d9-b676-5ae9e1761467,2026-02-12T00:47:17.061467Z,Lose
35ba1d79-2f77-7b62-acca-68c2476a8b8d,e30118d1-113d-4134-9835-9fe65678ac18,KXMIASNOWM-26FEB-0.1,1,0.01,93,93.0,yes,buy,buy,,,,,2026-02-12T00:05:12.106452Z,Lose
90bd84f7-7a97-797e-53d4-cdf62b9bde71,e30118d1-113d-4134-9835-9fe65678ac18,KXMIASNOWM-26FEB-0.1,1,0.01,935,935.0,yes,buy,buy,,,,,2026-02-11T22:03:21.673326Z,Lose
dc548f8e-b875-5d73-75b0-db6d08bd3fcf,ae7e3642-438b-4189-b4a2-136ad80dc66c,KXMIASNOWM-26FEB-0.5,1,0.01,467,467.0,yes,buy,buy,,,,,2026-02-11T20:03:18.08918Z,Lose
8661c26d-7097-56d2-0330-d165234a4659,e30118d1-113d-4134-9835-9fe65678ac18,KXMIASNOWM-26FEB-0.1,1,0.01,467,467.0,yes,buy,buy,,,,,2026-02-11T20:03:09.383269Z,Lose
f6f3c7a5-be23-4a42-fa18-465b81f41bed,e30118d1-113d-4134-9835-9fe65678ac18,KXMIASNOWM-26FEB-0.1,1,0.01,93,93.0,yes,buy,buy,,zaydontfw12,,31e79615-24dd-41c8-8fe9-5e57394252ca,2026-02-11T18:14:33.991446Z,Lose
4c5a7729-cbcf-7e56-9f6f-d343b2913aed,e30118d1-113d-4134-9835-9fe65678ac18,KXMIASNOWM-26FEB-0.1,1,0.01,8000,8000.0,yes,buy,sell,,,,,2026-02-11T14:32:17.104831Z,Win
8c834bec-40c3-6eba-40ef-463592267775,e30118d1-113d-4134-9835-9fe65678ac18,KXMIASNOWM-26FEB-0.1,1,0.01,187,187.0,yes,buy,buy,,,,,2026-02-11T12:13:46.479467Z,Lose
93d12f8e-08bb-495a-01fb-86a7f061e70d,e30118d1-113d-4134-9835-9fe65678ac18,KXMIASNOWM-26FEB-0.1,1,0.01,935,935.0,yes,buy,buy,,drunk.game,,d69dd8b4-ab62-4cda-875c-829c4f88f526,2026-02-11T09:59:16.778198Z,Lose
2ac94ab5-fe3b-769e-f9ae-6fd87088dde5,e30118d1-113d-4134-9835-9fe65678ac18,KXMIASNOWM-26FEB-0.1,1,0.01,280,280.0,yes,buy,buy,,,,,2026-02-11T04:42:15.02254Z,Lose
f117ee0a-eb7d-620b-3229-8005f442e4d7,ae7e3642-438b-4189-b4a2-136ad80dc66c,KXMIASNOWM-26FEB-0.5,1,0.01,93,93.0,yes,buy,buy,,,,,2026-02-11T03:33:47.924073Z,Lose
7c8ef2e8-35d3-5602-63e3-a4e2125ed299,e30118d1-113d-4134-9835-9fe65678ac18,KXMIASNOWM-26FEB-0.1,1,0.01,467,467.0,yes,buy,buy,,,,,2026-02-11T03:21:17.971084Z,Lose
c107e245-b30b-4d9a-6970-1b9c5b9618d1,e30118d1-113d-4134-9835-9fe65678ac18,KXMIASNOWM-26FEB-0.1,1,0.01,93,93.0,yes,buy,buy,,,,,2026-02-11T01:50:48.821323Z,Lose
04b492c4-2de7-4cfa-6c34-f1798fc7bb5d,e30118d1-113d-4134-9835-9fe65678ac18,KXMIASNOWM-26FEB-0.1,1,0.01,5,5.0,yes,buy,buy,,,,,2026-02-11T01:45:03.296765Z,Lose
43cde8d6-f9e5-584f-126f-ac083271b3a7,ae7e3642-438b-4189-b4a2-136ad80dc66c,KXMIASNOWM-26FEB-0.5,1,0.01,5,5.0,yes,buy,buy,,,,,2026-02-11T01:44:55.232413Z,Lose
c951dcb3-08a3-63a6-c11c-1d5582169d2d,e30118d1-113d-4134-9835-9fe65678ac18,KXMIASNOWM-26FEB-0.1,1,0.01,93,93.0,yes,buy,buy,,harsh.bed,,5e4aed3d-7d13-49f2-8988-32b9cfffde7b,2026-02-11T01:19:25.563911Z,Lose
fb8c8df4-bc9f-61aa-62a9-1fb7a121a5ad,e30118d1-113d-4134-9835-9fe65678ac18,KXMIASNOWM-26FEB-0.1,1,0.01,5,5.0,yes,buy,buy,,,,,2026-02-11T01:07:15.636955Z,Lose
ea9fbab7-0539-6027-92ae-ac5fcb504e3b,ae7e3642-438b-4189-b4a2-136ad80dc66c,KXMIASNOWM-26FEB-0.5,1,0.01,5,5.0,yes,buy,buy,,,,,2026-02-11T01:07:07.557557Z,Lose
0110d69b-99bb-69ba-7968-7d1da532bf29,e30118d1-113d-4134-9835-9fe65678ac18,KXMIASNOWM-26FEB-0.1,1,0.01,5,5.0,yes,buy,buy,,,,,2026-02-11T00:29:41.872671Z,Lose
df140378-69b5-6ecf-c402-a271b6f430a3,ae7e3642-438b-4189-b4a2-136ad80dc66c,KXMIASNOWM-26FEB-0.5,1,0.01,5,5.0,yes,buy,buy,,,,,2026-02-11T00:29:33.800135Z,Lose
253a494e-6933-5c8e-7f9b-e4bd66d9a5f5,e30118d1-113d-4134-9835-9fe65678ac18,KXMIASNOWM-26FEB-0.1,1,0.01,187,187.0,yes,buy,buy,,,,,2026-02-10T23:44:37.261958Z,Lose
de042ce3-6f07-49da-ec99-6f334c76f0f5,e30118d1-113d-4134-9835-9fe65678ac18,KXMIASNOWM-26FEB-0.1,1,0.01,23,23.0,yes,buy,buy,,bryanbomb,,706c9327-801b-42b2-affe-8e58228be139,2026-02-10T22:25:16.376475Z,Lose
4fecbcde-3ecb-562e-43e6-213f2f33cf85,e30118d1-113d-4134-9835-9fe65678ac18,KXMIASNOWM-26FEB-0.1,1,0.01,93,93.0,yes,buy,buy,,,,,2026-02-10T22:24:11.810736Z,Lose
ab665959-2aff-5922-db47-eea471e7fc31,e30118d1-113d-4134-9835-9fe65678ac18,KXMIASNOWM-26FEB-0.1,1,0.01,93,93.0,yes,buy,buy,,jayyson,,05d7f3cf-74a0-4f0b-b5ea-37cdd9c1a28c,2026-02-10T22:14:55.825675Z,Lose
fe6aba14-ee4b-5e51-0c14-8f70b6870a9b,9d6bd5c0-f44b-4972-b116-adb489ae8fed,KXMIASNOWM-26FEB-1.0,1,0.01,50,50.0,yes,buy,buy,,,,,2026-02-10T22:01:14.656786Z,Lose
d66841f8-ea5d-6447-aa67-e7eceb5dc4d7,ae7e3642-438b-4189-b4a2-136ad80dc66c,KXMIASNOWM-26FEB-0.5,1,0.01,50,50.0,yes,buy,buy,,,,,2026-02-10T22:01:14.405623Z,Lose
93fd70fd-84e3-4a3e-dba0-103451b5dad9,e30118d1-113d-4134-9835-9fe65678ac18,KXMIASNOWM-26FEB-0.1,1,0.01,50,50.0,yes,buy,buy,,,,,2026-02-10T22:01:14.159987Z,Lose
cb1a3594-9e87-4cd1-373b-27f3a161c5db,9d6bd5c0-f44b-4972-b116-adb489ae8fed,KXMIASNOWM-26FEB-1.0,1,0.01,50,50.0,yes,buy,buy,,,,,2026-02-10T20:56:25.993934Z,Lose
22d885bd-1731-704f-5cd9-f7d2430aa587,ae7e3642-438b-4189-b4a2-136ad80dc66c,KXMIASNOWM-26FEB-0.5,1,0.01,50,50.0,yes,buy,buy,,,,,2026-02-10T20:56:25.503358Z,Lose
bfa8cd8d-26d7-5e8a-2cd1-7cf0dfaa1081,e30118d1-113d-4134-9835-9fe65678ac18,KXMIASNOWM-26FEB-0.1,1,0.01,50,50.0,yes,buy,buy,,,,,2026-02-10T20:56:25.28138Z,Lose
5d8284d6-b19b-4e5e-11e6-b91940685481,e30118d1-113d-4134-9835-9fe65678ac18,KXMIASNOWM-26FEB-0.1,1,0.01,559,559.0,yes,buy,buy,,,,,2026-02-10T20:36:50.671699Z,Lose
391e8b38-400f-77da-fa69-35c962a7ac2d,e30118d1-113d-4134-9835-9fe65678ac18,KXMIASNOWM-26FEB-0.1,1,0.01,233,233.0,yes,buy,buy,,,,,2026-02-10T20:07:43.495774Z,Lose
5e9228a4-556f-6382-7614-f8b44cf2cdf1,e30118d1-113d-4134-9835-9fe65678ac18,KXMIASNOWM-26FEB-0.1,1,0.01,93,93.0,yes,buy,buy,,,,,2026-02-10T18:33:18.118388Z,Lose
f15bc7ea-77d1-44a7-0e50-4894d2baa4bb,ae7e3642-438b-4189-b4a2-136ad80dc66c,KXMIASNOWM-26FEB-0.5,1,0.01,93,93.0,yes,buy,buy,,,,,2026-02-10T18:21:05.737163Z,Lose
6688b92a-b5b7-7596-83e8-2add97cbb27d,e30118d1-113d-4134-9835-9fe65678ac18,KXMIASNOWM-26FEB-0.1,1,0.01,935,935.0,yes,buy,buy,,,,,2026-02-10T17:22:36.043523Z,Lose
697c71c2-b827-5ebe-0f89-2f00dd03af65,e30118d1-113d-4134-9835-9fe65678ac18,KXMIASNOWM-26FEB-0.1,1,0.01,93,93.0,yes,buy,buy,,,,,2026-02-10T16:36:05.733585Z,Lose
c617f064-9f69-705b-a55e-955c9d45e21f,ae7e3642-438b-4189-b4a2-136ad80dc66c,KXMIASNOWM-26FEB-0.5,1,0.01,93,93.0,yes,buy,buy,,,,,2026-02-10T16:35:47.060527Z,Lose
d1fac3d2-4247-563e-6c7d-5f73c6862221,e30118d1-113d-4134-9835-9fe65678ac18,KXMIASNOWM-26FEB-0.1,1,0.01,9,9.0,yes,buy,buy,,,,,2026-02-10T16:30:09.313112Z,Lose
1907130e-2d91-413f-aab4-a17c8d4ef433,ae7e3642-438b-4189-b4a2-136ad80dc66c,KXMIASNOWM-26FEB-0.5,1,0.01,93,93.0,yes,buy,buy,,,,,2026-02-10T16:25:21.445653Z,Lose
d261bef8-f867-4d52-30d0-6ae31f03c61d,e30118d1-113d-4134-9835-9fe65678ac18,KXMIASNOWM-26FEB-0.1,1,0.01,93,93.0,yes,buy,buy,,,,,2026-02-10T15:22:13.712249Z,Lose
7e77702c-977d-5c53-4927-f69382f7e5ff,ae7e3642-438b-4189-b4a2-136ad80dc66c,KXMIASNOWM-26FEB-0.5,1,0.01,93,93.0,yes,buy,buy,,HyoukaWrld,,7c1a8f51-f65a-44e6-b03c-60250a6157d9,2026-02-10T14:14:49.025665Z,Lose
8a482c6d-e0bb-553a-4c9a-4516efdb90ed,e30118d1-113d-4134-9835-9fe65678ac18,KXMIASNOWM-26FEB-0.1,1,0.01,5,5.0,yes,buy,buy,,,,,2026-02-10T13:45:19.812331Z,Lose
f4463691-1ced-7e7f-f80f-0d1aa471a853,ae7e3642-438b-4189-b4a2-136ad80dc66c,KXMIASNOWM-26FEB-0.5,1,0.01,5,5.0,yes,buy,buy,,,,,2026-02-10T13:45:11.739749Z,Lose
9bb7d0b8-4837-6319-1ddc-d9a4ac640493,9d6bd5c0-f44b-4972-b116-adb489ae8fed,KXMIASNOWM-26FEB-1.0,1,0.01,93,93.0,yes,buy,buy,,,,,2026-02-10T12:55:41.49077Z,Lose
2c08f0b8-00ad-417f-44c2-3e42bcb945f3,ae7e3642-438b-4189-b4a2-136ad80dc66c,KXMIASNOWM-26FEB-0.5,1,0.01,93,93.0,yes,buy,buy,,,,,2026-02-10T12:55:33.264036Z,Lose
4f2a4b80-81cb-4106-1f96-cead7bd73a2d,e30118d1-113d-4134-9835-9fe65678ac18,KXMIASNOWM-26FEB-0.1,1,0.01,93,93.0,yes,buy,buy,,,,,2026-02-10T12:52:58.131608Z,Lose
4a6d29c7-1b23-6696-c99d-d018e259ea75,e30118d1-113d-4134-9835-9fe65678ac18,KXMIASNOWM-26FEB-0.1,1,0.01,5,5.0,yes,buy,buy,,,,,2026-02-10T12:51:50.867161Z,Lose
fc901a1e-5df1-508b-a4e3-7de9225dfd5f,ae7e3642-438b-4189-b4a2-136ad80dc66c,KXMIASNOWM-26FEB-0.5,1,0.01,5,5.0,yes,buy,buy,,,,,2026-02-10T12:51:42.789908Z,Lose
b9e2472c-e54f-6e02-fa06-ad13629dbe55,e30118d1-113d-4134-9835-9fe65678ac18,KXMIASNOWM-26FEB-0.1,1,0.01,5,5.0,yes,buy,buy,,,,,2026-02-10T11:57:48.502603Z,Lose
ebd86554-5aa9-57fb-21d1-282c74ea2333,ae7e3642-438b-4189-b4a2-136ad80dc66c,KXMIASNOWM-26FEB-0.5,1,0.01,5,5.0,yes,buy,buy,,,,,2026-02-10T11:57:40.440983Z,Lose
42ba6292-704f-5f96-347a-091cba1d5361,e30118d1-113d-4134-9835-9fe65678ac18,KXMIASNOWM-26FEB-0.1,1,0.01,5,5.0,yes,buy,buy,,,,,2026-02-10T11:03:53.092906Z,Lose
52af710a-6e55-6d4b-fd21-3315a132369f,ae7e3642-438b-4189-b4a2-136ad80dc66c,KXMIASNOWM-26FEB-0.5,1,0.01,5,5.0,yes,buy,buy,,,,,2026-02-10T11:03:45.003706Z,Lose
8004cdc4-e443-7e4e-9049-8f14cbcb9dd9,e30118d1-113d-4134-9835-9fe65678ac18,KXMIASNOWM-26FEB-0.1,1,0.01,5,5.0,yes,buy,buy,,,,,2026-02-10T10:10:01.278159Z,Lose
f332abea-030d-4e27-6d55-41da3765df8f,ae7e3642-438b-4189-b4a2-136ad80dc66c,KXMIASNOWM-26FEB-0.5,1,0.01,5,5.0,yes,buy,buy,,,,,2026-02-10T10:09:53.217931Z,Lose
81d5503c-2f33-5726-f2eb-f2f6dbd52df5,e30118d1-113d-4134-9835-9fe65678ac18,KXMIASNOWM-26FEB-0.1,1,0.01,5,5.0,yes,buy,buy,,,,,2026-02-10T09:16:05.822822Z,Lose
a23162a5-8ec1-408f-be92-53a56e2570a7,ae7e3642-438b-4189-b4a2-136ad80dc66c,KXMIASNOWM-26FEB-0.5,1,0.01,5,5.0,yes,buy,buy,,,,,2026-02-10T09:15:57.749537Z,Lose
c67907c2-6593-7656-e82a-18e1928cd709,e30118d1-113d-4134-9835-9fe65678ac18,KXMIASNOWM-26FEB-0.1,1,0.01,4675,4675.0,yes,buy,buy,,aviatorsamimi,,f9ee6ed3-d2f3-44a5-96ca-0186a89d845a,2026-02-10T09:14:51.165709Z,Lose
90282c7e-52ef-5002-098f-fdb97e7f803d,e30118d1-113d-4134-9835-9fe65678ac18,KXMIASNOWM-26FEB-0.1,1,0.01,275,275.0,yes,buy,buy,,jivanna,,5909f113-3f84-4579-a1ee-e3f5b1fc81a8,2026-02-10T08:54:58.752294Z,Lose
09f93b51-a14f-632a-1bde-7c3336cc8579,e30118d1-113d-4134-9835-9fe65678ac18,KXMIASNOWM-26FEB-0.1,1,0.01,5,5.0,yes,buy,buy,,,,,2026-02-10T08:21:43.334545Z,Lose
6bf94099-6df5-6c3b-2d8a-7cc757d560a7,ae7e3642-438b-4189-b4a2-136ad80dc66c,KXMIASNOWM-26FEB-0.5,1,0.01,5,5.0,yes,buy,buy,,,,,2026-02-10T08:21:35.256015Z,Lose
292388dd-4b21-4f23-6dd8-b67f1092b67f,ae7e3642-438b-4189-b4a2-136ad80dc66c,KXMIASNOWM-26FEB-0.5,1,0.01,93,93.0,yes,buy,buy,,nootq,,46c248a8-90a5-42f2-a150-24eaeddd3dab,2026-02-10T08:07:26.785178Z,Lose
105eddb4-6db7-470a-6040-22e1973341f5,e30118d1-113d-4134-9835-9fe65678ac18,KXMIASNOWM-26FEB-0.1,1,0.01,5,5.0,yes,buy,buy,,,,,2026-02-10T07:27:47.141564Z,Lose
eeea47fb-ad39-75af-7210-f123c30d079b,ae7e3642-438b-4189-b4a2-136ad80dc66c,KXMIASNOWM-26FEB-0.5,1,0.01,5,5.0,yes,buy,buy,,,,,2026-02-10T07:27:39.030331Z,Lose
4bcdd358-b937-59ca-a9ae-9e3e14e7809d,e30118d1-113d-4134-9835-9fe65678ac18,KXMIASNOWM-26FEB-0.1,1,0.01,5,5.0,yes,buy,buy,,,,,2026-02-10T06:33:54.603342Z,Lose
7ec6b0f3-b7a1-745f-7e43-5371512cc197,ae7e3642-438b-4189-b4a2-136ad80dc66c,KXMIASNOWM-26FEB-0.5,1,0.01,5,5.0,yes,buy,buy,,,,,2026-02-10T06:33:46.536776Z,Lose
5fc764e8-17f3-5d72-4b31-e0058bd92e71,e30118d1-113d-4134-9835-9fe65678ac18,KXMIASNOWM-26FEB-0.1,1,0.01,935,935.0,yes,buy,buy,,,,,2026-02-10T06:27:03.250162Z,Lose
a37157d9-870b-7556-04c5-172139946621,e30118d1-113d-4134-9835-9fe65678ac18,KXMIASNOWM-26FEB-0.1,1,0.01,46,46.0,yes,buy,buy,,mad.prize,,bd53b4d1-8ea0-4cab-9c22-65a8860e5d88,2026-02-10T06:08:38.029672Z,Lose
98439e03-8903-5106-a945-65e254e3e669,e30118d1-113d-4134-9835-9fe65678ac18,KXMIASNOWM-26FEB-0.1,1,0.01,93,93.0,yes,buy,buy,,,,,2026-02-10T06:06:55.765775Z,Lose
c530920a-1487-61b6-b38b-b12e103ca791,e30118d1-113d-4134-9835-9fe65678ac18,KXMIASNOWM-26FEB-0.1,1,0.01,5,5.0,yes,buy,buy,,,,,2026-02-10T05:40:28.467258Z,Lose
62b537d2-cc05-48d7-e67c-6630b718b00b,ae7e3642-438b-4189-b4a2-136ad80dc66c,KXMIASNOWM-26FEB-0.5,1,0.01,5,5.0,yes,buy,buy,,,,,2026-02-10T05:40:20.399609Z,Lose
e746377a-0077-6152-2a50-90e2b30a6cc1,e30118d1-113d-4134-9835-9fe65678ac18,KXMIASNOWM-26FEB-0.1,1,0.01,93,93.0,yes,buy,buy,,,,,2026-02-10T05:16:26.541976Z,Lose
ff1e913e-dc3b-6dca-e1a3-3857420b7471,e30118d1-113d-4134-9835-9fe65678ac18,KXMIASNOWM-26FEB-0.1,1,0.01,93,93.0,yes,buy,buy,,,,,2026-02-10T05:12:09.004519Z,Lose
70faa067-174f-7212-ffa1-44c0f558d54d,e30118d1-113d-4134-9835-9fe65678ac18,KXMIASNOWM-26FEB-0.1,1,0.01,467,467.0,yes,buy,buy,,vocalFungus23,,dc8661e9-f984-472a-8e7f-0e8053267cf2,2026-02-10T05:05:00.987631Z,Lose
52dfa765-9f63-4966-c325-0dc9fb897269,e30118d1-113d-4134-9835-9fe65678ac18,KXMIASNOWM-26FEB-0.1,1,0.01,935,935.0,yes,buy,buy,,,,,2026-02-10T05:01:33.272609Z,Lose
77d62ee1-f2ff-41e9-1e88-1fe07bfbf25f,9d6bd5c0-f44b-4972-b116-adb489ae8fed,KXMIASNOWM-26FEB-1.0,1,0.01,93,93.0,yes,buy,buy,,mass.mood,,ab149141-f6c3-4a4b-a2ad-63bf7e854319,2026-02-10T04:32:02.592845Z,Lose
e1acc983-57cd-6ec3-0c3a-34f631629cf7,ae7e3642-438b-4189-b4a2-136ad80dc66c,KXMIASNOWM-26FEB-0.5,1,0.01,93,93.0,yes,buy,buy,,mass.mood,,ab149141-f6c3-4a4b-a2ad-63bf7e854319,2026-02-10T04:28:54.90858Z,Lose
cdc24d39-88cf-763a-2393-a228adcc36f5,e30118d1-113d-4134-9835-9fe65678ac18,KXMIASNOWM-26FEB-0.1,1,0.01,93,93.0,yes,buy,buy,,mass.mood,,ab149141-f6c3-4a4b-a2ad-63bf7e854319,2026-02-10T04:28:46.100213Z,Lose
d64c9295-877b-4d66-e7b6-030018421da9,e30118d1-113d-4134-9835-9fe65678ac18,KXMIASNOWM-26FEB-0.1,1,0.01,93,93.0,yes,buy,buy,,,,,2026-02-10T04:21:49.772869Z,Lose
26c2f52a-560f-7cc2-34d5-e5ac819e0b59,e30118d1-113d-4134-9835-9fe65678ac18,KXMIASNOWM-26FEB-0.1,1,0.01,2525,2525.0,yes,buy,buy,,,,,2026-02-10T04:13:26.609359Z,Lose
ee362ad6-a69f-5a72-7368-c0d15aabe4a5,e30118d1-113d-4134-9835-9fe65678ac18,KXMIASNOWM-26FEB-0.1,1,0.01,467,467.0,yes,buy,buy,,,,,2026-02-10T04:12:34.755384Z,Lose
939711d2-6777-45ba-0a37-16f8db243269,e30118d1-113d-4134-9835-9fe65678ac18,KXMIASNOWM-26FEB-0.1,1,0.01,56,56.0,yes,buy,buy,,MetricMancer,,5b770ae8-48bb-4295-ab26-52576325f812,2026-02-10T04:08:28.105651Z,Lose
7d83d593-9d91-628f-8f12-c142a7e42f9f,ae7e3642-438b-4189-b4a2-136ad80dc66c,KXMIASNOWM-26FEB-0.5,1,0.01,467,467.0,yes,buy,buy,,sky.g25,,27178630-2907-4ccd-af77-80e6e9704542,2026-02-10T03:24:23.971962Z,Lose
be900256-2a7f-5f4a-f0a3-3139e6881b39,e30118d1-113d-4134-9835-9fe65678ac18,KXMIASNOWM-26FEB-0.1,1,0.01,467,467.0,yes,buy,buy,,sky.g25,,27178630-2907-4ccd-af77-80e6e9704542,2026-02-10T03:24:09.330559Z,Lose
1b1a3352-2d9f-5146-19aa-04bfa0f6a025,e30118d1-113d-4134-9835-9fe65678ac18,KXMIASNOWM-26FEB-0.1,1,0.01,93,93.0,yes,buy,buy,,dptrinity,,894d122f-3b10-496a-b16d-4b280306deee,2026-02-10T02:07:10.645522Z,Lose
08aedc25-5b33-674a-37ab-17f4e80c51f5,e30118d1-113d-4134-9835-9fe65678ac18,KXMIASNOWM-26FEB-0.1,1,0.01,467,467.0,yes,buy,buy,,,,,2026-02-10T02:00:58.59778Z,Lose
5fe40cce-a34f-59c6-5712-f9a473c77d99,e30118d1-113d-4134-9835-9fe65678ac18,KXMIASNOWM-26FEB-0.1,1,0.01,2805,2805.0,yes,buy,buy,,Hammyhamooo,,cbbc4d55-6a36-4911-b87f-b74969822ccb,2026-02-10T01:34:37.007118Z,Lose
c3b0c150-2237-74b6-9178-ad0bb0fafc81,e30118d1-113d-4134-9835-9fe65678ac18,KXMIASNOWM-26FEB-0.1,1,0.01,467,467.0,yes,buy,buy,,,,,2026-02-10T00:38:34.258397Z,Lose
6fb8dbde-03e3-6c36-0952-9cd72eda91b9,e30118d1-113d-4134-9835-9fe65678ac18,KXMIASNOWM-26FEB-0.1,1,0.01,5,5.0,yes,buy,buy,,,,,2026-02-09T23:07:16.162032Z,Lose
7fa45916-d4a1-7897-3f87-dcf5ae7d1e6b,ae7e3642-438b-4189-b4a2-136ad80dc66c,KXMIASNOWM-26FEB-0.5,1,0.01,5,5.0,yes,buy,buy,,,,,2026-02-09T23:07:07.974043Z,Lose
1e35bbc7-2bb7-64ba-7a23-243a95f38941,e30118d1-113d-4134-9835-9fe65678ac18,KXMIASNOWM-26FEB-0.1,1,0.01,280,280.0,yes,buy,buy,,,,,2026-02-09T22:54:55.266213Z,Lose
be7378d6-80e3-6d8a-0851-bb246b775c05,e30118d1-113d-4134-9835-9fe65678ac18,KXMIASNOWM-26FEB-0.1,1,0.01,93,93.0,yes,buy,buy,,,,,2026-02-09T22:54:37.657259Z,Lose
0ff881c1-1313-69d6-25f8-60299761fb25,e30118d1-113d-4134-9835-9fe65678ac18,KXMIASNOWM-26FEB-0.1,1,0.01,187,187.0,yes,buy,buy,,,,,2026-02-09T22:41:34.627182Z,Lose
cb1b7d18-1a47-76aa-9a11-39c1321a3441,e30118d1-113d-4134-9835-9fe65678ac18,KXMIASNOWM-26FEB-0.1,1,0.01,1,1.0,yes,buy,buy,,Equality72521,,1b9ea790-f536-4e1f-8105-a7e6adfadac7,2026-02-09T20:16:30.184471Z,Lose
bf8a391f-da91-4853-3534-074de370c04b,ae7e3642-438b-4189-b4a2-136ad80dc66c,KXMIASNOWM-26FEB-0.5,1,0.01,93,93.0,yes,buy,buy,,,,,2026-02-09T19:55:04.746113Z,Lose
ec5be1a5-3b2f-4d2e-891f-1d2b1bec50b1,e30118d1-113d-4134-9835-9fe65678ac18,KXMIASNOWM-26FEB-0.1,1,0.01,93,93.0,yes,buy,buy,,,,,2026-02-09T19:54:39.98598Z,Lose
5d4cdf9e-57c1-5c9f-0125-aa5d572dc577,ae7e3642-438b-4189-b4a2-136ad80dc66c,KXMIASNOWM-26FEB-0.5,1,0.01,187,187.0,yes,buy,buy,,mad.turn,,fbee6458-8746-4212-9874-c2b514742c2c,2026-02-09T19:30:08.296113Z,Lose
f3a99e29-60eb-4ffe-e6ff-d9574f82c1d1,e30118d1-113d-4134-9835-9fe65678ac18,KXMIASNOWM-26FEB-0.1,1,0.01,187,187.0,yes,buy,buy,,,,,2026-02-09T19:03:14.58384Z,Lose
ae627920-55cf-4a8e-c21d-863d93ff7f01,e30118d1-113d-4134-9835-9fe65678ac18,KXMIASNOWM-26FEB-0.1,1,0.01,27,27.0,yes,buy,buy,,low.tone2,,d0e81d69-8c75-4dc1-85d0-276cdf38b855,2026-02-09T18:39:54.278027Z,Lose
9abea7ee-af6f-6932-6c26-588bb0dfe39d,e30118d1-113d-4134-9835-9fe65678ac18,KXMIASNOWM-26FEB-0.1,1,0.01,1825,1825.0,yes,buy,buy,,,,,2026-02-09T18:37:52.412397Z,Lose
ae260553-80b7-4d1a-0b1d-6da38fd32fd5,e30118d1-113d-4134-9835-9fe65678ac18,KXMIASNOWM-26FEB-0.1,1,0.01,93,93.0,yes,buy,buy,,,,,2026-02-09T18:18:01.793343Z,Lose
3a357e9d-7f8f-6b36-afbe-beb27a25c4c5,e30118d1-113d-4134-9835-9fe65678ac18,KXMIASNOWM-26FEB-0.1,1,0.01,93,93.0,yes,buy,buy,,,,,2026-02-09T17:55:03.456552Z,Lose
ccdcdae2-72a3-4846-6cfb-57af6b93dcf5,e30118d1-113d-4134-9835-9fe65678ac18,KXMIASNOWM-26FEB-0.1,1,0.01,93,93.0,yes,buy,buy,,,,,2026-02-09T17:23:18.839818Z,Lose
1fec206c-edd9-4b2f-f091-868fdf2a7d8f,ae7e3642-438b-4189-b4a2-136ad80dc66c,KXMIASNOWM-26FEB-0.5,1,0.01,1028,1028.0,yes,buy,buy,,,,,2026-02-09T16:53:04.724422Z,Lose
64b2dcf9-275b-70b2-57b6-1ec376020629,e30118d1-113d-4134-9835-9fe65678ac18,KXMIASNOWM-26FEB-0.1,1,0.01,1028,1028.0,yes,buy,buy,,,,,2026-02-09T16:49:19.3014Z,Lose
b3e297eb-3e31-784b-bc70-848d3eee7547,ae7e3642-438b-4189-b4a2-136ad80dc66c,KXMIASNOWM-26FEB-0.5,1,0.01,935,935.0,yes,buy,buy,,,,,2026-02-09T15:24:40.205336Z,Lose
982739b5-66eb-6bd6-bb37-cb4cb7e66bf9,e30118d1-113d-4134-9835-9fe65678ac18,KXMIASNOWM-26FEB-0.1,1,0.01,935,935.0,yes,buy,buy,,,,,2026-02-09T14:53:04.932996Z,Lose
3fe7f86e-342b-4df2-6476-108ec0cc65d5,e30118d1-113d-4134-9835-9fe65678ac18,KXMIASNOWM-26FEB-0.1,1,0.01,935,935.0,yes,buy,buy,,,,,2026-02-09T14:45:10.384843Z,Lose
329ebd6a-6987-6712-13bf-f81df2d63785,e30118d1-113d-4134-9835-9fe65678ac18,KXMIASNOWM-26FEB-0.1,1,0.01,1870,1870.0,yes,buy,buy,,,,,2026-02-09T13:50:29.81176Z,Lose
f41a0e04-ca97-7f56-21fc-7d231c3fc251,e30118d1-113d-4134-9835-9fe65678ac18,KXMIASNOWM-26FEB-0.1,1,0.01,233,233.0,yes,buy,buy,,,,,2026-02-09T11:25:31.239389Z,Lose
89d24724-6f73-493e-42ec-5f981511254d,e30118d1-113d-4134-9835-9fe65678ac18,KXMIASNOWM-26FEB-0.1,1,0.01,233,233.0,yes,buy,buy,,,,,2026-02-09T11:22:57.335748Z,Lose
1a763db8-3bef-65b2-4ea1-f9e7d1656539,e30118d1-113d-4134-9835-9fe65678ac18,KXMIASNOWM-26FEB-0.1,1,0.01,467,467.0,yes,buy,buy,,,,,2026-02-09T10:40:09.836729Z,Lose
c492d363-b1a7-611e-b642-0fc05471d235,e30118d1-113d-4134-9835-9fe65678ac18,KXMIASNOWM-26FEB-0.1,1,0.01,1,1.0,yes,buy,buy,,acceptable.partridge,,c783ded4-840b-4e1f-93a9-ef412771ee33,2026-02-09T09:31:19.104006Z,Lose
76900347-8147-519a-b927-ff0f025724dd,e30118d1-113d-4134-9835-9fe65678ac18,KXMIASNOWM-26FEB-0.1,1,0.01,9,9.0,yes,buy,buy,,JessPear,,3989bdb8-1c01-4342-a76b-32e59ebb9c35,2026-02-09T08:19:05.969853Z,Lose
4f496478-e957-6a1e-17f1-92073b374cc9,e30118d1-113d-4134-9835-9fe65678ac18,KXMIASNOWM-26FEB-0.1,1,0.01,93,93.0,yes,buy,buy,,,,,2026-02-09T07:37:18.011493Z,Lose
c2294b93-d617-7cda-c273-2f19df95faf5,e30118d1-113d-4134-9835-9fe65678ac18,KXMIASNOWM-26FEB-0.1,1,0.01,248,248.0,yes,buy,buy,,,,,2026-02-09T07:26:52.631629Z,Lose
b65779a0-0d1f-5099-53a5-5e9d6df46bf7,9d6bd5c0-f44b-4972-b116-adb489ae8fed,KXMIASNOWM-26FEB-1.0,1,0.01,93,93.0,yes,buy,buy,,spritevr,,66fdd26e-6d49-4c7c-8eb4-fa4c1af5defe,2026-02-09T07:18:13.178204Z,Lose
982a7241-95c9-6c1b-9bdd-3ba2d34ce8cf,ae7e3642-438b-4189-b4a2-136ad80dc66c,KXMIASNOWM-26FEB-0.5,1,0.01,93,93.0,yes,buy,buy,,spritevr,,66fdd26e-6d49-4c7c-8eb4-fa4c1af5defe,2026-02-09T07:18:04.430212Z,Lose
8e4ec2de-327f-606a-3941-c5debefe2ded,e30118d1-113d-4134-9835-9fe65678ac18,KXMIASNOWM-26FEB-0.1,1,0.01,93,93.0,yes,buy,buy,,spritevr,,66fdd26e-6d49-4c7c-8eb4-fa4c1af5defe,2026-02-09T07:17:55.098853Z,Lose
ab6b648e-db53-654a-ab86-23572273d175,e30118d1-113d-4134-9835-9fe65678ac18,KXMIASNOWM-26FEB-0.1,1,0.01,93,93.0,yes,buy,buy,,,,,2026-02-09T06:28:15.668265Z,Lose
074dc17d-c081-40e3-a1f7-ea5d44cdde0b,ae7e3642-438b-4189-b4a2-136ad80dc66c,KXMIASNOWM-26FEB-0.5,1,0.01,93,93.0,yes,buy,buy,,,,,2026-02-09T06:02:51.595535Z,Lose
6599bb28-36cb-5e1e-3ca1-446247f64895,e30118d1-113d-4134-9835-9fe65678ac18,KXMIASNOWM-26FEB-0.1,1,0.01,93,93.0,yes,buy,buy,,,,,2026-02-09T06:02:26.869443Z,Lose
34efbed8-38e3-67f6-adbf-f01d309922a9,e30118d1-113d-4134-9835-9fe65678ac18,KXMIASNOWM-26FEB-0.1,1,0.01,140,140.0,yes,buy,buy,,,,,2026-02-09T05:46:53.838806Z,Lose
62bc7e84-2ad3-5f56-2748-645728f81ce5,e30118d1-113d-4134-9835-9fe65678ac18,KXMIASNOWM-26FEB-0.1,1,0.01,93,93.0,yes,buy,buy,,mateus,,9cb91f7b-542f-411f-bbe1-b38c1011f765,2026-02-09T05:06:41.357017Z,Lose
6251ef67-86df-7986-617c-90e1dbcd313d,e30118d1-113d-4134-9835-9fe65678ac18,KXMIASNOWM-26FEB-0.1,1,0.01,93,93.0,yes,buy,buy,,,,,2026-02-09T04:44:01.339236Z,Lose
f2bc144d-5892-6879-200a-94ad17f00ea3,ae7e3642-438b-4189-b4a2-136ad80dc66c,KXMIASNOWM-26FEB-0.5,2,0.02,36,36.0,yes,buy,buy,,,,,2026-02-09T04:37:25.735114Z,Lose
b684f669-3521-60f8-2616-cd286280fa7c,ae7e3642-438b-4189-b4a2-136ad80dc66c,KXMIASNOWM-26FEB-0.5,1,0.01,21,21.0,yes,sell,buy,,,,,2026-02-09T04:37:25.735114Z,Lose
d4846cef-61bb-4f62-e24e-6ad26837e50d,e30118d1-113d-4134-9835-9fe65678ac18,KXMIASNOWM-26FEB-0.1,1,0.01,93,93.0,yes,buy,buy,,akella,,54e9e52f-e709-4723-8c2b-79e261f54100,2026-02-09T04:25:21.59309Z,Lose
27c3c8d6-5c23-6ebe-dc1d-3d00bd5b3fb1,e30118d1-113d-4134-9835-9fe65678ac18,KXMIASNOWM-26FEB-0.1,1,0.01,93,93.0,yes,buy,buy,,,,,2026-02-09T04:23:55.26582Z,Lose
0367597c-bc43-477e-4100-a0f5b27badd1,e30118d1-113d-4134-9835-9fe65678ac18,KXMIASNOWM-26FEB-0.1,1,0.01,467,467.0,yes,buy,buy,,,,,2026-02-09T04:05:02.584871Z,Lose
604ec96a-83d3-7ac2-0c46-0d81fda1a881,e30118d1-113d-4134-9835-9fe65678ac18,KXMIASNOWM-26FEB-0.1,1,0.01,1028,1028.0,yes,buy,buy,,floridaboiienzo,,2b6ed401-c7d6-4a1f-84a5-832db760bccf,2026-02-09T03:58:39.557095Z,Lose
ea00f4e7-cb6f-6816-938a-227ba2904979,e30118d1-113d-4134-9835-9fe65678ac18,KXMIASNOWM-26FEB-0.1,1,0.01,93,93.0,yes,buy,buy,,,,,2026-02-09T03:58:22.964599Z,Lose
41344a50-8c5b-798a-3568-5a750fb93e55,e30118d1-113d-4134-9835-9fe65678ac18,KXMIASNOWM-26FEB-0.1,1,0.01,1870,1870.0,yes,buy,buy,,,,,2026-02-09T03:40:50.679606Z,Lose
efe2ee1a-42e1-4b94-08e4-95c0ffe44f50,ae7e3642-438b-4189-b4a2-136ad80dc66c,KXMIASNOWM-26FEB-0.5,1,0.01,3,3.0,yes,sell,buy,,,,,2026-02-09T03:37:02.576275Z,Lose
61b63b60-b4f6-4206-3c5d-2b502dad3a0f,ae7e3642-438b-4189-b4a2-136ad80dc66c,KXMIASNOWM-26FEB-0.5,1,0.01,1867,1867.0,yes,buy,buy,,,,,2026-02-09T03:37:02.576275Z,Lose
65cb9039-4dff-61c2-f14d-f1eaf2bb3ed5,e30118d1-113d-4134-9835-9fe65678ac18,KXMIASNOWM-26FEB-0.1,1,0.01,93,93.0,yes,buy,buy,,,,,2026-02-09T03:19:06.338583Z,Lose
e2220a20-09c7-627e-4a0e-23e021449e79,e30118d1-113d-4134-9835-9fe65678ac18,KXMIASNOWM-26FEB-0.1,1,0.01,935,935.0,yes,buy,buy,,cross.good,,d0926d00-bf76-4a01-809e-31df2587b4c3,2026-02-09T03:09:37.652724Z,Lose
6b3d3e46-0b5a-7b49-aae9-521a9216279e,e30118d1-113d-4134-9835-9fe65678ac18,KXMIASNOWM-26FEB-0.1,2,0.02,187,187.0,yes,buy,buy,,,,,2026-02-09T02:39:55.45956Z,Lose
2f507efa-4c06-73d2-7083-ffd5aa439477,ae7e3642-438b-4189-b4a2-136ad80dc66c,KXMIASNOWM-26FEB-0.5,1,0.01,935,935.0,yes,buy,buy,,,,,2026-02-09T02:32:32.189117Z,Lose
3a0e73e7-5975-5f0b-5dd0-ac16b480da30,e30118d1-113d-4134-9835-9fe65678ac18,KXMIASNOWM-26FEB-0.1,1,0.01,9,9.0,yes,sell,buy,Wolf13,,adf79c92-6755-4841-9926-8ac8e3ee4e10,,2026-02-09T02:07:07.827303Z,Lose
4a4263f8-6e2a-654a-a57c-cecf0a812dcb,ae7e3642-438b-4189-b4a2-136ad80dc66c,KXMIASNOWM-26FEB-0.5,1,0.01,187,187.0,yes,buy,buy,,,,,2026-02-09T02:02:36.992222Z,Lose
bc4fff1d-bd06-417a-4e40-96e90e250e37,ae7e3642-438b-4189-b4a2-136ad80dc66c,KXMIASNOWM-26FEB-0.5,1,0.01,93,93.0,yes,buy,buy,,,,,2026-02-09T01:38:38.303046Z,Lose
a82bdc02-eb09-72a7-aa0a-10de4211d980,e30118d1-113d-4134-9835-9fe65678ac18,KXMIASNOWM-26FEB-0.1,1,0.01,187,187.0,yes,sell,buy,Wolf13,,adf79c92-6755-4841-9926-8ac8e3ee4e10,,2026-02-09T01:10:04.038195Z,Lose
3962b838-0065-4527-111b-f0afa1ec1074,e30118d1-113d-4134-9835-9fe65678ac18,KXMIASNOWM-26FEB-0.1,1,0.01,100,100.0,yes,sell,buy,Wolf13,,adf79c92-6755-4841-9926-8ac8e3ee4e10,,2026-02-08T22:59:32.452549Z,Lose
21c3c931-72ce-57ee-44f4-0dee0b3e05bb,ae7e3642-438b-4189-b4a2-136ad80dc66c,KXMIASNOWM-26FEB-0.5,1,0.01,41,41.0,yes,buy,buy,,,,,2026-02-08T22:15:10.172028Z,Lose
e8a4f67d-7152-5afe-0694-4ad62fb277ab,ae7e3642-438b-4189-b4a2-136ad80dc66c,KXMIASNOWM-26FEB-0.5,1,0.01,935,935.0,yes,buy,buy,,,,,2026-02-08T21:25:53.79434Z,Lose
5b11ba8c-4fb6-6092-36f1-752afb1a656b,ae7e3642-438b-4189-b4a2-136ad80dc66c,KXMIASNOWM-26FEB-0.5,1,0.01,9,9.0,yes,buy,buy,,fattyshacks808,,696adb93-af4b-a938-e19d-1b414d2250dc,2026-02-08T21:05:42.444308Z,Lose
69b0dca3-db4a-71aa-4527-8246d08246bf,ae7e3642-438b-4189-b4a2-136ad80dc66c,KXMIASNOWM-26FEB-0.5,1,0.01,93,93.0,yes,buy,buy,,Tek.Man,,b49c4a6f-1e82-4873-81b2-45ce349f5566,2026-02-08T20:38:54.666827Z,Lose
3a4a4e28-6067-5bed-6e48-5c15b062d1df,9d6bd5c0-f44b-4972-b116-adb489ae8fed,KXMIASNOWM-26FEB-1.0,1,0.01,93,93.0,yes,buy,buy,,Tek.Man,,b49c4a6f-1e82-4873-81b2-45ce349f5566,2026-02-08T20:29:31.248801Z,Lose
4e6c0e85-d00a-478a-380c-55add4103ac7,ae7e3642-438b-4189-b4a2-136ad80dc66c,KXMIASNOWM-26FEB-0.5,1,0.01,93,93.0,yes,buy,buy,,Tek.Man,,b49c4a6f-1e82-4873-81b2-45ce349f5566,2026-02-08T20:28:16.036484Z,Lose
dd18cb9b-3036-6c81-af70-cf6163404bd6,e30118d1-113d-4134-9835-9fe65678ac18,KXMIASNOWM-26FEB-0.1,2,0.02,70,70.0,yes,buy,buy,,,,,2026-02-08T20:22:34.199493Z,Lose
524decb6-f65a-6ece-4a56-d01f22b9e34f,ae7e3642-438b-4189-b4a2-136ad80dc66c,KXMIASNOWM-26FEB-0.5,1,0.01,187,187.0,yes,buy,buy,,,,,2026-02-08T20:15:52.215201Z,Lose
6c83ec8b-a9e2-7eee-7dc9-7b7cac4150ff,ae7e3642-438b-4189-b4a2-136ad80dc66c,KXMIASNOWM-26FEB-0.5,1,0.01,467,467.0,yes,buy,buy,,,,,2026-02-08T20:09:37.442604Z,Lose
ad14a62a-8df6-71c1-8d67-c95c65a5c0ea,e30118d1-113d-4134-9835-9fe65678ac18,KXMIASNOWM-26FEB-0.1,2,0.02,46,46.0,yes,buy,buy,,,,,2026-02-08T18:34:16.799225Z,Lose
56b31e9e-4022-645d-5a0e-2da61e6d765e,e30118d1-113d-4134-9835-9fe65678ac18,KXMIASNOWM-26FEB-0.1,2,0.02,484,484.0,yes,buy,buy,,,,,2026-02-08T18:27:23.658019Z,Lose
adea2574-3b8f-5bdd-eaa7-67fb6dce954b,9d6bd5c0-f44b-4972-b116-adb489ae8fed,KXMIASNOWM-26FEB-1.0,1,0.01,1870,1870.0,yes,buy,buy,,,,,2026-02-08T16:41:35.44051Z,Lose
43798ceb-abea-7bc1-74b8-67c2547cadfa,e30118d1-113d-4134-9835-9fe65678ac18,KXMIASNOWM-26FEB-0.1,2,0.02,93,93.0,yes,buy,buy,,king.meech,,b2263f40-fe72-4023-9dc3-cef1c8ebf510,2026-02-08T16:32:02.972843Z,Lose
214b0af4-a4ee-4e35-915d-e241cd6a58fe,e30118d1-113d-4134-9835-9fe65678ac18,KXMIASNOWM-26FEB-0.1,2,0.02,93,93.0,yes,buy,buy,,tray.raci,,dc91d33f-8fea-466e-a64c-742b4429f01e,2026-02-08T15:31:54.503589Z,Lose
85a24574-cc2f-7715-7e64-a6b64615c1a3,9d6bd5c0-f44b-4972-b116-adb489ae8fed,KXMIASNOWM-26FEB-1.0,1,0.01,187,187.0,yes,buy,buy,,tray.raci,,dc91d33f-8fea-466e-a64c-742b4429f01e,2026-02-08T15:31:36.853203Z,Lose
ba2f2587-deae-58fe-b8b3-7df34e05736f,ae7e3642-438b-4189-b4a2-136ad80dc66c,KXMIASNOWM-26FEB-0.5,1,0.01,93,93.0,yes,buy,buy,,tray.raci,,dc91d33f-8fea-466e-a64c-742b4429f01e,2026-02-08T15:31:23.638355Z,Lose
5276aa60-9f5a-7a25-8262-762e4455f582,e30118d1-113d-4134-9835-9fe65678ac18,KXMIASNOWM-26FEB-0.1,2,0.02,467,467.0,yes,buy,buy,,,,,2026-02-08T14:46:31.147856Z,Lose
4754e0e8-c976-6749-4918-d886b1e40416,e30118d1-113d-4134-9835-9fe65678ac18,KXMIASNOWM-26FEB-0.1,2,0.02,46,46.0,yes,buy,buy,,,,,2026-02-08T13:44:17.682088Z,Lose
411e908f-0e2a-6849-b90e-e3e652c0210a,e30118d1-113d-4134-9835-9fe65678ac18,KXMIASNOWM-26FEB-0.1,2,0.02,467,467.0,yes,buy,buy,,tripp.skip,,89c5191f-fde7-4ed3-9eb7-0b96f1430f71,2026-02-08T11:28:20.194055Z,Lose
96545d82-1262-539d-1438-49baf0b5144a,e30118d1-113d-4134-9835-9fe65678ac18,KXMIASNOWM-26FEB-0.1,2,0.02,233,233.0,yes,buy,buy,,PlutoszWrld,,35f67df0-9ec6-4181-9fe7-df0a350b8bd7,2026-02-08T09:15:59.601043Z,Lose
8f545686-a99a-6349-cb23-9455d655a8fe,e30118d1-113d-4134-9835-9fe65678ac18,KXMIASNOWM-26FEB-0.1,2,0.02,467,467.0,yes,buy,buy,,Wolf13,,adf79c92-6755-4841-9926-8ac8e3ee4e10,2026-02-08T08:47:35.378324Z,Lose
0f9b6613-549e-77f1-8d45-fff44dc73a22,e30118d1-113d-4134-9835-9fe65678ac18,KXMIASNOWM-26FEB-0.1,2,0.02,233,233.0,yes,buy,buy,,,,,2026-02-08T06:21:55.3148Z,Lose
99ea25d6-e162-64b9-da09-16b2d2ade84e,e30118d1-113d-4134-9835-9fe65678ac18,KXMIASNOWM-26FEB-0.1,2,0.02,33,33.0,yes,buy,buy,,,,,2026-02-08T02:49:09.756795Z,Lose
0ac3bdff-a2ba-5795-c062-cc7ad1be77a6,e30118d1-113d-4134-9835-9fe65678ac18,KXMIASNOWM-26FEB-0.1,2,0.02,26,26.0,yes,buy,buy,,,,,2026-02-08T00:20:28.897453Z,Lose
df27611e-95a6-649d-15bb-272ab83be1bb,ae7e3642-438b-4189-b4a2-136ad80dc66c,KXMIASNOWM-26FEB-0.5,2,0.02,18,18.0,yes,buy,buy,,tacticalvudu,,68a9b146-006c-4b51-85de-d4254aae2659,2026-02-07T23:50:52.791413Z,Lose
608bd265-da1a-62d5-91cf-414ed0f9738e,e30118d1-113d-4134-9835-9fe65678ac18,KXMIASNOWM-26FEB-0.1,2,0.02,46,46.0,yes,buy,buy,,,,,2026-02-07T23:38:39.598571Z,Lose
9ee13056-2922-7839-8281-432cb1fc575e,e30118d1-113d-4134-9835-9fe65678ac18,KXMIASNOWM-26FEB-0.1,2,0.02,46,46.0,yes,buy,buy,,,,,2026-02-07T22:49:29.0507Z,Lose
c71fdd02-f5ca-684d-1142-fbaf7d610822,e30118d1-113d-4134-9835-9fe65678ac18,KXMIASNOWM-26FEB-0.1,2,0.02,5,5.0,yes,buy,buy,,mh87,,4b569895-afef-4117-a09f-39bbaa69fc51,2026-02-07T22:13:57.71783Z,Lose
c4eccf00-ed56-5975-1160-b0d4a3d76ceb,ae7e3642-438b-4189-b4a2-136ad80dc66c,KXMIASNOWM-26FEB-0.5,2,0.02,5,5.0,yes,buy,buy,,mh87,,4b569895-afef-4117-a09f-39bbaa69fc51,2026-02-07T22:13:57.669223Z,Lose
d81539a9-6710-683a-8310-38ff839bf817,9d6bd5c0-f44b-4972-b116-adb489ae8fed,KXMIASNOWM-26FEB-1.0,2,0.02,5,5.0,yes,buy,buy,,mh87,,4b569895-afef-4117-a09f-39bbaa69fc51,2026-02-07T22:13:57.620571Z,Lose
2c7708b7-aec2-6935-b433-283ba4d116da,e30118d1-113d-4134-9835-9fe65678ac18,KXMIASNOWM-26FEB-0.1,2,0.02,46,46.0,yes,buy,buy,,,,,2026-02-07T21:25:48.720379Z,Lose
917a3bcb-9842-66c5-fc0a-ceee65c41f7a,e30118d1-113d-4134-9835-9fe65678ac18,KXMIASNOWM-26FEB-0.1,2,0.02,46,46.0,yes,buy,buy,,,,,2026-02-07T20:56:57.508526Z,Lose
d1de431a-780c-6f1b-a182-918db8097ecd,ae7e3642-438b-4189-b4a2-136ad80dc66c,KXMIASNOWM-26FEB-0.5,1,0.01,79,79.0,no,buy,buy,,,,,2026-02-07T20:46:58.375341Z,Win
3cd776f8-00ec-6ab0-8eca-71bd16574c01,ae7e3642-438b-4189-b4a2-136ad80dc66c,KXMIASNOWM-26FEB-0.5,1,0.01,3,3.0,no,buy,buy,,,,,2026-02-07T20:46:58.375341Z,Win
ad116ceb-a7de-7ef1-44bc-243ff8175d56,e30118d1-113d-4134-9835-9fe65678ac18,KXMIASNOWM-26FEB-0.1,2,0.02,467,467.0,yes,buy,buy,,flow.booth,,bd18213c-b109-41f2-a594-759f5ac1e954,2026-02-07T20:45:57.698712Z,Lose
c6c0ef7e-34ee-6ec1-8ad2-306c6b2bad5e,e30118d1-113d-4134-9835-9fe65678ac18,KXMIASNOWM-26FEB-0.1,2,0.02,46,46.0,yes,buy,buy,,,,,2026-02-07T20:29:31.02141Z,Lose
30c6324f-559e-6fb5-c857-dc0273e7699b,ae7e3642-438b-4189-b4a2-136ad80dc66c,KXMIASNOWM-26FEB-0.5,2,0.02,122,122.0,yes,buy,buy,,,,,2026-02-07T20:09:33.929886Z,Lose
4f17c88c-3da4-6abf-e65a-4dacf16c2fa9,ae7e3642-438b-4189-b4a2-136ad80dc66c,KXMIASNOWM-26FEB-0.5,1,0.01,28,28.0,no,buy,sell,,dommytime,,5c6f4b6a-b9e5-4bf2-ba43-90472582124f,2026-02-07T19:23:40.979583Z,Lose
b18b788e-4dc6-6909-f8f1-2f991b04595e,e30118d1-113d-4134-9835-9fe65678ac18,KXMIASNOWM-26FEB-0.1,2,0.02,46,46.0,yes,buy,buy,,,,,2026-02-07T19:10:18.500263Z,Lose
4bc74d32-aec2-47d5-44ca-b0236959deda,e30118d1-113d-4134-9835-9fe65678ac18,KXMIASNOWM-26FEB-0.1,2,0.02,14,14.0,yes,buy,buy,,,,,2026-02-07T19:03:52.986108Z,Lose
33c86233-d4a8-6e63-4b35-d68abc912089,ae7e3642-438b-4189-b4a2-136ad80dc66c,KXMIASNOWM-26FEB-0.5,1,0.01,93,93.0,no,buy,sell,,tight.fleet,,76a79518-a586-4fb6-9561-7662427fcb2f,2026-02-07T18:24:04.027219Z,Lose
9e99dc47-754e-6611-91f2-9385900096ef,ae7e3642-438b-4189-b4a2-136ad80dc66c,KXMIASNOWM-26FEB-0.5,2,0.02,46,46.0,yes,buy,buy,,,,,2026-02-07T18:01:21.076416Z,Lose
fecfa750-68ea-45b1-bd4e-16cfcce7430e,e30118d1-113d-4134-9835-9fe65678ac18,KXMIASNOWM-26FEB-0.1,2,0.02,46,46.0,yes,buy,buy,,,,,2026-02-07T18:01:05.471421Z,Lose
801df8ff-7098-46ca-1079-13f5899e3743,9d6bd5c0-f44b-4972-b116-adb489ae8fed,KXMIASNOWM-26FEB-1.0,2,0.02,46,46.0,yes,buy,buy,,,,,2026-02-07T18:00:51.184567Z,Lose
6b5b2290-8382-6785-9da5-5e5319818fb6,e30118d1-113d-4134-9835-9fe65678ac18,KXMIASNOWM-26FEB-0.1,2,0.02,233,233.0,yes,buy,buy,,,,,2026-02-07T17:27:15.129289Z,Lose
909f5a92-e382-79e5-0897-25b5a6eca5ea,e30118d1-113d-4134-9835-9fe65678ac18,KXMIASNOWM-26FEB-0.1,2,0.02,93,93.0,yes,buy,buy,,,,,2026-02-07T17:23:33.229264Z,Lose
9c601a5e-84b6-6e3d-4fda-76d1d94907e6,e30118d1-113d-4134-9835-9fe65678ac18,KXMIASNOWM-26FEB-0.1,2,0.02,46,46.0,yes,buy,buy,,,,,2026-02-07T17:14:05.067698Z,Lose
93593ed5-6556-5a4d-94f6-ebb0b70af54b,ae7e3642-438b-4189-b4a2-136ad80dc66c,KXMIASNOWM-26FEB-0.5,2,0.02,501,501.0,yes,buy,buy,,golf.gene,,ca41de5c-4130-42f8-a6cb-e422c30c1f0a,2026-02-07T16:45:39.716666Z,Lose
63817913-226c-5372-9a15-45e366c6456a,ae7e3642-438b-4189-b4a2-136ad80dc66c,KXMIASNOWM-26FEB-0.5,2,0.02,200,200.0,yes,buy,buy,,golf.gene,,ca41de5c-4130-42f8-a6cb-e422c30c1f0a,2026-02-07T16:45:39.716666Z,Lose
a5b6a73a-d781-578d-6258-6f5120e241d2,ae7e3642-438b-4189-b4a2-136ad80dc66c,KXMIASNOWM-26FEB-0.5,1,0.01,187,187.0,yes,buy,buy,,fastwind,,5176292f-fc73-46d2-be88-589d72a27a84,2026-02-07T15:13:08.414803Z,Lose
df0927de-eb75-6ea1-b004-f6d8799df392,ae7e3642-438b-4189-b4a2-136ad80dc66c,KXMIASNOWM-26FEB-0.5,1,0.01,935,935.0,yes,buy,buy,,,,,2026-02-07T14:12:18.254354Z,Lose
e654e20b-6cde-456a-8583-e9b6585f26db,9d6bd5c0-f44b-4972-b116-adb489ae8fed,KXMIASNOWM-26FEB-1.0,1,0.01,93,93.0,yes,buy,buy,,,,,2026-02-07T12:06:51.517005Z,Lose
13c789a2-a59d-666d-65bb-da754e286cc6,ae7e3642-438b-4189-b4a2-136ad80dc66c,KXMIASNOWM-26FEB-0.5,1,0.01,28,28.0,yes,buy,buy,,dommytime,,5c6f4b6a-b9e5-4bf2-ba43-90472582124f,2026-02-07T11:57:18.686157Z,Lose
ea3feec2-7019-608a-b885-2a95306fcafc,e30118d1-113d-4134-9835-9fe65678ac18,KXMIASNOWM-26FEB-0.1,2,0.02,115,115.0,yes,sell,buy,,greasemonkey7,,2ddebb38-dea2-48c5-9408-c658b916d9a5,2026-02-07T08:39:30.640356Z,Lose
9cce5636-15f6-661d-a3e2-816b9f6d90aa,e30118d1-113d-4134-9835-9fe65678ac18,KXMIASNOWM-26FEB-0.1,2,0.02,118,118.0,yes,buy,buy,,greasemonkey7,,2ddebb38-dea2-48c5-9408-c658b916d9a5,2026-02-07T08:39:30.640356Z,Lose
83afddaf-03da-7f7a-0c77-63c43969f6f3,9d6bd5c0-f44b-4972-b116-adb489ae8fed,KXMIASNOWM-26FEB-1.0,1,0.01,93,93.0,yes,buy,buy,,cardibree,,ffe69125-046a-40f7-bc24-1254d064ab66,2026-02-07T08:21:27.697874Z,Lose
1d765ec1-b0dd-7259-06fc-d0acd437488e,ae7e3642-438b-4189-b4a2-136ad80dc66c,KXMIASNOWM-26FEB-0.5,1,0.01,187,187.0,yes,buy,buy,,cardibree,,ffe69125-046a-40f7-bc24-1254d064ab66,2026-02-07T08:21:13.33119Z,Lose
185c28ef-450d-6c66-ad20-71be34fdac78,e30118d1-113d-4134-9835-9fe65678ac18,KXMIASNOWM-26FEB-0.1,2,0.02,93,93.0,yes,sell,buy,,cardibree,,ffe69125-046a-40f7-bc24-1254d064ab66,2026-02-07T08:20:58.412428Z,Lose
30c33928-3ded-7072-8420-0e0f63799608,e30118d1-113d-4134-9835-9fe65678ac18,KXMIASNOWM-26FEB-0.1,2,0.02,140,140.0,yes,sell,buy,,,,,2026-02-07T07:20:17.512312Z,Lose
556b1115-257d-6d19-e6b5-226fff55f8a6,ae7e3642-438b-4189-b4a2-136ad80dc66c,KXMIASNOWM-26FEB-0.5,1,0.01,93,93.0,yes,buy,buy,,,,,2026-02-07T06:43:49.85034Z,Lose
b678db4d-d7f1-63ea-5675-579c8a28e3fc,e30118d1-113d-4134-9835-9fe65678ac18,KXMIASNOWM-26FEB-0.1,2,0.02,140,140.0,yes,sell,buy,,,,,2026-02-07T06:41:28.50477Z,Lose
0418104e-0e36-75de-596f-865b2c540f23,9d6bd5c0-f44b-4972-b116-adb489ae8fed,KXMIASNOWM-26FEB-1.0,1,0.01,93,93.0,yes,buy,buy,,,,,2026-02-07T06:41:10.901772Z,Lose
0ffcb4f0-1215-7749-808f-c13afd80ba12,ae7e3642-438b-4189-b4a2-136ad80dc66c,KXMIASNOWM-26FEB-0.5,1,0.01,93,93.0,yes,buy,buy,,,,,2026-02-07T06:40:58.285242Z,Lose
043425ae-35da-5572-f154-2f034ee146fb,9d6bd5c0-f44b-4972-b116-adb489ae8fed,KXMIASNOWM-26FEB-1.0,1,0.01,187,187.0,yes,buy,buy,,cardibree,,ffe69125-046a-40f7-bc24-1254d064ab66,2026-02-07T05:27:49.88493Z,Lose
2c7fd64b-7e45-4ce9-3a3e-923c558f584e,ae7e3642-438b-4189-b4a2-136ad80dc66c,KXMIASNOWM-26FEB-0.5,1,0.01,187,187.0,yes,buy,buy,,cardibree,,ffe69125-046a-40f7-bc24-1254d064ab66,2026-02-07T05:27:37.889228Z,Lose
1b911ba1-0391-595a-f5ec-db71b3322524,e30118d1-113d-4134-9835-9fe65678ac18,KXMIASNOWM-26FEB-0.1,2,0.02,186,186.0,yes,sell,buy,,,,,2026-02-07T05:16:12.229987Z,Lose
9e048d24-8c3e-4c76-a658-3db2756e2cbf,9d6bd5c0-f44b-4972-b116-adb489ae8fed,KXMIASNOWM-26FEB-1.0,1,0.01,467,467.0,yes,buy,buy,,,,,2026-02-07T04:20:23.835196Z,Lose
858b8bd0-149d-4812-b3c3-f083d7807bd8,e30118d1-113d-4134-9835-9fe65678ac18,KXMIASNOWM-26FEB-0.1,2,0.02,46,46.0,yes,sell,buy,,,,,2026-02-07T02:56:11.196916Z,Lose
7b036048-8015-5bee-5e62-1171b100fa6c,e30118d1-113d-4134-9835-9fe65678ac18,KXMIASNOWM-26FEB-0.1,2,0.02,233,233.0,yes,sell,buy,,,,,2026-02-07T02:11:52.578351Z,Lose
6288371f-11d5-5dd1-bcea-0e076e0d6d4e,ae7e3642-438b-4189-b4a2-136ad80dc66c,KXMIASNOWM-26FEB-0.5,1,0.01,467,467.0,yes,buy,buy,,,,,2026-02-07T01:46:53.001499Z,Lose
6a903a7a-1afd-72c1-2aa5-d163ead6ab2e,ae7e3642-438b-4189-b4a2-136ad80dc66c,KXMIASNOWM-26FEB-0.5,1,0.01,467,467.0,yes,buy,buy,,,,,2026-02-07T01:46:26.579915Z,Lose
49bd57c9-ec6d-7816-bf23-21f670f59c14,e30118d1-113d-4134-9835-9fe65678ac18,KXMIASNOWM-26FEB-0.1,2,0.02,46,46.0,yes,sell,buy,,cardibree,,ffe69125-046a-40f7-bc24-1254d064ab66,2026-02-07T00:43:13.387279Z,Lose
51eba542-8dfa-5a7a-08ef-bbe4cbe9519b,9d6bd5c0-f44b-4972-b116-adb489ae8fed,KXMIASNOWM-26FEB-1.0,1,0.01,93,93.0,yes,buy,buy,,steep.wake,,7478757c-c2c4-4cc2-afba-b6ad93b54000,2026-02-07T00:39:52.134284Z,Lose
40a1501d-eb8e-4d08-747e-2cd2fe5aba34,e30118d1-113d-4134-9835-9fe65678ac18,KXMIASNOWM-26FEB-0.1,2,0.02,45,45.0,yes,buy,buy,,steep.wake,,7478757c-c2c4-4cc2-afba-b6ad93b54000,2026-02-07T00:38:24.522099Z,Lose
0477ab46-c865-4416-407f-e9bc73740110,e30118d1-113d-4134-9835-9fe65678ac18,KXMIASNOWM-26FEB-0.1,2,0.02,1,1.0,yes,sell,buy,,steep.wake,,7478757c-c2c4-4cc2-afba-b6ad93b54000,2026-02-07T00:38:24.522099Z,Lose
8c126e02-f49e-48d6-2a24-9c7230543577,9d6bd5c0-f44b-4972-b116-adb489ae8fed,KXMIASNOWM-26FEB-1.0,1,0.01,46,46.0,yes,buy,buy,,,,,2026-02-07T00:33:17.171173Z,Lose
929b79d9-f7fa-6908-eeff-39eaf653d988,e30118d1-113d-4134-9835-9fe65678ac18,KXMIASNOWM-26FEB-0.1,2,0.02,935,935.0,yes,buy,buy,,mamaof3,,6e5b2d05-1da6-4249-928d-9d12192cb3a7,2026-02-07T00:14:44.844Z,Lose
8ec128c1-93b6-531c-ed02-686772383e78,e30118d1-113d-4134-9835-9fe65678ac18,KXMIASNOWM-26FEB-0.1,2,0.02,100,100.0,yes,buy,buy,,,,,2026-02-06T23:58:34.362608Z,Lose
d896b3aa-b182-7050-2b16-89863fe298fc,e30118d1-113d-4134-9835-9fe65678ac18,KXMIASNOWM-26FEB-0.1,2,0.02,93,93.0,yes,buy,buy,,cheap.sim,,86720f8e-2c9b-4f5f-8a9d-8a45f5066eee,2026-02-06T23:33:41.980661Z,Lose
e643da12-0f39-60b5-515e-890ac03f3abe,ae7e3642-438b-4189-b4a2-136ad80dc66c,KXMIASNOWM-26FEB-0.5,1,0.01,140,140.0,yes,buy,buy,,,,,2026-02-06T23:32:15.118177Z,Lose
02c2f899-c4ba-6460-ae38-cb771d871dc0,e30118d1-113d-4134-9835-9fe65678ac18,KXMIASNOWM-26FEB-0.1,2,0.02,935,935.0,yes,buy,buy,,,,,2026-02-06T22:53:10.442199Z,Lose
916daec1-7ab1-577d-f548-4c19db99631e,ae7e3642-438b-4189-b4a2-136ad80dc66c,KXMIASNOWM-26FEB-0.5,1,0.01,9,9.0,yes,buy,buy,,,,,2026-02-06T21:15:57.005687Z,Lose
b80456af-3b0b-4074-4dde-f05a0f2f2260,ae7e3642-438b-4189-b4a2-136ad80dc66c,KXMIASNOWM-26FEB-0.5,1,0.01,3815,3815.0,yes,buy,buy,,anzar,,83521666-e47c-4dc7-843f-a8d0055f4905,2026-02-06T18:52:04.494179Z,Lose
62172361-e055-435d-653c-ab1d06aad89e,ae7e3642-438b-4189-b4a2-136ad80dc66c,KXMIASNOWM-26FEB-0.5,1,0.01,860,860.0,yes,buy,buy,,anzar,,83521666-e47c-4dc7-843f-a8d0055f4905,2026-02-06T18:52:04.494179Z,Lose
8ee32db5-4e0f-71f8-69ab-bff57f90532c,ae7e3642-438b-4189-b4a2-136ad80dc66c,KXMIASNOWM-26FEB-0.5,1,0.01,467,467.0,yes,buy,buy,,,,,2026-02-06T18:37:42.956866Z,Lose
0986c116-ed03-6d4c-9ba4-4bf4fcc0d4d8,ae7e3642-438b-4189-b4a2-136ad80dc66c,KXMIASNOWM-26FEB-0.5,1,0.01,19,19.0,yes,buy,buy,,,,,2026-02-06T18:13:31.413996Z,Lose
11c01816-2fca-68f4-1138-358696cd6674,e30118d1-113d-4134-9835-9fe65678ac18,KXMIASNOWM-26FEB-0.1,2,0.02,467,467.0,yes,buy,buy,,,,,2026-02-06T17:10:11.216671Z,Lose
1b2ed90c-b4bb-4f74-3aa5-47761688d4ec,ae7e3642-438b-4189-b4a2-136ad80dc66c,KXMIASNOWM-26FEB-0.5,1,0.01,93,93.0,yes,buy,buy,,,,,2026-02-06T16:51:30.021455Z,Lose
c7f29f59-3adb-5471-8e22-e600e28a2b81,e30118d1-113d-4134-9835-9fe65678ac18,KXMIASNOWM-26FEB-0.1,1,0.01,3,3.0,no,buy,sell,,,,,2026-02-06T16:44:49.163855Z,Lose
b620b09f-2ffc-5ebb-82db-b363dcc47c6a,e30118d1-113d-4134-9835-9fe65678ac18,KXMIASNOWM-26FEB-0.1,1,0.01,10,10.0,no,buy,sell,,,,,2026-02-06T16:44:49.163855Z,Lose
751dfeac-a03f-5b33-ace4-d8bfaab63691,e30118d1-113d-4134-9835-9fe65678ac18,KXMIASNOWM-26FEB-0.1,1,0.01,70,70.0,no,buy,sell,,,,,2026-02-06T16:44:49.163855Z,Lose
a47ca1bd-6d2a-498c-bf55-baa44003a81c,e30118d1-113d-4134-9835-9fe65678ac18,KXMIASNOWM-26FEB-0.1,2,0.02,18,18.0,yes,buy,buy,,ilovemoney420,,70a86cc0-1e45-47ac-92b8-e28fd11a0389,2026-02-06T16:22:28.20929Z,Lose
def21a2b-3506-5f14-a513-555bf5da7844,e30118d1-113d-4134-9835-9fe65678ac18,KXMIASNOWM-26FEB-0.1,2,0.02,407,407.0,yes,buy,buy,,,,,2026-02-06T16:15:27.607618Z,Lose
6128407b-bc8b-5bbe-b0bb-d0de7d4d523f,e30118d1-113d-4134-9835-9fe65678ac18,KXMIASNOWM-26FEB-0.1,2,0.02,60,60.0,yes,buy,buy,,,,,2026-02-06T16:15:27.607618Z,Lose
5b9dd81b-d4d3-4dac-cce0-beaf82bceab4,ae7e3642-438b-4189-b4a2-136ad80dc66c,KXMIASNOWM-26FEB-0.5,1,0.01,187,187.0,yes,buy,buy,,tacticalvudu,,68a9b146-006c-4b51-85de-d4254aae2659,2026-02-06T16:11:24.228204Z,Lose
31c0754a-127f-7566-6db7-5d377383cc5f,e30118d1-113d-4134-9835-9fe65678ac18,KXMIASNOWM-26FEB-0.1,2,0.02,93,93.0,yes,buy,buy,,tacticalvudu,,68a9b146-006c-4b51-85de-d4254aae2659,2026-02-06T16:10:57.012394Z,Lose
93aeec76-08d7-480c-6cf0-c9db6484ee54,ae7e3642-438b-4189-b4a2-136ad80dc66c,KXMIASNOWM-26FEB-0.5,1,0.01,93,93.0,yes,buy,buy,,,,,2026-02-06T15:36:16.618003Z,Lose
67bd9a8c-e8b3-7176-71a5-8e5e17f74953,e30118d1-113d-4134-9835-9fe65678ac18,KXMIASNOWM-26FEB-0.1,2,0.02,701,701.0,yes,buy,buy,,,,,2026-02-06T14:33:23.423909Z,Lose
856301f4-663b-5a12-3bbd-bdba53e1584f,e30118d1-113d-4134-9835-9fe65678ac18,KXMIASNOWM-26FEB-0.1,2,0.02,93,93.0,yes,buy,buy,,,,,2026-02-06T12:23:39.908592Z,Lose
1ccc9db4-5b87-7c44-f463-9cd0c549e11c,ae7e3642-438b-4189-b4a2-136ad80dc66c,KXMIASNOWM-26FEB-0.5,1,0.01,50,50.0,yes,buy,buy,,,,,2026-02-06T11:21:26.164793Z,Lose
01235e20-d1ff-6576-60c2-32e6a0bdfe3f,e30118d1-113d-4134-9835-9fe65678ac18,KXMIASNOWM-26FEB-0.1,2,0.02,37,37.0,yes,buy,buy,,,,,2026-02-06T10:18:12.489134Z,Lose
60de2e46-eafa-4ff6-b663-73b6634710eb,9d6bd5c0-f44b-4972-b116-adb489ae8fed,KXMIASNOWM-26FEB-1.0,1,0.01,18,18.0,yes,buy,buy,,,,,2026-02-06T10:17:34.955288Z,Lose
20b1a3a6-02a3-55cc-dc5c-c73f70d3acfc,ae7e3642-438b-4189-b4a2-136ad80dc66c,KXMIASNOWM-26FEB-0.5,1,0.01,28,28.0,yes,buy,buy,,,,,2026-02-06T10:16:59.383699Z,Lose
2f20504f-971b-5ab6-4116-a79c43490e23,e30118d1-113d-4134-9835-9fe65678ac18,KXMIASNOWM-26FEB-0.1,2,0.02,37,37.0,yes,buy,buy,,cardibree,,ffe69125-046a-40f7-bc24-1254d064ab66,2026-02-06T10:14:18.911429Z,Lose
f2020b16-edf7-7682-9d38-6dc8ab89ba1b,e30118d1-113d-4134-9835-9fe65678ac18,KXMIASNOWM-26FEB-0.1,2,0.02,93,93.0,yes,buy,buy,,,,,2026-02-06T10:12:11.029623Z,Lose
add41353-32cb-636e-d3ef-e6be421ab203,e30118d1-113d-4134-9835-9fe65678ac18,KXMIASNOWM-26FEB-0.1,2,0.02,4,4.0,yes,buy,buy,,theprincess,,b7159c13-e1f1-433d-8541-47175c14dec1,2026-02-06T10:10:59.529236Z,Lose
c62d1474-95bb-6a38-cfa1-2ac155ed49c4,ae7e3642-438b-4189-b4a2-136ad80dc66c,KXMIASNOWM-26FEB-0.5,1,0.01,93,93.0,yes,buy,buy,,health.sand,,4328df0a-babf-42d3-bbe2-f09bf26e88b1,2026-02-06T08:55:12.348926Z,Lose
547af172-b2d3-4236-88f5-41f0b126844b,e30118d1-113d-4134-9835-9fe65678ac18,KXMIASNOWM-26FEB-0.1,2,0.02,467,467.0,yes,buy,buy,,,,,2026-02-06T08:49:20.87261Z,Lose
ae5d65fa-ade3-4118-1534-a38aa3cb7ec8,ae7e3642-438b-4189-b4a2-136ad80dc66c,KXMIASNOWM-26FEB-0.5,1,0.01,467,467.0,yes,buy,buy,,fattyshacks808,,696adb93-af4b-a938-e19d-1b414d2250dc,2026-02-06T08:13:46.775872Z,Lose
cc6ae499-8b8b-7d7a-78b1-50e1daa21597,e30118d1-113d-4134-9835-9fe65678ac18,KXMIASNOWM-26FEB-0.1,2,0.02,46,46.0,yes,buy,buy,,,,,2026-02-06T07:58:27.324411Z,Lose
a7653c71-9a77-5818-e79f-db502ba72448,ae7e3642-438b-4189-b4a2-136ad80dc66c,KXMIASNOWM-26FEB-0.5,1,0.01,9,9.0,yes,buy,buy,,,,,2026-02-06T07:54:11.020752Z,Lose
3b877c6b-36a3-4d8e-4933-7fc41567638f,e30118d1-113d-4134-9835-9fe65678ac18,KXMIASNOWM-26FEB-0.1,2,0.02,46,46.0,yes,buy,buy,,,,,2026-02-06T06:20:39.133002Z,Lose
461dc833-78e7-531a-179b-fe8734a7b24b,e30118d1-113d-4134-9835-9fe65678ac18,KXMIASNOWM-26FEB-0.1,2,0.02,187,187.0,yes,buy,buy,,,,,2026-02-06T06:19:02.919701Z,Lose
5a795d9d-863f-54a6-138c-f95776a2cf6f,e30118d1-113d-4134-9835-9fe65678ac18,KXMIASNOWM-26FEB-0.1,2,0.02,233,233.0,yes,buy,buy,,,,,2026-02-06T06:18:05.665624Z,Lose
b75dfe81-655e-6cb2-1d1e-f05e88043f89,e30118d1-113d-4134-9835-9fe65678ac18,KXMIASNOWM-26FEB-0.1,1,0.01,238,238.0,yes,buy,buy,,,,,2026-02-06T06:17:05.846858Z,Lose
b07a9ed3-67cb-6a86-3f36-6ccee6698a23,e30118d1-113d-4134-9835-9fe65678ac18,KXMIASNOWM-26FEB-0.1,2,0.02,127,127.0,yes,buy,buy,,,,,2026-02-06T06:17:05.846858Z,Lose
c91efe84-1482-6862-368f-bca6e5e1de7d,e30118d1-113d-4134-9835-9fe65678ac18,KXMIASNOWM-26FEB-0.1,1,0.01,187,187.0,yes,buy,buy,,,,,2026-02-06T06:03:32.311948Z,Lose
9ed4f144-7b12-695e-7cc1-300eedce6fc9,e30118d1-113d-4134-9835-9fe65678ac18,KXMIASNOWM-26FEB-0.1,1,0.01,467,467.0,yes,buy,buy,,,,,2026-02-06T06:02:55.670744Z,Lose
f5b94abf-67e3-7420-02ac-10a1d2053518,ae7e3642-438b-4189-b4a2-136ad80dc66c,KXMIASNOWM-26FEB-0.5,1,0.01,93,93.0,yes,buy,buy,,,,,2026-02-06T05:08:54.762255Z,Lose
b589312c-4e92-6b62-1d01-7b2fd4972a19,e30118d1-113d-4134-9835-9fe65678ac18,KXMIASNOWM-26FEB-0.1,1,0.01,187,187.0,yes,buy,buy,,,,,2026-02-06T05:03:07.649221Z,Lose
47469357-7376-7072-a4dd-cae7bada6b61,e30118d1-113d-4134-9835-9fe65678ac18,KXMIASNOWM-26FEB-0.1,1,0.01,374,374.0,yes,buy,buy,,,,,2026-02-06T03:22:46.467811Z,Lose
ca48070a-fd92-7b0e-8bd7-23e2a5a83b55,e30118d1-113d-4134-9835-9fe65678ac18,KXMIASNOWM-26FEB-0.1,1,0.01,93,93.0,yes,buy,buy,,,,,2026-02-06T03:08:49.272995Z,Lose
79d02108-4d8a-598e-fff8-0fe7870e032d,e30118d1-113d-4134-9835-9fe65678ac18,KXMIASNOWM-26FEB-0.1,1,0.01,654,654.0,yes,buy,buy,,luvkyN9,,b57db749-351e-4092-af27-6ebfdd1a6edd,2026-02-06T02:21:58.454387Z,Lose
f0102c94-224f-5bea-6c75-417c608b76df,e30118d1-113d-4134-9835-9fe65678ac18,KXMIASNOWM-26FEB-0.1,2,0.02,46,46.0,yes,buy,buy,,keas,,82bb42d6-156a-4043-8c0a-ac7f1d114a76,2026-02-06T02:03:33.622823Z,Lose
d9993628-ef73-7676-d8c6-d4fb7090e5db,e30118d1-113d-4134-9835-9fe65678ac18,KXMIASNOWM-26FEB-0.1,2,0.02,140,140.0,yes,buy,buy,,,,,2026-02-06T01:35:23.983093Z,Lose
52bd14f0-5f6b-77c6-2ab8-2f0c757e7647,e30118d1-113d-4134-9835-9fe65678ac18,KXMIASNOWM-26FEB-0.1,2,0.02,226,226.0,yes,buy,buy,,stretch.nutz,,80bfe1fb-71a5-414a-8c07-afa505f71c0c,2026-02-06T01:34:35.396906Z,Lose
74c296e9-e657-444e-e952-846ced082b7b,e30118d1-113d-4134-9835-9fe65678ac18,KXMIASNOWM-26FEB-0.1,2,0.02,192,192.0,yes,buy,buy,,stretch.nutz,,80bfe1fb-71a5-414a-8c07-afa505f71c0c,2026-02-06T01:34:17.17602Z,Lose
659c11d7-7afd-4705-dd0e-8b74d7613d3e,e30118d1-113d-4134-9835-9fe65678ac18,KXMIASNOWM-26FEB-0.1,1,0.01,83,83.0,yes,buy,buy,,stretch.nutz,,80bfe1fb-71a5-414a-8c07-afa505f71c0c,2026-02-06T01:34:17.17602Z,Lose
3b22215a-34a9-4d01-be0c-ec373572c1a2,e30118d1-113d-4134-9835-9fe65678ac18,KXMIASNOWM-26FEB-0.1,1,0.01,12,12.0,yes,buy,buy,,dix.sucka,,35ef5372-46eb-4f37-8623-0e46bc42e154,2026-02-06T00:48:58.189125Z,Lose
62ba2409-83d9-53a1-9b54-c0579b85fd82,e30118d1-113d-4134-9835-9fe65678ac18,KXMIASNOWM-26FEB-0.1,1,0.01,467,467.0,yes,buy,buy,,rat.crash,,725cc5d3-c8d9-4591-b141-ab55b942426d,2026-02-06T00:28:12.995529Z,Lose
d17fbe80-0f5d-4d05-30ef-fe35675f05ca,e30118d1-113d-4134-9835-9fe65678ac18,KXMIASNOWM-26FEB-0.1,1,0.01,187,187.0,yes,buy,buy,,rat.crash,,725cc5d3-c8d9-4591-b141-ab55b942426d,2026-02-06T00:00:25.946762Z,Lose
265126eb-818d-7ba5-4a1b-ba659ddb5c66,e30118d1-113d-4134-9835-9fe65678ac18,KXMIASNOWM-26FEB-0.1,1,0.01,2805,2805.0,yes,buy,buy,,,,,2026-02-05T23:34:48.19177Z,Lose
411b99a7-7277-46b0-90eb-0beed795e070,ae7e3642-438b-4189-b4a2-136ad80dc66c,KXMIASNOWM-26FEB-0.5,1,0.01,467,467.0,yes,buy,buy,,,,,2026-02-05T23:17:59.085288Z,Lose
34a257b0-74b9-7f09-2d1a-4bb54a47e706,e30118d1-113d-4134-9835-9fe65678ac18,KXMIASNOWM-26FEB-0.1,1,0.01,187,187.0,yes,buy,buy,,,,,2026-02-05T22:40:33.860887Z,Lose
14aa6180-2fee-75e6-468f-2c37e97187e7,9d6bd5c0-f44b-4972-b116-adb489ae8fed,KXMIASNOWM-26FEB-1.0,1,0.01,93,93.0,yes,buy,buy,,,,,2026-02-05T22:32:00.346503Z,Lose
eab1b6b8-be67-6c78-7a14-6a5686a805dc,ae7e3642-438b-4189-b4a2-136ad80dc66c,KXMIASNOWM-26FEB-0.5,1,0.01,93,93.0,yes,buy,buy,,,,,2026-02-05T22:31:50.182968Z,Lose
6e8625ac-af91-7225-e999-f4fc4fca1d66,e30118d1-113d-4134-9835-9fe65678ac18,KXMIASNOWM-26FEB-0.1,1,0.01,93,93.0,yes,buy,buy,,,,,2026-02-05T22:31:39.12957Z,Lose
92c7f6ae-6061-645d-6de5-0e8487210782,e30118d1-113d-4134-9835-9fe65678ac18,KXMIASNOWM-26FEB-0.1,1,0.01,166,166.0,yes,buy,buy,,,,,2026-02-05T20:36:23.48312Z,Lose
a0392c46-9943-4e00-b1c1-bf047bdfab28,ae7e3642-438b-4189-b4a2-136ad80dc66c,KXMIASNOWM-26FEB-0.5,1,0.01,467,467.0,yes,buy,buy,,,,,2026-02-05T20:14:36.881668Z,Lose
25de34a4-a7c3-76be-7d7d-9d93810c7ae3,e30118d1-113d-4134-9835-9fe65678ac18,KXMIASNOWM-26FEB-0.1,2,0.02,467,467.0,yes,buy,buy,,,,,2026-02-05T19:55:42.447152Z,Lose
bb93ff61-b74f-7fb2-9f23-9972be275937,e30118d1-113d-4134-9835-9fe65678ac18,KXMIASNOWM-26FEB-0.1,2,0.02,1573,1573.0,yes,buy,buy,,plain.love,,be534130-b954-48eb-bd1b-23c79ef38769,2026-02-05T19:28:36.472943Z,Lose
428b4004-45e7-7698-a002-ea97739fe2c0,e30118d1-113d-4134-9835-9fe65678ac18,KXMIASNOWM-26FEB-0.1,1,0.01,1531,1531.0,yes,buy,buy,,plain.love,,be534130-b954-48eb-bd1b-23c79ef38769,2026-02-05T19:28:36.472943Z,Lose
27d70985-16e3-68b0-8e5f-a5757a024b40,e30118d1-113d-4134-9835-9fe65678ac18,KXMIASNOWM-26FEB-0.1,1,0.01,187,187.0,yes,buy,buy,,,,,2026-02-05T18:12:56.897679Z,Lose
df4e8089-ffb7-47c4-50ed-bfc7d52ca2d0,e30118d1-113d-4134-9835-9fe65678ac18,KXMIASNOWM-26FEB-0.1,1,0.01,19,19.0,yes,buy,buy,,,,,2026-02-05T17:13:44.972543Z,Lose
05049312-6d7a-7c16-dec6-98acf5c09947,9d6bd5c0-f44b-4972-b116-adb489ae8fed,KXMIASNOWM-26FEB-1.0,1,0.01,93,93.0,yes,buy,buy,,,,,2026-02-05T16:54:56.04609Z,Lose
8a546bf4-28b7-6ac4-3d03-dcc34b08d228,ae7e3642-438b-4189-b4a2-136ad80dc66c,KXMIASNOWM-26FEB-0.5,1,0.01,93,93.0,yes,buy,buy,,,,,2026-02-05T16:54:47.725539Z,Lose
534d16cf-9173-6000-ab4e-d2495c4b3e00,e30118d1-113d-4134-9835-9fe65678ac18,KXMIASNOWM-26FEB-0.1,1,0.01,93,93.0,yes,buy,buy,,,,,2026-02-05T16:54:39.23342Z,Lose
9dc3232e-f88f-7d08-58bc-37e612d41aa0,ae7e3642-438b-4189-b4a2-136ad80dc66c,KXMIASNOWM-26FEB-0.5,1,0.01,280,280.0,yes,buy,buy,,,,,2026-02-05T16:31:51.582448Z,Lose
cea4475d-2577-5cd0-eb07-66cb81f0e4e4,e30118d1-113d-4134-9835-9fe65678ac18,KXMIASNOWM-26FEB-0.1,1,0.01,467,467.0,yes,buy,buy,,,,,2026-02-05T16:31:42.213288Z,Lose
7ae8ea75-7d93-65c4-0a5b-afda710a4a1c,e30118d1-113d-4134-9835-9fe65678ac18,KXMIASNOWM-26FEB-0.1,1,0.01,16,16.0,yes,buy,buy,,,,,2026-02-05T07:42:06.353359Z,Lose
034db542-a56b-7cb4-e044-a89a10f2269c,ae7e3642-438b-4189-b4a2-136ad80dc66c,KXMIASNOWM-26FEB-0.5,1,0.01,93,93.0,yes,buy,buy,,tight.fleet,,76a79518-a586-4fb6-9561-7662427fcb2f,2026-02-05T04:21:09.627573Z,Lose
815f7fdf-60bb-4e8c-a753-5fee3b847ab8,ae7e3642-438b-4189-b4a2-136ad80dc66c,KXMIASNOWM-26FEB-0.5,1,0.01,93,93.0,yes,buy,buy,,,,,2026-02-05T04:06:20.309586Z,Lose
e372f908-c137-431c-193d-8f71bf052764,e30118d1-113d-4134-9835-9fe65678ac18,KXMIASNOWM-26FEB-0.1,1,0.01,187,187.0,yes,buy,buy,,,,,2026-02-05T04:05:25.902592Z,Lose
befed300-ecdf-65d6-37c9-8312d20465fb,e30118d1-113d-4134-9835-9fe65678ac18,KXMIASNOWM-26FEB-0.1,2,0.02,46,46.0,yes,buy,buy,,,,,2026-02-05T03:27:54.12443Z,Lose
ad2d6f47-9288-6f8e-ad86-3db20564167b,e30118d1-113d-4134-9835-9fe65678ac18,KXMIASNOWM-26FEB-0.1,1,0.01,93,93.0,yes,buy,buy,,,,,2026-02-05T00:00:15.762274Z,Lose
77eea5ed-a8fa-76e7-bcfd-db52cc6f90c0,9d6bd5c0-f44b-4972-b116-adb489ae8fed,KXMIASNOWM-26FEB-1.0,1,0.01,46,46.0,yes,buy,buy,,pool.slice,,a4f857b2-4a65-474f-a97d-f3d1b4a3aaab,2026-02-04T23:00:22.942234Z,Lose
657c7074-4a79-570f-5c3b-bd351b914725,ae7e3642-438b-4189-b4a2-136ad80dc66c,KXMIASNOWM-26FEB-0.5,1,0.01,46,46.0,yes,buy,buy,,pool.slice,,a4f857b2-4a65-474f-a97d-f3d1b4a3aaab,2026-02-04T23:00:10.288067Z,Lose
3a7b3fae-d334-6d62-98a0-c303d57ec6ff,e30118d1-113d-4134-9835-9fe65678ac18,KXMIASNOWM-26FEB-0.1,1,0.01,46,46.0,yes,buy,buy,,pool.slice,,a4f857b2-4a65-474f-a97d-f3d1b4a3aaab,2026-02-04T22:59:52.787327Z,Lose
d178b7ad-9f8c-4cd6-da54-eb5c1ae511a3,e30118d1-113d-4134-9835-9fe65678ac18,KXMIASNOWM-26FEB-0.1,1,0.01,9,9.0,yes,buy,buy,,evanlopata,,2bf32afb-3224-4e1d-9bce-ce08fa797377,2026-02-04T22:51:27.48824Z,Lose
fd545049-1f4c-666e-422b-cc4dd3d99b7f,e30118d1-113d-4134-9835-9fe65678ac18,KXMIASNOWM-26FEB-0.1,1,0.01,168,168.0,yes,buy,buy,,,,,2026-02-04T22:39:09.316161Z,Lose
2729810d-900c-6c3a-2b57-36650a1d296f,e30118d1-113d-4134-9835-9fe65678ac18,KXMIASNOWM-26FEB-0.1,1,0.01,93,93.0,yes,buy,buy,,,,,2026-02-04T22:06:31.530593Z,Lose
302856cf-3201-6ce7-c261-53b4146ccc81,ae7e3642-438b-4189-b4a2-136ad80dc66c,KXMIASNOWM-26FEB-0.5,1,0.01,93,93.0,yes,buy,buy,,,,,2026-02-04T20:08:21.592182Z,Lose
6c17532c-59ef-6cb4-524d-c47279b99592,e30118d1-113d-4134-9835-9fe65678ac18,KXMIASNOWM-26FEB-0.1,1,0.01,93,93.0,yes,buy,buy,,,,,2026-02-04T19:17:16.110243Z,Lose
397a832c-a4a3-4e38-c167-bc9d9c309f0a,e30118d1-113d-4134-9835-9fe65678ac18,KXMIASNOWM-26FEB-0.1,1,0.01,93,93.0,yes,buy,buy,,Christina.turner,,dc4c53b3-9cdf-4748-b1d8-3a5b300731a9,2026-02-04T18:08:50.823352Z,Lose
5d5f0ffa-25c3-6a84-dbe4-734a04dfd98a,e30118d1-113d-4134-9835-9fe65678ac18,KXMIASNOWM-26FEB-0.1,1,0.01,2337,2337.0,yes,buy,buy,,,,,2026-02-04T17:51:21.377211Z,Lose
42a104d3-794b-6fec-43ab-e87195a7e512,e30118d1-113d-4134-9835-9fe65678ac18,KXMIASNOWM-26FEB-0.1,1,0.01,44,44.0,yes,buy,buy,,awsmazing1,,cfaa6bf4-c5a6-43df-a8d0-a84fd1da37be,2026-02-04T17:10:19.040709Z,Lose
e7a76050-e6ef-51c0-d0a8-0e5a1f1fda1e,e30118d1-113d-4134-9835-9fe65678ac18,KXMIASNOWM-26FEB-0.1,1,0.01,467,467.0,yes,buy,buy,,,,,2026-02-04T17:03:51.984451Z,Lose
d52a1dbd-1d61-7a9b-6c03-a85a858f2f49,ae7e3642-438b-4189-b4a2-136ad80dc66c,KXMIASNOWM-26FEB-0.5,1,0.01,79,79.0,yes,buy,buy,,,,,2026-02-04T15:36:12.320019Z,Lose
750c9366-f5ef-7794-7e24-3bc8977705a6,e30118d1-113d-4134-9835-9fe65678ac18,KXMIASNOWM-26FEB-0.1,1,0.01,187,187.0,yes,buy,buy,,,,,2026-02-04T13:59:33.145036Z,Lose
ae2c4faa-173d-593f-1ec8-f58630de190d,ae7e3642-438b-4189-b4a2-136ad80dc66c,KXMIASNOWM-26FEB-0.5,1,0.01,187,187.0,yes,buy,buy,,,,,2026-02-04T08:04:06.870319Z,Lose
1a4616bf-11c3-59e8-1401-aaf03be487ae,e30118d1-113d-4134-9835-9fe65678ac18,KXMIASNOWM-26FEB-0.1,1,0.01,93,93.0,yes,buy,buy,,,,,2026-02-04T07:10:09.697379Z,Lose
30f9be7c-ce51-4f67-0804-085ed135cfc1,ae7e3642-438b-4189-b4a2-136ad80dc66c,KXMIASNOWM-26FEB-0.5,1,0.01,93,93.0,yes,buy,buy,,,,,2026-02-04T05:41:27.107109Z,Lose
9ac61c3a-2623-429c-f53c-5f08fdc3bc92,e30118d1-113d-4134-9835-9fe65678ac18,KXMIASNOWM-26FEB-0.1,1,0.01,187,187.0,yes,buy,buy,,,,,2026-02-04T04:28:28.727911Z,Lose
768c5802-0163-6a58-93e8-0993792f4346,e30118d1-113d-4134-9835-9fe65678ac18,KXMIASNOWM-26FEB-0.1,1,0.01,93,93.0,yes,buy,buy,,,,,2026-02-04T04:23:56.88661Z,Lose
e1ed5ce4-8ef1-595f-adb8-6b36ffc69ea1,ae7e3642-438b-4189-b4a2-136ad80dc66c,KXMIASNOWM-26FEB-0.5,1,0.01,93,93.0,yes,buy,buy,,,,,2026-02-04T04:12:00.065524Z,Lose
2d074d7e-63db-4abc-64cb-75146b13c0da,e30118d1-113d-4134-9835-9fe65678ac18,KXMIASNOWM-26FEB-0.1,1,0.01,56,56.0,yes,buy,buy,,,,,2026-02-04T03:46:34.033429Z,Lose
1705d910-ee5f-6420-e7db-a7afb666d7c2,e30118d1-113d-4134-9835-9fe65678ac18,KXMIASNOWM-26FEB-0.1,1,0.01,1402,1402.0,yes,buy,buy,,,,,2026-02-04T03:01:41.838566Z,Lose
e73eb038-fc63-5be8-2de8-f996cb0a9466,e30118d1-113d-4134-9835-9fe65678ac18,KXMIASNOWM-26FEB-0.1,1,0.01,187,187.0,yes,buy,buy,,,,,2026-02-04T01:28:23.495595Z,Lose
ddfd6cbb-a5cf-6ba4-c382-e1148a92ea46,e30118d1-113d-4134-9835-9fe65678ac18,KXMIASNOWM-26FEB-0.1,1,0.01,93,93.0,yes,buy,buy,,,,,2026-02-04T01:04:58.86498Z,Lose
08d3d749-a869-4cf3-8881-d7a59505d3a9,ae7e3642-438b-4189-b4a2-136ad80dc66c,KXMIASNOWM-26FEB-0.5,1,0.01,93,93.0,yes,buy,buy,,,,,2026-02-04T01:01:56.902269Z,Lose
23368584-a02b-72bc-aef9-1da3b004acd6,e30118d1-113d-4134-9835-9fe65678ac18,KXMIASNOWM-26FEB-0.1,1,0.01,4675,4675.0,yes,buy,buy,,,,,2026-02-04T00:10:01.973131Z,Lose
d412837e-2a77-6828-59a4-b778942a9606,e30118d1-113d-4134-9835-9fe65678ac18,KXMIASNOWM-26FEB-0.1,1,0.01,93,93.0,yes,buy,buy,,bajikianav,,d71ff45e-ce51-4e00-86d5-65fa42a68571,2026-02-03T23:50:22.965985Z,Lose
e01488fe-3c4b-7d08-80e9-56fa3d155fd2,e30118d1-113d-4134-9835-9fe65678ac18,KXMIASNOWM-26FEB-0.1,1,0.01,93,93.0,yes,buy,buy,,,,,2026-02-03T23:27:27.308035Z,Lose
0dbc39ff-d61b-7a18-29ff-443b44fa12a6,e30118d1-113d-4134-9835-9fe65678ac18,KXMIASNOWM-26FEB-0.1,1,0.01,93,93.0,yes,buy,buy,,,,,2026-02-03T23:24:33.623417Z,Lose
78c9a23a-9bc3-6c34-060e-25bf3846b52a,e30118d1-113d-4134-9835-9fe65678ac18,KXMIASNOWM-26FEB-0.1,1,0.01,93,93.0,yes,buy,buy,,ship.weight,,9165599d-0be2-4059-a068-75b2846749d1,2026-02-03T22:37:24.804593Z,Lose
40d9b53c-225b-6dc8-46ee-b2a0f2e80182,e30118d1-113d-4134-9835-9fe65678ac18,KXMIASNOWM-26FEB-0.1,1,0.01,9,9.0,yes,buy,buy,,Tusabes,,3fb8a053-7937-4a7b-8299-295f11e0834a,2026-02-03T21:22:15.232659Z,Lose
f7a280af-31a3-58f0-3e4e-914a5325ddae,e30118d1-113d-4134-9835-9fe65678ac18,KXMIASNOWM-26FEB-0.1,1,0.01,93,93.0,yes,buy,buy,,,,,2026-02-03T18:55:28.880193Z,Lose
9a6b7fd8-172f-7b18-304b-1d7225824272,e30118d1-113d-4134-9835-9fe65678ac18,KXMIASNOWM-26FEB-0.1,1,0.01,467,467.0,yes,buy,buy,,,,,2026-02-03T18:52:42.9894Z,Lose
f949c974-3ceb-6158-1eac-0dad870cf0ae,e30118d1-113d-4134-9835-9fe65678ac18,KXMIASNOWM-26FEB-0.1,1,0.01,56,56.0,yes,buy,buy,,pond.bush,,9ece93c5-da14-4cff-8233-c2801efbf8b4,2026-02-03T18:32:09.418612Z,Lose
f8209f24-b153-7da0-1ea4-f351cbc83f66,e30118d1-113d-4134-9835-9fe65678ac18,KXMIASNOWM-26FEB-0.1,1,0.01,16,16.0,yes,buy,buy,,,,,2026-02-03T18:17:15.606453Z,Lose
a3dcea53-2bbf-6270-95ca-e8cd53f0922e,e30118d1-113d-4134-9835-9fe65678ac18,KXMIASNOWM-26FEB-0.1,1,0.01,93,93.0,yes,buy,buy,,,,,2026-02-03T17:29:20.521321Z,Lose
8c112275-2195-780f-5681-003b7e975651,ae7e3642-438b-4189-b4a2-136ad80dc66c,KXMIASNOWM-26FEB-0.5,1,0.01,93,93.0,yes,buy,buy,,,,,2026-02-03T16:40:44.581179Z,Lose
8f2245eb-85a4-5ace-49f8-545568a42b06,e30118d1-113d-4134-9835-9fe65678ac18,KXMIASNOWM-26FEB-0.1,1,0.01,102,102.0,no,buy,sell,,,,,2026-02-03T15:54:28.524411Z,Lose
2e2f446d-cc5f-5e9d-789d-c4c96fe99935,e30118d1-113d-4134-9835-9fe65678ac18,KXMIASNOWM-26FEB-0.1,1,0.01,5,5.0,no,buy,sell,,,,,2026-02-03T15:54:28.524411Z,Lose
97999d12-6fa7-743a-8310-422db54fe18f,e30118d1-113d-4134-9835-9fe65678ac18,KXMIASNOWM-26FEB-0.1,2,0.02,93,93.0,yes,buy,buy,,,,,2026-02-03T15:31:21.925876Z,Lose
7960d7d3-707f-4bca-912d-2e5d734af1a7,e30118d1-113d-4134-9835-9fe65678ac18,KXMIASNOWM-26FEB-0.1,2,0.02,46,46.0,yes,buy,buy,,,,,2026-02-03T15:13:19.320614Z,Lose
b976ec3b-9f75-4817-ab33-c96d42f2a1fd,ae7e3642-438b-4189-b4a2-136ad80dc66c,KXMIASNOWM-26FEB-0.5,1,0.01,93,93.0,yes,buy,buy,,,,,2026-02-03T14:59:32.609886Z,Lose
34c49a15-aa13-4c5a-ef33-7833dddabdd7,e30118d1-113d-4134-9835-9fe65678ac18,KXMIASNOWM-26FEB-0.1,2,0.02,46,46.0,yes,buy,buy,,,,,2026-02-03T14:58:33.819304Z,Lose
4717a4fd-fb37-7426-d2e9-5a98846b1a87,e30118d1-113d-4134-9835-9fe65678ac18,KXMIASNOWM-26FEB-0.1,2,0.02,46,46.0,yes,buy,buy,,luckyguess03,,6dd5dc90-a77e-4524-aa11-678003e228ac,2026-02-03T14:45:08.263996Z,Lose
2f02788e-b7f3-40be-62ca-9007ddca4243,e30118d1-113d-4134-9835-9fe65678ac18,KXMIASNOWM-26FEB-0.1,2,0.02,187,187.0,yes,buy,buy,,vast.aid,,50059376-0d9a-4dd3-99af-8d7b1be4bbea,2026-02-03T14:01:42.917385Z,Lose
1171ec42-33bb-7646-2329-2a3f886f6a6f,e30118d1-113d-4134-9835-9fe65678ac18,KXMIASNOWM-26FEB-0.1,2,0.02,233,233.0,yes,buy,buy,,,,,2026-02-03T13:55:41.532744Z,Lose
bde81199-763b-699e-cc42-ddd7e8bfd98b,e30118d1-113d-4134-9835-9fe65678ac18,KXMIASNOWM-26FEB-0.1,2,0.02,82,82.0,yes,buy,buy,,,,,2026-02-03T13:35:14.546041Z,Lose
c95bc855-5fdf-7806-b007-5fb80550eb0f,e30118d1-113d-4134-9835-9fe65678ac18,KXMIASNOWM-26FEB-0.1,2,0.02,46,46.0,yes,buy,buy,,,,,2026-02-03T13:34:39.002441Z,Lose
6769fcf1-0f69-550f-4d54-a2e467f4ec31,ae7e3642-438b-4189-b4a2-136ad80dc66c,KXMIASNOWM-26FEB-0.5,1,0.01,935,935.0,yes,buy,buy,,,,,2026-02-03T12:34:19.523091Z,Lose
625aaa4d-44b3-461e-7d0b-ef3d6f699b5f,e30118d1-113d-4134-9835-9fe65678ac18,KXMIASNOWM-26FEB-0.1,2,0.02,46,46.0,yes,buy,buy,,,,,2026-02-03T10:51:49.271858Z,Lose
6739c078-3f64-795a-d79e-1ac3ca5ce2c6,e30118d1-113d-4134-9835-9fe65678ac18,KXMIASNOWM-26FEB-0.1,1,0.01,1,1.0,no,buy,sell,,,,,2026-02-03T09:52:30.16819Z,Lose
2f42082e-cae7-55ee-6c62-460baf834e97,e30118d1-113d-4134-9835-9fe65678ac18,KXMIASNOWM-26FEB-0.1,2,0.02,500,500.0,yes,buy,buy,,,,,2026-02-03T09:52:29.320635Z,Lose
dae92e74-8b80-561a-0fff-9286ad40b30a,e30118d1-113d-4134-9835-9fe65678ac18,KXMIASNOWM-26FEB-0.1,1,0.01,1,1.0,no,buy,sell,,,,,2026-02-03T09:29:12.179285Z,Lose
c1ec257c-7c03-6a9e-6568-87ccc73db3eb,e30118d1-113d-4134-9835-9fe65678ac18,KXMIASNOWM-26FEB-0.1,2,0.02,46,46.0,yes,buy,buy,,,,,2026-02-03T09:29:11.116216Z,Lose
9f2f3704-9717-6cb6-057e-2419da6189bf,e30118d1-113d-4134-9835-9fe65678ac18,KXMIASNOWM-26FEB-0.1,2,0.02,7,7.0,yes,buy,buy,,,,,2026-02-03T09:01:39.244354Z,Lose
79695713-45d8-7fbe-6502-b7b6bd224492,e30118d1-113d-4134-9835-9fe65678ac18,KXMIASNOWM-26FEB-0.1,1,0.01,96,96.0,no,buy,sell,,,,,2026-02-03T08:37:48.926756Z,Lose
8fd19c2e-fa9f-7c9e-db4c-da8c1af998c3,e30118d1-113d-4134-9835-9fe65678ac18,KXMIASNOWM-26FEB-0.1,2,0.02,10,10.0,yes,buy,buy,,,,,2026-02-03T06:56:47.740991Z,Lose
8591fe36-1776-5b33-0c07-8bf03c55e258,9d6bd5c0-f44b-4972-b116-adb489ae8fed,KXMIASNOWM-26FEB-1.0,1,0.01,93,93.0,yes,buy,buy,,,,,2026-02-03T06:09:19.996604Z,Lose
a9bac6ed-010b-5c7e-3085-ed8136f9b28f,e30118d1-113d-4134-9835-9fe65678ac18,KXMIASNOWM-26FEB-0.1,2,0.02,46,46.0,yes,buy,buy,,,,,2026-02-03T06:09:09.384861Z,Lose
a3cce960-2c29-597f-1a1b-48a89dcdb1fd,ae7e3642-438b-4189-b4a2-136ad80dc66c,KXMIASNOWM-26FEB-0.5,1,0.01,93,93.0,yes,buy,buy,,,,,2026-02-03T06:08:41.792083Z,Lose
9eb04ecf-3143-533e-26e4-8157703d1e43,e30118d1-113d-4134-9835-9fe65678ac18,KXMIASNOWM-26FEB-0.1,2,0.02,46,46.0,yes,buy,buy,,Nacalito,,61f5cfc3-9de1-42ea-9856-d7d157d2a92b,2026-02-03T05:47:21.743125Z,Lose
bbdab624-e5eb-4bba-cc4f-0e52d3f6f18b,e30118d1-113d-4134-9835-9fe65678ac18,KXMIASNOWM-26FEB-0.1,2,0.02,46,46.0,yes,buy,buy,,,,,2026-02-03T05:30:20.429277Z,Lose
921f2a12-cb65-52fb-7abb-590e82a9f21d,ae7e3642-438b-4189-b4a2-136ad80dc66c,KXMIASNOWM-26FEB-0.5,1,0.01,187,187.0,yes,buy,buy,,whiteboiboyer,,52952426-3bad-46f7-9939-c1a613eab548,2026-02-03T05:05:45.079017Z,Lose
6e5f8dab-30b9-72db-4d88-5faf150d56d5,ae7e3642-438b-4189-b4a2-136ad80dc66c,KXMIASNOWM-26FEB-0.5,1,0.01,93,93.0,yes,buy,buy,,,,,2026-02-03T04:32:24.725622Z,Lose
fa041c20-097f-7c52-955d-d3c7b514d95f,e30118d1-113d-4134-9835-9fe65678ac18,KXMIASNOWM-26FEB-0.1,2,0.02,132,132.0,yes,buy,buy,,tail.rent,,f034f867-5e62-4dae-8cc5-54b1a8c7ade9,2026-02-03T03:10:42.461763Z,Lose
e8bbc122-e0e7-7d78-9d64-9a421804aa60,e30118d1-113d-4134-9835-9fe65678ac18,KXMIASNOWM-26FEB-0.1,1,0.01,669,669.0,yes,buy,buy,,tail.rent,,f034f867-5e62-4dae-8cc5-54b1a8c7ade9,2026-02-03T03:10:42.461763Z,Lose
fe37f0d4-c65b-690c-5d62-385e522dd51c,e30118d1-113d-4134-9835-9fe65678ac18,KXMIASNOWM-26FEB-0.1,1,0.01,238,238.0,yes,buy,buy,,AllorNada,,c2a1e3d7-aae1-4855-8dd1-41ee58d23a44,2026-02-03T03:00:08.774227Z,Lose
69c52269-b727-5190-3c2e-59c58e905b34,e30118d1-113d-4134-9835-9fe65678ac18,KXMIASNOWM-26FEB-0.1,1,0.01,93,93.0,yes,buy,buy,,,,,2026-02-03T02:53:00.405622Z,Lose
31f51ded-d875-65bb-6afe-065505ded6f5,ae7e3642-438b-4189-b4a2-136ad80dc66c,KXMIASNOWM-26FEB-0.5,1,0.01,93,93.0,yes,buy,buy,,,,,2026-02-03T02:37:15.157375Z,Lose
33adcb55-f963-6302-d864-32b5634b3863,e30118d1-113d-4134-9835-9fe65678ac18,KXMIASNOWM-26FEB-0.1,2,0.02,46,46.0,yes,buy,buy,,,,,2026-02-03T01:43:38.068203Z,Lose
ab05990e-cc65-6ab7-5106-47320ef2dc4d,ae7e3642-438b-4189-b4a2-136ad80dc66c,KXMIASNOWM-26FEB-0.5,1,0.01,93,93.0,yes,buy,buy,,,,,2026-02-03T01:34:30.008613Z,Lose
420f9451-0579-456b-6e55-87ea79c91ff5,ae7e3642-438b-4189-b4a2-136ad80dc66c,KXMIASNOWM-26FEB-0.5,1,0.01,91,91.0,yes,buy,buy,,cost.gas,,2ae95498-7a7d-4734-9c8c-5d743f987de1,2026-02-03T01:08:05.920876Z,Lose
e50ed504-f8a9-49a7-93f6-ca614cc98119,ae7e3642-438b-4189-b4a2-136ad80dc66c,KXMIASNOWM-26FEB-0.5,1,0.01,24,24.0,yes,buy,buy,,,,,2026-02-03T01:01:09.36085Z,Lose
6c8902f4-3645-6467-fd4f-8492a8477ed9,ae7e3642-438b-4189-b4a2-136ad80dc66c,KXMIASNOWM-26FEB-0.5,1,0.01,46,46.0,yes,buy,buy,,thiefs,,7b19bfed-f6d9-4f83-b7e5-a8c3d9d37198,2026-02-03T00:20:58.723339Z,Lose
e6730178-60f1-5087-1e92-9e4aed0fff4d,ae7e3642-438b-4189-b4a2-136ad80dc66c,KXMIASNOWM-26FEB-0.5,1,0.01,303,303.0,yes,buy,buy,,,,,2026-02-03T00:09:16.104437Z,Lose
94cacbbd-fc6b-7726-84b9-fa482f8a8a43,e30118d1-113d-4134-9835-9fe65678ac18,KXMIASNOWM-26FEB-0.1,2,0.02,5,5.0,yes,buy,buy,,,,,2026-02-02T23:50:05.034952Z,Lose
d8fd76ca-9b8b-691a-4e38-c0c7e18ec6f3,e30118d1-113d-4134-9835-9fe65678ac18,KXMIASNOWM-26FEB-0.1,2,0.02,46,46.0,yes,buy,buy,,,,,2026-02-02T23:48:46.726011Z,Lose
f4e8fcc9-ae13-782a-130a-cbebe58921c3,e30118d1-113d-4134-9835-9fe65678ac18,KXMIASNOWM-26FEB-0.1,2,0.02,43,43.0,yes,buy,buy,,,,,2026-02-02T23:48:35.918127Z,Lose
dc5c26f5-987a-7255-0366-b54783b2fa35,e30118d1-113d-4134-9835-9fe65678ac18,KXMIASNOWM-26FEB-0.1,1,0.01,7,7.0,yes,buy,buy,,,,,2026-02-02T23:48:35.918127Z,Lose
af020f7f-122a-51b5-30fe-2c1781004569,e30118d1-113d-4134-9835-9fe65678ac18,KXMIASNOWM-26FEB-0.1,1,0.01,93,93.0,yes,buy,buy,,joedirtj,,e7e88da5-0690-481a-b747-333500122890,2026-02-02T23:24:48.791816Z,Lose
2f5ac903-3701-540b-506e-b84d7e46b045,ae7e3642-438b-4189-b4a2-136ad80dc66c,KXMIASNOWM-26FEB-0.5,1,0.01,93,93.0,yes,buy,buy,,,,,2026-02-02T23:14:53.636591Z,Lose
e98676d2-3dd3-55ba-c7b5-cf99fd29b64b,e30118d1-113d-4134-9835-9fe65678ac18,KXMIASNOWM-26FEB-0.1,2,0.02,233,233.0,yes,buy,buy,,iniquia,,1501f625-1867-41c4-afa9-3a3e8b5f973b,2026-02-02T23:01:10.962459Z,Lose
1f01a756-e147-7b8a-53cf-bc73ad78342b,e30118d1-113d-4134-9835-9fe65678ac18,KXMIASNOWM-26FEB-0.1,2,0.02,200,200.0,yes,buy,buy,,print.bone,,84c7a61e-b034-460f-85dc-6f3c22474632,2026-02-02T22:56:21.532595Z,Lose
9f10f76f-9911-54d3-0f78-1325b8ccfff1,ae7e3642-438b-4189-b4a2-136ad80dc66c,KXMIASNOWM-26FEB-0.5,1,0.01,102,102.0,yes,buy,buy,,carbo,,446a9295-846c-4df9-859a-367d3949d8ed,2026-02-02T22:15:19.64794Z,Lose
3adb87ae-12a6-581f-7165-9cf7a6e20b20,9d6bd5c0-f44b-4972-b116-adb489ae8fed,KXMIASNOWM-26FEB-1.0,1,0.01,93,93.0,yes,buy,buy,,,,,2026-02-02T19:37:15.141537Z,Lose
c35f6766-03b3-4662-7b40-862c718cc83b,e30118d1-113d-4134-9835-9fe65678ac18,KXMIASNOWM-26FEB-0.1,2,0.02,46,46.0,yes,buy,buy,,SoufW3S,,961a3edb-ef39-49d1-8b40-658676106a72,2026-02-02T19:27:15.096Z,Lose
6ea84e86-513b-4c76-697b-7527eb7ffee3,e30118d1-113d-4134-9835-9fe65678ac18,KXMIASNOWM-26FEB-0.1,2,0.02,93,93.0,yes,buy,buy,,,,,2026-02-02T19:20:38.533123Z,Lose
009305fd-4082-4a3f-8a23-361e91f6a668,9d6bd5c0-f44b-4972-b116-adb489ae8fed,KXMIASNOWM-26FEB-1.0,1,0.01,93,93.0,yes,buy,buy,,,,,2026-02-02T18:50:11.432025Z,Lose
032e5c13-6019-486b-3e4c-6d26172f27e9,ae7e3642-438b-4189-b4a2-136ad80dc66c,KXMIASNOWM-26FEB-0.5,1,0.01,280,280.0,yes,buy,buy,,,,,2026-02-02T18:29:13.717529Z,Lose
9914afc8-e979-4fc7-d48f-9814c9e6e131,ae7e3642-438b-4189-b4a2-136ad80dc66c,KXMIASNOWM-26FEB-0.5,1,0.01,935,935.0,yes,buy,buy,,,,,2026-02-02T18:06:08.073491Z,Lose
c29d83de-d729-4907-8687-f1cfe0b1c7a9,ae7e3642-438b-4189-b4a2-136ad80dc66c,KXMIASNOWM-26FEB-0.5,1,0.01,93,93.0,yes,buy,buy,,joedirtj,,e7e88da5-0690-481a-b747-333500122890,2026-02-02T17:10:37.208261Z,Lose
0879ebe0-e3bb-54ea-7d9e-e18d09ec6af3,e30118d1-113d-4134-9835-9fe65678ac18,KXMIASNOWM-26FEB-0.1,2,0.02,2500,2500.0,yes,buy,buy,,,,,2026-02-02T16:38:07.537234Z,Lose
8603b518-0dda-6ab7-f431-c2da80f92038,9d6bd5c0-f44b-4972-b116-adb489ae8fed,KXMIASNOWM-26FEB-1.0,1,0.01,93,93.0,yes,buy,buy,,,,,2026-02-02T15:58:01.81246Z,Lose
96b76f78-10a7-7532-81dd-b446dfb11ea7,e30118d1-113d-4134-9835-9fe65678ac18,KXMIASNOWM-26FEB-0.1,2,0.02,216,216.0,yes,buy,buy,,heathenhabits,,7ca388b7-8825-4bac-b4b5-186f5885aefb,2026-02-02T15:34:52.470879Z,Lose
8fe63502-b025-768a-aae5-1effb13aba4c,e30118d1-113d-4134-9835-9fe65678ac18,KXMIASNOWM-26FEB-0.1,2,0.02,17,17.0,yes,buy,buy,,heathenhabits,,7ca388b7-8825-4bac-b4b5-186f5885aefb,2026-02-02T15:34:52.470879Z,Lose
d652d95f-1611-6580-97ad-81ed1b991c06,ae7e3642-438b-4189-b4a2-136ad80dc66c,KXMIASNOWM-26FEB-0.5,1,0.01,1000,1000.0,yes,buy,buy,,,,,2026-02-02T15:05:02.751572Z,Lose
6cb6f511-c161-6874-a267-3a4209e17ae3,ae7e3642-438b-4189-b4a2-136ad80dc66c,KXMIASNOWM-26FEB-0.5,2,0.02,292,292.0,yes,buy,buy,,,,,2026-02-02T15:05:02.751572Z,Lose
5cbdb017-8576-69a4-89b1-cc5efc06dd87,ae7e3642-438b-4189-b4a2-136ad80dc66c,KXMIASNOWM-26FEB-0.5,2,0.02,143,143.0,yes,buy,buy,,,,,2026-02-02T15:05:02.751572Z,Lose
aa8296b7-48b5-7756-edaa-00d7c13271cc,e30118d1-113d-4134-9835-9fe65678ac18,KXMIASNOWM-26FEB-0.1,2,0.02,183,183.0,yes,buy,buy,,,,,2026-02-02T13:40:42.234112Z,Lose
2ca0ddee-d39c-7d8a-ed21-0c3f1a027832,e30118d1-113d-4134-9835-9fe65678ac18,KXMIASNOWM-26FEB-0.1,2,0.02,284,284.0,yes,buy,buy,,,,,2026-02-02T13:40:42.234112Z,Lose
d41d888e-ba34-6f72-c5b4-1149e9c9b3b2,e30118d1-113d-4134-9835-9fe65678ac18,KXMIASNOWM-26FEB-0.1,2,0.02,210,210.0,yes,buy,buy,,,,,2026-02-02T13:34:12.920964Z,Lose
193fbc64-3715-79f4-141c-54ea1475306b,ae7e3642-438b-4189-b4a2-136ad80dc66c,KXMIASNOWM-26FEB-0.5,2,0.02,467,467.0,yes,buy,buy,,,,,2026-02-02T11:46:06.640184Z,Lose
ecac128b-c158-5f32-ed3b-1cd15420c3fa,e30118d1-113d-4134-9835-9fe65678ac18,KXMIASNOWM-26FEB-0.1,2,0.02,467,467.0,yes,buy,buy,,,,,2026-02-02T09:43:39.091334Z,Lose
fd5a7336-032d-521c-5ca2-f822e6283933,ae7e3642-438b-4189-b4a2-136ad80dc66c,KXMIASNOWM-26FEB-0.5,2,0.02,935,935.0,yes,buy,buy,,,,,2026-02-02T08:22:00.102019Z,Lose
a8b2b504-28f0-6bba-932b-5ec04042f61a,e30118d1-113d-4134-9835-9fe65678ac18,KXMIASNOWM-26FEB-0.1,2,0.02,935,935.0,yes,buy,buy,,print.bone,,84c7a61e-b034-460f-85dc-6f3c22474632,2026-02-02T07:48:16.998217Z,Lose
5c23ace4-50c8-78d6-6bc2-79cfc1161c86,e30118d1-113d-4134-9835-9fe65678ac18,KXMIASNOWM-26FEB-0.1,2,0.02,33,33.0,yes,buy,buy,,,,,2026-02-02T06:06:02.573965Z,Lose
80cf8ccd-7458-7bbe-9d18-2e6fde5c2a2a,e30118d1-113d-4134-9835-9fe65678ac18,KXMIASNOWM-26FEB-0.1,2,0.02,46,46.0,yes,buy,buy,,,,,2026-02-02T06:03:56.466901Z,Lose
99e28f89-470c-6676-b7aa-faa97e5be73e,e30118d1-113d-4134-9835-9fe65678ac18,KXMIASNOWM-26FEB-0.1,2,0.02,25,25.0,yes,buy,buy,,,,,2026-02-02T05:47:19.448857Z,Lose
709c2641-b962-5216-1360-8a2bff2235db,9d6bd5c0-f44b-4972-b116-adb489ae8fed,KXMIASNOWM-26FEB-1.0,1,0.01,93,93.0,yes,buy,buy,,,,,2026-02-02T05:30:05.828195Z,Lose
12b42b56-422c-7f9a-d1ad-7b8714d3144a,e30118d1-113d-4134-9835-9fe65678ac18,KXMIASNOWM-26FEB-0.1,2,0.02,135,135.0,yes,buy,buy,,,,,2026-02-02T05:05:31.409268Z,Lose
79bba777-c610-72d2-4a16-c6086bd22246,e30118d1-113d-4134-9835-9fe65678ac18,KXMIASNOWM-26FEB-0.1,2,0.02,187,187.0,yes,buy,buy,,kkeohohou3,,bd24a0fc-0859-481e-af01-97542b3921ff,2026-02-02T05:01:18.457457Z,Lose
8aa13357-ffa1-6b94-710a-073475d3d403,ae7e3642-438b-4189-b4a2-136ad80dc66c,KXMIASNOWM-26FEB-0.5,2,0.02,187,187.0,yes,buy,buy,,kkeohohou3,,bd24a0fc-0859-481e-af01-97542b3921ff,2026-02-02T05:01:03.48772Z,Lose
aa175fff-1a3e-5756-3732-ca78b7cd2c5f,9d6bd5c0-f44b-4972-b116-adb489ae8fed,KXMIASNOWM-26FEB-1.0,1,0.01,187,187.0,yes,buy,buy,,kkeohohou3,,bd24a0fc-0859-481e-af01-97542b3921ff,2026-02-02T05:00:38.289538Z,Lose
5dd87a53-acf8-77bb-f87c-2f18bc8f6cb6,e30118d1-113d-4134-9835-9fe65678ac18,KXMIASNOWM-26FEB-0.1,2,0.02,46,46.0,yes,buy,buy,,lukerides269,,ed10a779-891f-4925-a5aa-a2abdfc488fa,2026-02-02T04:25:55.14909Z,Lose
c880ad79-5f12-6492-be9b-69950f74155f,9d6bd5c0-f44b-4972-b116-adb489ae8fed,KXMIASNOWM-26FEB-1.0,1,0.01,93,93.0,yes,buy,buy,,lukerides269,,ed10a779-891f-4925-a5aa-a2abdfc488fa,2026-02-02T04:25:35.294175Z,Lose
bfad7443-3a50-548b-8715-d55ecdf7378a,e30118d1-113d-4134-9835-9fe65678ac18,KXMIASNOWM-26FEB-0.1,2,0.02,46,46.0,yes,buy,buy,,,,,2026-02-02T04:08:52.533304Z,Lose
34c75d4c-34ae-60fa-38ce-92e39f431e5b,9d6bd5c0-f44b-4972-b116-adb489ae8fed,KXMIASNOWM-26FEB-1.0,1,0.01,280,280.0,yes,buy,buy,,,,,2026-02-02T03:44:13.96382Z,Lose
bcda1cb6-8f5c-64c7-e5ca-69ee168921c2,e30118d1-113d-4134-9835-9fe65678ac18,KXMIASNOWM-26FEB-0.1,2,0.02,93,93.0,yes,buy,buy,,,,,2026-02-02T02:27:28.488326Z,Lose
d0bcc130-10b8-464f-5c81-61b7ab010132,e30118d1-113d-4134-9835-9fe65678ac18,KXMIASNOWM-26FEB-0.1,2,0.02,93,93.0,yes,buy,buy,,,,,2026-02-02T01:17:53.187293Z,Lose
8db0bfd4-1891-4b14-8f17-88ae98d66b5b,ae7e3642-438b-4189-b4a2-136ad80dc66c,KXMIASNOWM-26FEB-0.5,2,0.02,20,20.0,yes,buy,buy,,raul5321d,,a9a0d9ec-7c5b-54fe-bdf5-638332c33414,2026-02-02T01:17:48.987291Z,Lose
e82f0b0e-df7e-7cd6-55b6-bbfdd421a657,9d6bd5c0-f44b-4972-b116-adb489ae8fed,KXMIASNOWM-26FEB-1.0,1,0.01,467,467.0,yes,buy,buy,,vosh,,0e1fdf42-3835-4f6c-a0e5-46ffbd9e2a67,2026-02-02T01:17:37.048351Z,Lose
8785c8bd-9c64-4633-d462-594b8d5be022,e30118d1-113d-4134-9835-9fe65678ac18,KXMIASNOWM-26FEB-0.1,2,0.02,467,467.0,yes,buy,buy,,french.force,,c0d6dd1f-a848-44d2-bf35-8d3ad5ab22c1,2026-02-02T00:50:42.895465Z,Lose
3f82b7ae-cb2c-5707-edbc-27e93680cfce,e30118d1-113d-4134-9835-9fe65678ac18,KXMIASNOWM-26FEB-0.1,2,0.02,46,46.0,yes,buy,buy,,,,,2026-02-02T00:40:02.763857Z,Lose
0d7a62ba-cf1c-65ab-f6d8-43f1cf0d5036,e30118d1-113d-4134-9835-9fe65678ac18,KXMIASNOWM-26FEB-0.1,2,0.02,1544,1544.0,yes,buy,buy,,wish.coin,,54c1dfe6-649a-4554-aed6-be5dfab46f6c,2026-02-02T00:31:32.293109Z,Lose
5e20a18f-1738-7cd7-f0c4-fbce4f557cfa,e30118d1-113d-4134-9835-9fe65678ac18,KXMIASNOWM-26FEB-0.1,2,0.02,4,4.0,yes,buy,buy,,,,,2026-02-01T23:46:44.239171Z,Lose
8ad1907e-5745-7938-1f00-0d8401d4a227,ae7e3642-438b-4189-b4a2-136ad80dc66c,KXMIASNOWM-26FEB-0.5,2,0.02,93,93.0,yes,buy,buy,,,,,2026-02-01T22:56:26.181271Z,Lose
a2d1dad2-b36c-448f-7b3d-a45746a55a56,e30118d1-113d-4134-9835-9fe65678ac18,KXMIASNOWM-26FEB-0.1,2,0.02,140,140.0,yes,buy,buy,,,,,2026-02-01T22:56:02.065643Z,Lose
c7549c60-8904-683f-5a57-53c878fdf15e,e30118d1-113d-4134-9835-9fe65678ac18,KXMIASNOWM-26FEB-0.1,2,0.02,477,477.0,yes,buy,buy,,,,,2026-02-01T22:50:54.897877Z,Lose
7b11b31b-c1dc-60b3-503e-1fcc2263021e,e30118d1-113d-4134-9835-9fe65678ac18,KXMIASNOWM-26FEB-0.1,2,0.02,233,233.0,yes,buy,buy,,,,,2026-02-01T22:48:15.394067Z,Lose
223caff8-83f0-513f-ef20-8e65f23449ee,e30118d1-113d-4134-9835-9fe65678ac18,KXMIASNOWM-26FEB-0.1,2,0.02,233,233.0,yes,buy,buy,,,,,2026-02-01T22:10:13.930175Z,Lose
c2e325f9-559c-421f-bfaf-abb89ab5e362,e30118d1-113d-4134-9835-9fe65678ac18,KXMIASNOWM-26FEB-0.1,2,0.02,187,187.0,yes,buy,buy,,,,,2026-02-01T21:30:26.405391Z,Lose
e484856c-276c-6ad3-406e-2f0c24664ca6,e30118d1-113d-4134-9835-9fe65678ac18,KXMIASNOWM-26FEB-0.1,2,0.02,46,46.0,yes,buy,buy,,,,,2026-02-01T21:13:56.695531Z,Lose
75d70043-b434-4447-bc56-ada8f6d726a2,e30118d1-113d-4134-9835-9fe65678ac18,KXMIASNOWM-26FEB-0.1,2,0.02,5,5.0,yes,buy,buy,,,,,2026-02-01T21:12:00.721942Z,Lose
efb7c8c3-d019-44c0-b63f-129c07dfd787,ae7e3642-438b-4189-b4a2-136ad80dc66c,KXMIASNOWM-26FEB-0.5,2,0.02,6,6.0,yes,buy,buy,,,,,2026-02-01T21:11:58.780936Z,Lose
935af8cb-f16a-6236-64a5-ab35313647ff,9d6bd5c0-f44b-4972-b116-adb489ae8fed,KXMIASNOWM-26FEB-1.0,1,0.01,12,12.0,yes,buy,buy,,,,,2026-02-01T21:11:57.263995Z,Lose
b4ba4526-3228-454e-1fa7-fb4c3e6eb792,e30118d1-113d-4134-9835-9fe65678ac18,KXMIASNOWM-26FEB-0.1,2,0.02,9,9.0,yes,buy,buy,,,,,2026-02-01T20:37:58.60778Z,Lose
04bfa3e3-cdf8-4b46-3ec8-420d91b6732e,e30118d1-113d-4134-9835-9fe65678ac18,KXMIASNOWM-26FEB-0.1,2,0.02,935,935.0,yes,buy,buy,,,,,2026-02-01T20:07:29.434766Z,Lose
1914e3dc-0cd8-4ac6-d0d9-2f3de28dbe7a,e30118d1-113d-4134-9835-9fe65678ac18,KXMIASNOWM-26FEB-0.1,2,0.02,233,233.0,yes,buy,buy,,,,,2026-02-01T18:52:20.920719Z,Lose
46b1fc9a-c9cc-7762-a571-5b13696a1595,ae7e3642-438b-4189-b4a2-136ad80dc66c,KXMIASNOWM-26FEB-0.5,2,0.02,121,121.0,yes,buy,buy,,,,,2026-02-01T18:29:44.023968Z,Lose
589c56ff-57aa-44ca-0794-079e7289bc1f,9d6bd5c0-f44b-4972-b116-adb489ae8fed,KXMIASNOWM-26FEB-1.0,1,0.01,233,233.0,yes,buy,buy,,,,,2026-02-01T18:29:30.228963Z,Lose
8f5e61a9-d7f8-54e2-133c-85a8abc97bf2,e30118d1-113d-4134-9835-9fe65678ac18,KXMIASNOWM-26FEB-0.1,2,0.02,233,233.0,yes,buy,buy,,,,,2026-02-01T18:26:46.041742Z,Lose
c0395fa2-63fc-4026-f8fe-f0f8e468bcd2,e30118d1-113d-4134-9835-9fe65678ac18,KXMIASNOWM-26FEB-0.1,2,0.02,93,93.0,yes,buy,buy,,,,,2026-02-01T18:23:13.30839Z,Lose
94e85dde-63ae-7076-39f3-69ce62bc8db7,9d6bd5c0-f44b-4972-b116-adb489ae8fed,KXMIASNOWM-26FEB-1.0,1,0.01,467,467.0,yes,buy,buy,,,,,2026-02-01T17:41:26.205537Z,Lose
201e80a4-0ccb-596a-962d-ee23b62676b8,e30118d1-113d-4134-9835-9fe65678ac18,KXMIASNOWM-26FEB-0.1,1,0.01,1000,1000.0,no,buy,buy,,,,,2026-02-01T17:40:44.345521Z,Win
a2b3bd88-d581-66a1-4fcb-522a127e0842,573ec7d5-48a9-49c8-9915-2f25fa1fe143,KXMIASNOWM-26JAN-0.1,1,0.01,21,21.0,yes,buy,buy,,,,,2026-02-01T16:56:23.208346Z,Lose
1b1826ae-6575-6c31-b8a9-3a7ba17d892a,573ec7d5-48a9-49c8-9915-2f25fa1fe143,KXMIASNOWM-26JAN-0.1,1,0.01,280,280.0,yes,buy,buy,,bush.man28,,7f1299ea-21b0-4670-9718-6d56226302ef,2026-02-01T16:12:48.164097Z,Lose
48c93f05-ae25-7511-6322-5abe77086d0e,573ec7d5-48a9-49c8-9915-2f25fa1fe143,KXMIASNOWM-26JAN-0.1,1,0.01,935,935.0,yes,buy,buy,,,,,2026-02-01T16:02:59.642225Z,Lose
aa9df0ae-7879-43cd-1ac8-71138fab4b72,573ec7d5-48a9-49c8-9915-2f25fa1fe143,KXMIASNOWM-26JAN-0.1,1,0.01,93,93.0,yes,buy,buy,,sweet.block,,c345c59d-aaed-41bd-9b9b-601d0552a455,2026-02-01T15:41:02.227188Z,Lose
dc50d291-0179-6a7d-d951-5ed4d0eb97ce,573ec7d5-48a9-49c8-9915-2f25fa1fe143,KXMIASNOWM-26JAN-0.1,1,0.01,93,93.0,yes,buy,buy,,,,,2026-02-01T15:34:53.125502Z,Lose
269d08f6-8afd-7735-d5a7-59118c47be9a,573ec7d5-48a9-49c8-9915-2f25fa1fe143,KXMIASNOWM-26JAN-0.1,1,0.01,187,187.0,yes,buy,buy,,wildsam535,,0139a62c-6f8c-4f6e-aa4c-1805ef1fb381,2026-02-01T15:18:38.842147Z,Lose
e55afd9e-f52d-7c5d-89c4-a97c8c0c4cbe,573ec7d5-48a9-49c8-9915-2f25fa1fe143,KXMIASNOWM-26JAN-0.1,1,0.01,2969,2969.0,yes,buy,buy,,,,,2026-02-01T15:05:45.657886Z,Lose
464c9cf1-0ef2-7ce1-9d94-b1fa90f9eadf,573ec7d5-48a9-49c8-9915-2f25fa1fe143,KXMIASNOWM-26JAN-0.1,1,0.01,93,93.0,yes,buy,buy,,,,,2026-02-01T15:05:45.657886Z,Lose
83ccd48c-f62e-6359-54be-aaa35fe3dec7,573ec7d5-48a9-49c8-9915-2f25fa1fe143,KXMIASNOWM-26JAN-0.1,1,0.01,168,168.0,yes,buy,buy,,hauntedhse,,8a68905c-8967-4b4c-a8e5-56d2e6aa5cd3,2026-02-01T14:29:10.131485Z,Lose
a574ed76-fd71-58a5-7b5e-f081792893ff,573ec7d5-48a9-49c8-9915-2f25fa1fe143,KXMIASNOWM-26JAN-0.1,1,0.01,256,256.0,yes,buy,buy,,idkmakk,,6056cfb1-ea6d-46c7-a49a-f3d6e91bf1b5,2026-02-01T14:10:21.783134Z,Lose
2fb0fb53-44fe-5fdd-4049-87a691982a77,573ec7d5-48a9-49c8-9915-2f25fa1fe143,KXMIASNOWM-26JAN-0.1,1,0.01,159,159.0,yes,buy,buy,,idkmakk,,6056cfb1-ea6d-46c7-a49a-f3d6e91bf1b5,2026-02-01T14:10:21.783134Z,Lose
1d234bd7-57e0-5dca-6203-e8a0b6bcbce2,573ec7d5-48a9-49c8-9915-2f25fa1fe143,KXMIASNOWM-26JAN-0.1,1,0.01,52,52.0,yes,sell,buy,,idkmakk,,6056cfb1-ea6d-46c7-a49a-f3d6e91bf1b5,2026-02-01T14:10:21.783134Z,Lose
a54f1c3a-2afb-4f08-7945-7c620993e26e,6cd3e8fd-414f-4743-be05-a05b1d7c98a5,KXMIASNOWM-26JAN-0.5,1,0.01,467,467.0,yes,buy,buy,,idkmakk,,6056cfb1-ea6d-46c7-a49a-f3d6e91bf1b5,2026-02-01T14:09:34.253681Z,Lose
6c8a41e6-850d-4189-6005-b005511c012f,573ec7d5-48a9-49c8-9915-2f25fa1fe143,KXMIASNOWM-26JAN-0.1,1,0.01,1402,1402.0,yes,buy,buy,,,,,2026-02-01T13:58:50.170826Z,Lose
76d50594-90c3-63d4-4767-1e44815472de,6cd3e8fd-414f-4743-be05-a05b1d7c98a5,KXMIASNOWM-26JAN-0.5,1,0.01,50,50.0,yes,buy,buy,,,,,2026-02-01T13:34:04.030271Z,Lose
04b47a1b-e7a1-4ca5-d5a2-a13180800d1f,573ec7d5-48a9-49c8-9915-2f25fa1fe143,KXMIASNOWM-26JAN-0.1,1,0.01,46,46.0,yes,buy,buy,,,,,2026-02-01T12:58:35.424285Z,Lose
b0f3a596-f88f-7bf8-f35b-e2d6bcad8ea2,6cd3e8fd-414f-4743-be05-a05b1d7c98a5,KXMIASNOWM-26JAN-0.5,1,0.01,46,46.0,yes,buy,buy,,,,,2026-02-01T12:39:24.750503Z,Lose
c3a951f9-4763-56e4-1378-4290c7f4a822,6cd3e8fd-414f-4743-be05-a05b1d7c98a5,KXMIASNOWM-26JAN-0.5,1,0.01,93,93.0,yes,buy,buy,,,,,2026-02-01T11:56:25.918535Z,Lose
df3f4589-988d-78d1-067d-825ab8958e4f,573ec7d5-48a9-49c8-9915-2f25fa1fe143,KXMIASNOWM-26JAN-0.1,1,0.01,93,93.0,yes,buy,buy,,,,,2026-02-01T10:28:35.655606Z,Lose
fa1bb70d-e933-7304-bb4a-d2b3cd80ac62,6cd3e8fd-414f-4743-be05-a05b1d7c98a5,KXMIASNOWM-26JAN-0.5,1,0.01,935,935.0,yes,buy,buy,,,,,2026-02-01T10:20:06.310376Z,Lose
2c4041af-f525-75c1-80da-da99874bf54b,573ec7d5-48a9-49c8-9915-2f25fa1fe143,KXMIASNOWM-26JAN-0.1,1,0.01,935,935.0,yes,buy,buy,,,,,2026-02-01T10:19:58.284993Z,Lose
15ce53e0-fcd9-4861-7cfe-bc57643b9763,573ec7d5-48a9-49c8-9915-2f25fa1fe143,KXMIASNOWM-26JAN-0.1,1,0.01,93,93.0,yes,buy,buy,,,,,2026-02-01T09:15:55.558365Z,Lose
082e3456-f74d-63fd-814d-ee87c2ab2473,573ec7d5-48a9-49c8-9915-2f25fa1fe143,KXMIASNOWM-26JAN-0.1,1,0.01,18,18.0,yes,buy,buy,,,,,2026-02-01T08:50:26.632629Z,Lose
96699e98-2395-7199-6702-d72840e7494f,573ec7d5-48a9-49c8-9915-2f25fa1fe143,KXMIASNOWM-26JAN-0.1,1,0.01,93,93.0,yes,buy,buy,,heroboyy,,2fa78799-4449-48e0-9240-38c4b501c07d,2026-02-01T08:47:12.144242Z,Lose
45a3235c-db75-4bb9-ed09-74c926358a0b,573ec7d5-48a9-49c8-9915-2f25fa1fe143,KXMIASNOWM-26JAN-0.1,1,0.01,46,46.0,yes,buy,buy,,sedflipshii,,309caa72-5c8d-4d80-8af1-1eb575187d85,2026-02-01T08:43:13.053377Z,Lose
acaa141f-cc6b-7a44-af4b-7af8e11db8ea,6cd3e8fd-414f-4743-be05-a05b1d7c98a5,KXMIASNOWM-26JAN-0.5,1,0.01,233,233.0,yes,buy,buy,,,,,2026-02-01T08:40:15.162519Z,Lose
3bde8a68-e2a9-41a5-f099-22128a38b16f,573ec7d5-48a9-49c8-9915-2f25fa1fe143,KXMIASNOWM-26JAN-0.1,1,0.01,93,93.0,yes,buy,buy,,green.horn,,0b1c2916-a7fd-4161-8017-3730f400d5f5,2026-02-01T08:28:42.527387Z,Lose
174a8df3-e9a9-5b25-ce22-04ee6aa024fb,573ec7d5-48a9-49c8-9915-2f25fa1fe143,KXMIASNOWM-26JAN-0.1,1,0.01,467,467.0,yes,buy,buy,,,,,2026-02-01T07:12:51.921587Z,Lose
1d9f4a44-7189-5d31-e144-5afbc0685dff,573ec7d5-48a9-49c8-9915-2f25fa1fe143,KXMIASNOWM-26JAN-0.1,1,0.01,93,93.0,yes,buy,buy,,,,,2026-02-01T07:12:51.430199Z,Lose
bd41c1bb-29f9-604d-ecdd-0b74a50831eb,573ec7d5-48a9-49c8-9915-2f25fa1fe143,KXMIASNOWM-26JAN-0.1,1,0.01,14,14.0,yes,buy,buy,,Radez,,3fa2e45c-96f3-4c18-8ae2-883d08509b9b,2026-02-01T06:53:26.996827Z,Lose
ad8d05f4-3b47-4a00-79c6-53861101b3af,e30118d1-113d-4134-9835-9fe65678ac18,KXMIASNOWM-26FEB-0.1,1,0.01,170,170.0,no,buy,buy,,,,,2026-02-01T06:43:17.903737Z,Win
909c682d-2e77-4bc6-74ee-c9d509901601,e30118d1-113d-4134-9835-9fe65678ac18,KXMIASNOWM-26FEB-0.1,1,0.01,5,5.0,no,buy,buy,,,,,2026-02-01T06:43:17.903737Z,Win
1d292daa-ef33-740c-4cbe-26c0ac988fa2,6cd3e8fd-414f-4743-be05-a05b1d7c98a5,KXMIASNOWM-26JAN-0.5,1,0.01,5,5.0,yes,buy,sell,,,,,2026-02-01T06:39:26.531348Z,Win
10dec914-12d9-5835-1ca4-0e5f3aabca6b,573ec7d5-48a9-49c8-9915-2f25fa1fe143,KXMIASNOWM-26JAN-0.1,1,0.01,93,93.0,yes,buy,buy,,,,,2026-02-01T05:58:05.103559Z,Lose
fe0b8168-d562-4b42-58ff-e8239cef9736,6cd3e8fd-414f-4743-be05-a05b1d7c98a5,KXMIASNOWM-26JAN-0.5,6,0.06,7,7.0,yes,buy,buy,pessimistic.gambler.mcgee,,c58a0515-1b93-4338-8e90-79437524311c,,2026-02-01T05:42:12.481352Z,Lose
403c512f-ad8b-463a-7e27-8c3033ee26aa,6cd3e8fd-414f-4743-be05-a05b1d7c98a5,KXMIASNOWM-26JAN-0.5,7,0.07,128,128.0,yes,buy,buy,,,,,2026-02-01T05:42:12.481352Z,Lose
c3700132-aea1-4106-5408-5e18ba5d598f,6cd3e8fd-414f-4743-be05-a05b1d7c98a5,KXMIASNOWM-26JAN-0.5,2,0.02,23,23.0,yes,sell,buy,,,,,2026-02-01T05:38:01.6287Z,Lose
34edf366-2e2f-40de-755f-4d0c96590bd2,6cd3e8fd-414f-4743-be05-a05b1d7c98a5,KXMIASNOWM-26JAN-0.5,7,0.07,9,9.0,yes,buy,buy,,,,,2026-02-01T05:38:01.6287Z,Lose
2576ec49-ee69-4f06-5658-72461c52fa93,6cd3e8fd-414f-4743-be05-a05b1d7c98a5,KXMIASNOWM-26JAN-0.5,2,0.02,37,37.0,yes,sell,buy,yvngajax,,8e100d7d-8f20-44d6-b9c7-4f3b7030c218,,2026-02-01T05:38:01.6287Z,Lose
ab84d914-ce89-54d5-c207-97a32780d533,573ec7d5-48a9-49c8-9915-2f25fa1fe143,KXMIASNOWM-26JAN-0.1,1,0.01,93,93.0,yes,buy,buy,,gbau99,,a9f7df09-abcb-4b9f-be84-d5f79e9eca8b,2026-02-01T05:22:57.567259Z,Lose
1d1f6878-3b2d-72d1-8c9c-db10844ff18b,573ec7d5-48a9-49c8-9915-2f25fa1fe143,KXMIASNOWM-26JAN-0.1,1,0.01,43,43.0,yes,buy,buy,,,,,2026-02-01T04:32:09.323719Z,Lose
5c4d3454-85f5-4d61-aa5d-42508c5e110f,573ec7d5-48a9-49c8-9915-2f25fa1fe143,KXMIASNOWM-26JAN-0.1,1,0.01,935,935.0,yes,buy,buy,,,,,2026-02-01T04:17:17.886598Z,Lose
50b46308-542d-5571-7563-d5e64d6c6bbf,573ec7d5-48a9-49c8-9915-2f25fa1fe143,KXMIASNOWM-26JAN-0.1,1,0.01,187,187.0,yes,buy,buy,,,,,2026-02-01T04:09:53.291076Z,Lose
633531ff-0c41-6e84-b424-792ef10211ae,e30118d1-113d-4134-9835-9fe65678ac18,KXMIASNOWM-26FEB-0.1,3,0.03,4,4.0,yes,buy,buy,,,,,2026-02-01T03:29:22.018025Z,Lose
b379fc3f-1573-49b8-7125-49b9c109bd92,573ec7d5-48a9-49c8-9915-2f25fa1fe143,KXMIASNOWM-26JAN-0.1,2,0.02,233,233.0,yes,buy,buy,,,,,2026-02-01T03:23:08.904274Z,Lose
fd5558fc-0f5a-4b64-70ae-1809f9d5dee9,6cd3e8fd-414f-4743-be05-a05b1d7c98a5,KXMIASNOWM-26JAN-0.5,1,0.01,467,467.0,yes,sell,buy,,,,,2026-02-01T03:20:54.269244Z,Lose
a3838255-645e-4932-7802-ffb38b9e2724,6cd3e8fd-414f-4743-be05-a05b1d7c98a5,KXMIASNOWM-26JAN-0.5,1,0.01,161,161.0,yes,buy,buy,,,,,2026-02-01T03:20:54.269244Z,Lose
6722bb05-e51c-427e-769c-92b031842629,6cd3e8fd-414f-4743-be05-a05b1d7c98a5,KXMIASNOWM-26JAN-0.5,1,0.01,69,69.0,yes,buy,buy,,,,,2026-02-01T03:20:54.269244Z,Lose
58831e1a-9356-4d3a-5040-32b150749efd,6cd3e8fd-414f-4743-be05-a05b1d7c98a5,KXMIASNOWM-26JAN-0.5,1,0.01,238,238.0,yes,buy,buy,,,,,2026-02-01T03:20:54.269244Z,Lose
1767ae6a-6127-6b5c-00ec-adceecceab9e,573ec7d5-48a9-49c8-9915-2f25fa1fe143,KXMIASNOWM-26JAN-0.1,2,0.02,93,93.0,yes,buy,buy,,,,,2026-02-01T03:16:04.489965Z,Lose
1dbc8d98-ed35-5694-7516-207b85708f0a,e30118d1-113d-4134-9835-9fe65678ac18,KXMIASNOWM-26FEB-0.1,3,0.03,75,75.0,yes,buy,buy,,,,,2026-02-01T03:15:43.534817Z,Lose
5d5c2c2a-7dd7-76f0-d172-4fd01fd560ca,573ec7d5-48a9-49c8-9915-2f25fa1fe143,KXMIASNOWM-26JAN-0.1,2,0.02,46,46.0,yes,buy,buy,,,,,2026-02-01T03:09:23.476331Z,Lose
2ec21bf2-cdb6-4c3e-bfe3-11b7180fad95,6cd3e8fd-414f-4743-be05-a05b1d7c98a5,KXMIASNOWM-26JAN-0.5,1,0.01,93,93.0,yes,buy,buy,,,,,2026-02-01T03:08:52.310434Z,Lose
3d308cd7-3342-5fa2-ed3a-81bf2a296fd5,6cd3e8fd-414f-4743-be05-a05b1d7c98a5,KXMIASNOWM-26JAN-0.5,1,0.01,654,654.0,yes,buy,buy,,,,,2026-02-01T03:02:32.839283Z,Lose
c15e1168-0e17-53e8-d267-722861414902,573ec7d5-48a9-49c8-9915-2f25fa1fe143,KXMIASNOWM-26JAN-0.1,2,0.02,46,46.0,yes,buy,buy,,,,,2026-02-01T02:59:01.22104Z,Lose
29361568-4da7-6391-f392-c240ae343b4b,864405f4-6eb2-4335-8dc9-f658913b3905,KXMIASNOWM-26JAN-1.0,1,0.01,93,93.0,yes,buy,buy,,bee.dock,,89ef692c-2c81-412e-b8cd-d8b5dfee43c0,2026-02-01T02:43:10.439828Z,Lose
d3364a97-5c68-7933-355c-6cd3201e4dd0,573ec7d5-48a9-49c8-9915-2f25fa1fe143,KXMIASNOWM-26JAN-0.1,3,0.03,62,62.0,yes,buy,buy,,bee.dock,,89ef692c-2c81-412e-b8cd-d8b5dfee43c0,2026-02-01T02:42:46.884007Z,Lose
f1c3f88c-cdb4-5bbb-2b78-2df17dafabb4,573ec7d5-48a9-49c8-9915-2f25fa1fe143,KXMIASNOWM-26JAN-0.1,3,0.03,31,31.0,yes,buy,buy,,bee.dock,,89ef692c-2c81-412e-b8cd-d8b5dfee43c0,2026-02-01T02:40:33.079215Z,Lose
e32f980a-1f16-6d76-def8-97d0b2d10f45,6cd3e8fd-414f-4743-be05-a05b1d7c98a5,KXMIASNOWM-26JAN-0.5,1,0.01,93,93.0,yes,buy,buy,,bee.dock,,89ef692c-2c81-412e-b8cd-d8b5dfee43c0,2026-02-01T02:38:43.308714Z,Lose
b0f17ff9-4d38-7f17-ea61-6bd474918134,573ec7d5-48a9-49c8-9915-2f25fa1fe143,KXMIASNOWM-26JAN-0.1,3,0.03,3,3.0,yes,buy,buy,,pool.slice,,a4f857b2-4a65-474f-a97d-f3d1b4a3aaab,2026-02-01T02:36:48.445615Z,Lose
e6413636-5f20-5d2b-cc33-a8f4075f3543,573ec7d5-48a9-49c8-9915-2f25fa1fe143,KXMIASNOWM-26JAN-0.1,1,0.01,2,2.0,no,sell,sell,,,,,2026-02-01T02:26:10.216728Z,Lose
598117a3-1187-591a-c902-1ce2bea7a1b7,573ec7d5-48a9-49c8-9915-2f25fa1fe143,KXMIASNOWM-26JAN-0.1,2,0.02,1,1.0,no,buy,sell,,,,,2026-02-01T02:26:10.216728Z,Lose
549832be-d72e-5efc-f8c5-8905a7b4c6d6,573ec7d5-48a9-49c8-9915-2f25fa1fe143,KXMIASNOWM-26JAN-0.1,1,0.01,27,27.0,no,sell,sell,,,,,2026-02-01T02:26:10.216728Z,Lose
5e842f21-f648-601f-dabf-9cbef3d43a18,573ec7d5-48a9-49c8-9915-2f25fa1fe143,KXMIASNOWM-26JAN-0.1,3,0.03,156,156.0,yes,buy,buy,,cdub01,,5fbd3f00-548c-4aba-8975-4a8f28fa0967,2026-02-01T02:23:26.155177Z,Lose
52962fa5-fc95-4604-6c82-531b1e1b6e57,573ec7d5-48a9-49c8-9915-2f25fa1fe143,KXMIASNOWM-26JAN-0.1,2,0.02,93,93.0,yes,sell,buy,,MamaKk333,,878a9a87-b5cf-4b63-a48f-9ce220557b3d,2026-02-01T02:04:30.383066Z,Lose
766b1a86-7f7a-4468-51d0-666a2a87a9a6,573ec7d5-48a9-49c8-9915-2f25fa1fe143,KXMIASNOWM-26JAN-0.1,1,0.01,10,10.0,no,sell,buy,,,,,2026-02-01T02:04:21.061726Z,Win
157a09e3-1c4a-7340-f65a-ad6c4429f9ca,573ec7d5-48a9-49c8-9915-2f25fa1fe143,KXMIASNOWM-26JAN-0.1,1,0.01,6,6.0,no,sell,sell,,,,,2026-02-01T01:58:50.785075Z,Lose
1459fd0b-e017-4012-d31b-eff89194dba1,573ec7d5-48a9-49c8-9915-2f25fa1fe143,KXMIASNOWM-26JAN-0.1,2,0.02,2,2.0,no,buy,sell,,,,,2026-02-01T01:57:07.431596Z,Lose
910e7999-d2b5-7544-4eb8-518427afbb28,573ec7d5-48a9-49c8-9915-2f25fa1fe143,KXMIASNOWM-26JAN-0.1,3,0.03,22,22.0,yes,sell,buy,,,,,2026-02-01T01:52:37.609136Z,Lose
24041d8b-2519-7180-76d4-88b6c048b9b1,573ec7d5-48a9-49c8-9915-2f25fa1fe143,KXMIASNOWM-26JAN-0.1,4,0.04,6,6.0,yes,buy,buy,,,,,2026-02-01T01:52:37.609136Z,Lose
b7cd6b9d-ac42-4a46-9b04-3f005eb0ea89,6cd3e8fd-414f-4743-be05-a05b1d7c98a5,KXMIASNOWM-26JAN-0.5,1,0.01,1402,1402.0,yes,buy,buy,,joceygreen,,358f747a-b53a-482c-8fd8-d64b7cc2533c,2026-02-01T01:50:28.172674Z,Lose
5f35481f-6c1c-7e1f-1c4b-ba9b291ecf6c,573ec7d5-48a9-49c8-9915-2f25fa1fe143,KXMIASNOWM-26JAN-0.1,7,0.07,13,13.0,yes,buy,buy,,blindtechpcs,,dec54c15-a3c8-4019-a997-b7134ffd42d4,2026-02-01T01:39:38.381957Z,Lose
06546830-d721-6094-e91f-09de1d51f4af,573ec7d5-48a9-49c8-9915-2f25fa1fe143,KXMIASNOWM-26JAN-0.1,6,0.06,13,13.0,no,buy,sell,,,,,2026-02-01T01:37:52.44203Z,Lose
65912e93-dd21-6788-10fe-3c843bdc4ee3,573ec7d5-48a9-49c8-9915-2f25fa1fe143,KXMIASNOWM-26JAN-0.1,6,0.06,187,187.0,no,buy,sell,,,,,2026-02-01T01:37:50.398835Z,Lose
9d5297d0-9b89-6bf0-accf-f623654e5027,573ec7d5-48a9-49c8-9915-2f25fa1fe143,KXMIASNOWM-26JAN-0.1,6,0.06,200,200.0,no,buy,buy,,airmason,,f9d584db-af57-46b9-840c-1fdc21a4ed27,2026-02-01T01:37:37.331833Z,Win
e115811b-99fc-5e53-2dde-f3e14e9c0734,573ec7d5-48a9-49c8-9915-2f25fa1fe143,KXMIASNOWM-26JAN-0.1,7,0.07,40,40.0,yes,buy,buy,,,,,2026-02-01T01:36:44.079151Z,Lose
2e890178-7f24-6133-9c84-f40304f44008,573ec7d5-48a9-49c8-9915-2f25fa1fe143,KXMIASNOWM-26JAN-0.1,7,0.07,13,13.0,yes,buy,buy,,,,,2026-02-01T01:34:43.087654Z,Lose
afef4927-9129-7328-02fd-aad0c3176f17,573ec7d5-48a9-49c8-9915-2f25fa1fe143,KXMIASNOWM-26JAN-0.1,6,0.06,89,89.0,no,buy,buy,,,,,2026-02-01T01:30:30.100707Z,Win
b12986d7-b2c2-7c72-1a38-f63323f5998a,573ec7d5-48a9-49c8-9915-2f25fa1fe143,KXMIASNOWM-26JAN-0.1,6,0.06,14,14.0,yes,sell,buy,,,,,2026-02-01T01:27:35.82036Z,Lose
d07cd90f-1361-77ee-eb8f-8654825a4f81,573ec7d5-48a9-49c8-9915-2f25fa1fe143,KXMIASNOWM-26JAN-0.1,6,0.06,19,19.0,yes,sell,buy,,AyoAustinsCalling772,,67f87a75-0f70-4c93-939f-8c17ecb675aa,2026-02-01T01:15:29.441419Z,Lose
2b552b60-dc3c-658c-7ef9-c6a41cbe8678,573ec7d5-48a9-49c8-9915-2f25fa1fe143,KXMIASNOWM-26JAN-0.1,2,0.02,2,2.0,no,buy,buy,,,,,2026-02-01T00:39:14.569808Z,Win
887fcdb1-49da-4cd4-2963-beeacf58051a,573ec7d5-48a9-49c8-9915-2f25fa1fe143,KXMIASNOWM-26JAN-0.1,1,0.01,28,28.0,no,sell,buy,,,,,2026-02-01T00:28:52.9355Z,Win
d87f515b-5345-6458-b42d-614789f2c715,573ec7d5-48a9-49c8-9915-2f25fa1fe143,KXMIASNOWM-26JAN-0.1,2,0.02,3,3.0,no,buy,buy,,,,,2026-02-01T00:28:43.277289Z,Win
5ae1e72c-df14-6563-a55d-4f5aea51e5aa,573ec7d5-48a9-49c8-9915-2f25fa1fe143,KXMIASNOWM-26JAN-0.1,2,0.02,1,1.0,no,buy,buy,,,,,2026-02-01T00:28:43.277289Z,Win
fb025e4b-5186-68f7-68fe-7c59ce5d19f3,573ec7d5-48a9-49c8-9915-2f25fa1fe143,KXMIASNOWM-26JAN-0.1,5,0.05,187,187.0,yes,buy,buy,,tacticalvudu,,68a9b146-006c-4b51-85de-d4254aae2659,2026-02-01T00:26:36.603641Z,Lose
333ca883-aed4-747c-5e34-6a53b4224ede,573ec7d5-48a9-49c8-9915-2f25fa1fe143,KXMIASNOWM-26JAN-0.1,4,0.04,448,448.0,no,buy,sell,,tacticalvudu,,68a9b146-006c-4b51-85de-d4254aae2659,2026-02-01T00:26:13.40355Z,Lose
bbbc5487-b61c-4e20-7cf6-e091ce3444ae,573ec7d5-48a9-49c8-9915-2f25fa1fe143,KXMIASNOWM-26JAN-0.1,4,0.04,33,33.0,no,buy,buy,,,,,2026-02-01T00:25:37.986212Z,Win
353a6c88-dfc8-5b48-5cb3-6159c122fc62,573ec7d5-48a9-49c8-9915-2f25fa1fe143,KXMIASNOWM-26JAN-0.1,4,0.04,46,46.0,no,buy,sell,,class.tube,,fdb4512a-283b-48a6-a20b-f99b2ed71607,2026-02-01T00:25:04.229828Z,Lose
d8dcd915-9563-694d-d1e9-8b1d979029af,573ec7d5-48a9-49c8-9915-2f25fa1fe143,KXMIASNOWM-26JAN-0.1,4,0.04,35,35.0,yes,sell,buy,,,,,2026-02-01T00:24:40.032318Z,Lose
3bc1a8ea-f005-63ff-d91b-06bd13c8e8be,573ec7d5-48a9-49c8-9915-2f25fa1fe143,KXMIASNOWM-26JAN-0.1,4,0.04,7,7.0,yes,sell,buy,,,,,2026-02-01T00:24:40.032318Z,Lose
d545f757-489b-64c8-0c02-05559fe3608d,573ec7d5-48a9-49c8-9915-2f25fa1fe143,KXMIASNOWM-26JAN-0.1,9,0.09,468,468.0,yes,buy,buy,,,,,2026-02-01T00:10:42.788491Z,Lose
7e623f8b-9ba9-6815-2a40-6f27d6cb2d60,573ec7d5-48a9-49c8-9915-2f25fa1fe143,KXMIASNOWM-26JAN-0.1,8,0.08,35,35.0,yes,sell,buy,,,,,2026-02-01T00:10:42.788491Z,Lose
14cb74c6-2dfd-6d4e-2739-d90a25cc899b,573ec7d5-48a9-49c8-9915-2f25fa1fe143,KXMIASNOWM-26JAN-0.1,8,0.08,25,25.0,yes,sell,buy,,,,,2026-02-01T00:10:42.788491Z,Lose
19b0c3f0-401a-7eee-7c64-4c9624560532,e30118d1-113d-4134-9835-9fe65678ac18,KXMIASNOWM-26FEB-0.1,5,0.05,100,100.0,yes,buy,buy,,,,,2026-02-01T00:06:29.149831Z,Lose
cf1401a6-89f1-6e48-53b3-0fab0f556634,573ec7d5-48a9-49c8-9915-2f25fa1fe143,KXMIASNOWM-26JAN-0.1,8,0.08,62,62.0,yes,buy,buy,,grand.edge,,217ca919-86e2-487b-be68-44702bb62777,2026-02-01T00:05:21.961508Z,Lose
5f8e8d1e-33ff-62ec-49f8-e489629a6dab,573ec7d5-48a9-49c8-9915-2f25fa1fe143,KXMIASNOWM-26JAN-0.1,7,0.07,2,2.0,yes,buy,buy,,grand.edge,,217ca919-86e2-487b-be68-44702bb62777,2026-02-01T00:05:21.961508Z,Lose
155a66be-59f0-6595-714b-3336ba902ef5,573ec7d5-48a9-49c8-9915-2f25fa1fe143,KXMIASNOWM-26JAN-0.1,8,0.08,77,77.0,yes,sell,buy,,grand.edge,,217ca919-86e2-487b-be68-44702bb62777,2026-02-01T00:05:21.961508Z,Lose
28fd0283-ee68-7c2d-7409-79ee63336fe1,573ec7d5-48a9-49c8-9915-2f25fa1fe143,KXMIASNOWM-26JAN-0.1,8,0.08,23,23.0,yes,sell,buy,,,,,2026-02-01T00:04:27.022836Z,Lose
f3330835-7467-7f98-e874-d2acb9033381,573ec7d5-48a9-49c8-9915-2f25fa1fe143,KXMIASNOWM-26JAN-0.1,9,0.09,411,411.0,yes,buy,buy,,,,,2026-02-01T00:00:13.067025Z,Lose
1b2a4405-ff86-7226-d002-1e36c7d19217,573ec7d5-48a9-49c8-9915-2f25fa1fe143,KXMIASNOWM-26JAN-0.1,8,0.08,7,7.0,yes,buy,buy,pessimistic.gambler.mcgee,,c58a0515-1b93-4338-8e90-79437524311c,,2026-02-01T00:00:13.067025Z,Lose
fc700099-3d12-701b-1e21-fc6901c9d73f,573ec7d5-48a9-49c8-9915-2f25fa1fe143,KXMIASNOWM-26JAN-0.1,4,0.04,6,6.0,yes,sell,buy,,,,,2026-01-31T23:59:29.729923Z,Lose
f2f6b62c-e7e1-7e1c-2b05-bc10106aee65,573ec7d5-48a9-49c8-9915-2f25fa1fe143,KXMIASNOWM-26JAN-0.1,8,0.08,200,200.0,yes,buy,buy,,,,,2026-01-31T23:59:29.729923Z,Lose
f2be29a2-562c-7c99-3fb0-a5c66fb418ab,573ec7d5-48a9-49c8-9915-2f25fa1fe143,KXMIASNOWM-26JAN-0.1,1,0.01,156,156.0,yes,sell,buy,sun.catch,,576bc515-17f1-4ace-b533-8825eb3f9248,,2026-01-31T23:59:29.729923Z,Lose
ed747d71-b149-7936-10f3-fa320137d144,573ec7d5-48a9-49c8-9915-2f25fa1fe143,KXMIASNOWM-26JAN-0.1,1,0.01,467,467.0,yes,sell,buy,,,,,2026-01-31T23:59:29.729923Z,Lose
de8bd717-c449-72ac-1b00-c7b090a08d85,573ec7d5-48a9-49c8-9915-2f25fa1fe143,KXMIASNOWM-26JAN-0.1,5,0.05,13,13.0,yes,sell,buy,,,,,2026-01-31T23:59:29.729923Z,Lose
d7185ac4-57f1-7670-0d34-9e2dc4ad2279,573ec7d5-48a9-49c8-9915-2f25fa1fe143,KXMIASNOWM-26JAN-0.1,3,0.03,8,8.0,yes,sell,buy,,,,,2026-01-31T23:59:29.729923Z,Lose
b4000f9f-86ea-79a0-398a-618ecca2de0d,573ec7d5-48a9-49c8-9915-2f25fa1fe143,KXMIASNOWM-26JAN-0.1,4,0.04,6,6.0,yes,sell,buy,,,,,2026-01-31T23:59:29.729923Z,Lose
b319bf16-da02-7e32-0b88-eb8ca10004f5,573ec7d5-48a9-49c8-9915-2f25fa1fe143,KXMIASNOWM-26JAN-0.1,4,0.04,227,227.0,yes,sell,buy,,,,,2026-01-31T23:59:29.729923Z,Lose
b10d850e-ed77-7413-19f9-44a005d72142,573ec7d5-48a9-49c8-9915-2f25fa1fe143,KXMIASNOWM-26JAN-0.1,3,0.03,140,140.0,yes,sell,buy,,,,,2026-01-31T23:59:29.729923Z,Lose
a6699750-c0b9-79b1-37ac-21e9da5de868,573ec7d5-48a9-49c8-9915-2f25fa1fe143,KXMIASNOWM-26JAN-0.1,3,0.03,980,980.0,yes,sell,buy,,,,,2026-01-31T23:59:29.729923Z,Lose
9e07fef9-73ee-7d95-128f-1932ab701c34,573ec7d5-48a9-49c8-9915-2f25fa1fe143,KXMIASNOWM-26JAN-0.1,3,0.03,5,5.0,yes,sell,buy,,,,,2026-01-31T23:59:29.729923Z,Lose
8c5b6861-7c1e-72a8-3565-529d6792f05b,573ec7d5-48a9-49c8-9915-2f25fa1fe143,KXMIASNOWM-26JAN-0.1,3,0.03,525,525.0,yes,sell,buy,,,,,2026-01-31T23:59:29.729923Z,Lose
83d5d52d-016a-7e5b-1a9b-0ca5638ccb0c,573ec7d5-48a9-49c8-9915-2f25fa1fe143,KXMIASNOWM-26JAN-0.1,3,0.03,93,93.0,yes,sell,buy,,,,,2026-01-31T23:59:29.729923Z,Lose
7c1871af-3beb-78d4-194a-cc2e846be11d,573ec7d5-48a9-49c8-9915-2f25fa1fe143,KXMIASNOWM-26JAN-0.1,9,0.09,327,327.0,yes,buy,buy,,,,,2026-01-31T23:59:29.729923Z,Lose
5e7c54ba-27f0-77b4-0f53-b9766318a1a5,573ec7d5-48a9-49c8-9915-2f25fa1fe143,KXMIASNOWM-26JAN-0.1,5,0.05,13,13.0,yes,sell,buy,,,,,2026-01-31T23:59:29.729923Z,Lose
5def65aa-c88d-7d2f-1853-33df092d6c78,573ec7d5-48a9-49c8-9915-2f25fa1fe143,KXMIASNOWM-26JAN-0.1,3,0.03,42,42.0,yes,sell,buy,,,,,2026-01-31T23:59:29.729923Z,Lose
568fe452-b8bb-7583-3531-f654c28971ac,573ec7d5-48a9-49c8-9915-2f25fa1fe143,KXMIASNOWM-26JAN-0.1,3,0.03,532,532.0,yes,sell,buy,,,,,2026-01-31T23:59:29.729923Z,Lose
5680178a-8df6-7c2c-0dfb-1445036fda8f,573ec7d5-48a9-49c8-9915-2f25fa1fe143,KXMIASNOWM-26JAN-0.1,3,0.03,6,6.0,yes,sell,buy,,,,,2026-01-31T23:59:29.729923Z,Lose
531458d4-f049-7253-05d0-b585e5ce0d0a,573ec7d5-48a9-49c8-9915-2f25fa1fe143,KXMIASNOWM-26JAN-0.1,3,0.03,5,5.0,yes,sell,buy,,,,,2026-01-31T23:59:29.729923Z,Lose
5105314d-dca5-7f12-2152-3aca1e54dca6,573ec7d5-48a9-49c8-9915-2f25fa1fe143,KXMIASNOWM-26JAN-0.1,3,0.03,438,438.0,yes,sell,buy,,,,,2026-01-31T23:59:29.729923Z,Lose
44e2a348-5b19-7d07-38eb-0e28b68111a7,573ec7d5-48a9-49c8-9915-2f25fa1fe143,KXMIASNOWM-26JAN-0.1,1,0.01,855,855.0,yes,sell,buy,,,,,2026-01-31T23:59:29.729923Z,Lose
38cfa8d7-8b07-782c-2841-9f4b8b88af63,573ec7d5-48a9-49c8-9915-2f25fa1fe143,KXMIASNOWM-26JAN-0.1,3,0.03,281,281.0,yes,sell,buy,,,,,2026-01-31T23:59:29.729923Z,Lose
2ce900f7-e9c7-7286-35e1-021f4fa2822c,573ec7d5-48a9-49c8-9915-2f25fa1fe143,KXMIASNOWM-26JAN-0.1,1,0.01,5,5.0,yes,buy,buy,,,,,2026-01-31T23:59:29.729923Z,Lose
0b9c9a15-d777-75f8-311d-865e86977904,573ec7d5-48a9-49c8-9915-2f25fa1fe143,KXMIASNOWM-26JAN-0.1,1,0.01,2337,2337.0,yes,sell,buy,,,,,2026-01-31T23:59:29.729923Z,Lose
043ffe76-eefb-7d3c-098a-8630ca18e86a,573ec7d5-48a9-49c8-9915-2f25fa1fe143,KXMIASNOWM-26JAN-0.1,1,0.01,69,69.0,yes,buy,buy,,,,,2026-01-31T23:59:29.729923Z,Lose
00dce1dc-2fa5-7eaf-13e8-e233f90b4908,573ec7d5-48a9-49c8-9915-2f25fa1fe143,KXMIASNOWM-26JAN-0.1,5,0.05,10,10.0,yes,sell,buy,,,,,2026-01-31T23:59:29.729923Z,Lose
2e32091c-6a1d-4217-23c3-8bbf0b49f3ab,573ec7d5-48a9-49c8-9915-2f25fa1fe143,KXMIASNOWM-26JAN-0.1,1,0.01,935,935.0,yes,sell,buy,,,,,2026-01-31T23:49:47.218569Z,Lose
7d4de699-e5b9-577f-5668-4f645832f8f7,573ec7d5-48a9-49c8-9915-2f25fa1fe143,KXMIASNOWM-26JAN-0.1,1,0.01,93,93.0,yes,sell,buy,,,,,2026-01-31T23:13:00.144329Z,Lose
896738d1-e8b9-5b7b-530c-a6bbaf47e25b,573ec7d5-48a9-49c8-9915-2f25fa1fe143,KXMIASNOWM-26JAN-0.1,1,0.01,467,467.0,yes,sell,buy,,,,,2026-01-31T23:00:39.65431Z,Lose
9b2bfb1d-4f31-5893-fcb1-ea99193a78a7,573ec7d5-48a9-49c8-9915-2f25fa1fe143,KXMIASNOWM-26JAN-0.1,1,0.01,280,280.0,yes,sell,buy,,,,,2026-01-31T22:55:34.885052Z,Lose
b859b4e6-5bb5-4c37-2cfb-31c42d3d8133,573ec7d5-48a9-49c8-9915-2f25fa1fe143,KXMIASNOWM-26JAN-0.1,1,0.01,93,93.0,yes,sell,buy,,,,,2026-01-31T22:35:47.532677Z,Lose
cf07b572-cfae-66d2-d3e5-e0327cd14941,6cd3e8fd-414f-4743-be05-a05b1d7c98a5,KXMIASNOWM-26JAN-0.5,1,0.01,467,467.0,yes,buy,buy,,,,,2026-01-31T22:21:05.59684Z,Lose
89e8b628-c2c9-77b7-3007-9a3bfcf77837,573ec7d5-48a9-49c8-9915-2f25fa1fe143,KXMIASNOWM-26JAN-0.1,1,0.01,935,935.0,yes,sell,buy,,,,,2026-01-31T22:00:46.370678Z,Lose
edf1fe30-9c2e-5106-1854-e4dbd289b6b9,6cd3e8fd-414f-4743-be05-a05b1d7c98a5,KXMIASNOWM-26JAN-0.5,1,0.01,93,93.0,yes,buy,buy,,,,,2026-01-31T21:56:44.565744Z,Lose
c604ea2c-484a-5eda-b41a-50c7fa4aa311,6cd3e8fd-414f-4743-be05-a05b1d7c98a5,KXMIASNOWM-26JAN-0.5,1,0.01,93,93.0,yes,buy,buy,,knownjamesasnames,,46a5a864-79a0-4879-8c84-032b964f7ee2,2026-01-31T21:06:14.473267Z,Lose
5e25093e-857e-4ece-8e91-1c64c7f152a9,6cd3e8fd-414f-4743-be05-a05b1d7c98a5,KXMIASNOWM-26JAN-0.5,1,0.01,467,467.0,yes,buy,buy,,,,,2026-01-31T21:03:26.775867Z,Lose
e915b15b-d7e9-7047-6858-4cdec9c82707,573ec7d5-48a9-49c8-9915-2f25fa1fe143,KXMIASNOWM-26JAN-0.1,1,0.01,280,280.0,yes,sell,buy,,,,,2026-01-31T21:02:19.948973Z,Lose
47f5cc49-2735-590f-ef52-0dbad6cb430f,573ec7d5-48a9-49c8-9915-2f25fa1fe143,KXMIASNOWM-26JAN-0.1,1,0.01,187,187.0,yes,sell,buy,,,,,2026-01-31T20:10:32.145376Z,Lose
1f00e50f-ac16-6de6-5aa9-a52a38178a49,6cd3e8fd-414f-4743-be05-a05b1d7c98a5,KXMIASNOWM-26JAN-0.5,1,0.01,935,935.0,yes,buy,buy,,conniemak0816,,d1cf59ec-ab35-4132-a129-ae35efc6d9c1,2026-01-31T19:38:45.295378Z,Lose
efeae72b-4e51-526f-9d8d-e2a14be2a383,573ec7d5-48a9-49c8-9915-2f25fa1fe143,KXMIASNOWM-26JAN-0.1,1,0.01,37,37.0,yes,sell,buy,,,,,2026-01-31T19:38:44.279657Z,Lose
4f4b572c-7776-5ac7-1b6c-556c46e254fd,573ec7d5-48a9-49c8-9915-2f25fa1fe143,KXMIASNOWM-26JAN-0.1,1,0.01,491,491.0,yes,sell,buy,brand.range,conniemak0816,783896a9-a6bf-42b5-9df0-2dda3e907629,d1cf59ec-ab35-4132-a129-ae35efc6d9c1,2026-01-31T19:37:00.110063Z,Lose
3edc2de9-f465-55e7-316c-1b3bb8970d0b,573ec7d5-48a9-49c8-9915-2f25fa1fe143,KXMIASNOWM-26JAN-0.1,1,0.01,444,444.0,yes,sell,buy,,conniemak0816,,d1cf59ec-ab35-4132-a129-ae35efc6d9c1,2026-01-31T19:37:00.110063Z,Lose
48c68ceb-aca6-6757-7c79-c17f877958cd,573ec7d5-48a9-49c8-9915-2f25fa1fe143,KXMIASNOWM-26JAN-0.1,1,0.01,93,93.0,yes,sell,buy,brand.range,,783896a9-a6bf-42b5-9df0-2dda3e907629,,2026-01-31T19:34:17.85293Z,Lose
f7ff96a3-dd16-631a-e00c-7633a259f291,6cd3e8fd-414f-4743-be05-a05b1d7c98a5,KXMIASNOWM-26JAN-0.5,1,0.01,93,93.0,yes,buy,buy,,,,,2026-01-31T19:33:58.473697Z,Lose
7ea4597b-e5f6-6be7-4962-b923fdd66e01,573ec7d5-48a9-49c8-9915-2f25fa1fe143,KXMIASNOWM-26JAN-0.1,1,0.01,187,187.0,yes,sell,buy,brand.range,,783896a9-a6bf-42b5-9df0-2dda3e907629,,2026-01-31T19:31:01.50377Z,Lose
c93d92b6-cd82-6e83-c40a-5c4a0a08f5c5,573ec7d5-48a9-49c8-9915-2f25fa1fe143,KXMIASNOWM-26JAN-0.1,1,0.01,93,93.0,yes,sell,buy,brand.range,,783896a9-a6bf-42b5-9df0-2dda3e907629,,2026-01-31T19:30:45.624037Z,Lose
d507d396-36ba-7c32-cd81-693ca0d947e6,e30118d1-113d-4134-9835-9fe65678ac18,KXMIASNOWM-26FEB-0.1,5,0.05,187,187.0,yes,buy,buy,,,,,2026-01-31T19:06:08.432348Z,Lose
37e62fce-8bce-5803-67bf-447c6a200f0d,573ec7d5-48a9-49c8-9915-2f25fa1fe143,KXMIASNOWM-26JAN-0.1,1,0.01,93,93.0,yes,sell,buy,brand.range,pad.weed,783896a9-a6bf-42b5-9df0-2dda3e907629,ecd5cf16-f461-4a47-bdc7-c0c91a15bb9d,2026-01-31T18:20:35.271089Z,Lose
99647bce-fff2-6b6f-fde3-24afaa1c8605,573ec7d5-48a9-49c8-9915-2f25fa1fe143,KXMIASNOWM-26JAN-0.1,1,0.01,93,93.0,yes,sell,buy,brand.range,soil.fool,783896a9-a6bf-42b5-9df0-2dda3e907629,c3209b57-523c-47ea-871c-0abbcecb67ac,2026-01-31T17:41:04.239347Z,Lose
5840e680-31aa-469f-3081-c4adc642afdd,573ec7d5-48a9-49c8-9915-2f25fa1fe143,KXMIASNOWM-26JAN-0.1,1,0.01,467,467.0,yes,sell,buy,brand.range,,783896a9-a6bf-42b5-9df0-2dda3e907629,,2026-01-31T17:36:27.947209Z,Lose
2bc43734-098e-6ebe-2b67-0821bc8fb62a,e30118d1-113d-4134-9835-9fe65678ac18,KXMIASNOWM-26FEB-0.1,5,0.05,71,71.0,yes,buy,buy,,,,,2026-01-31T17:36:04.775619Z,Lose
c04b0267-71a2-570b-72db-36ea1c413bdd,573ec7d5-48a9-49c8-9915-2f25fa1fe143,KXMIASNOWM-26JAN-0.1,1,0.01,467,467.0,yes,sell,buy,brand.range,,783896a9-a6bf-42b5-9df0-2dda3e907629,,2026-01-31T17:08:17.15038Z,Lose
8b849017-246e-793a-77b1-c3a74ed6e801,6cd3e8fd-414f-4743-be05-a05b1d7c98a5,KXMIASNOWM-26JAN-0.5,1,0.01,2337,2337.0,yes,buy,buy,,,,,2026-01-31T17:03:54.186342Z,Lose
8ef91d6c-358e-467f-3f9a-b75b470094a1,573ec7d5-48a9-49c8-9915-2f25fa1fe143,KXMIASNOWM-26JAN-0.1,1,0.01,2337,2337.0,yes,sell,buy,brand.range,,783896a9-a6bf-42b5-9df0-2dda3e907629,,2026-01-31T16:49:35.0305Z,Lose
e8334194-5c6a-65db-9af8-7450eec1ded1,573ec7d5-48a9-49c8-9915-2f25fa1fe143,KXMIASNOWM-26JAN-0.1,1,0.01,467,467.0,yes,sell,buy,brand.range,,783896a9-a6bf-42b5-9df0-2dda3e907629,,2026-01-31T16:30:18.002969Z,Lose
5489c291-3c6a-57d3-eb35-59dac8a0d46d,573ec7d5-48a9-49c8-9915-2f25fa1fe143,KXMIASNOWM-26JAN-0.1,1,0.01,2337,2337.0,yes,sell,buy,brand.range,,783896a9-a6bf-42b5-9df0-2dda3e907629,,2026-01-31T16:04:13.499084Z,Lose
48cbbf4d-6dfa-4b27-005f-4b3a1243debd,573ec7d5-48a9-49c8-9915-2f25fa1fe143,KXMIASNOWM-26JAN-0.1,1,0.01,467,467.0,yes,sell,buy,brand.range,Ben.money,783896a9-a6bf-42b5-9df0-2dda3e907629,b718e53b-0c93-4421-9aeb-3ea19cf48fa9,2026-01-31T16:00:42.721387Z,Lose
65a05d1c-8422-5cbb-1a4f-2576fead0a99,573ec7d5-48a9-49c8-9915-2f25fa1fe143,KXMIASNOWM-26JAN-0.1,1,0.01,935,935.0,yes,sell,buy,brand.range,,783896a9-a6bf-42b5-9df0-2dda3e907629,,2026-01-31T15:58:13.092562Z,Lose
6be186a7-4942-6d23-72a2-fec34b6b1bf9,573ec7d5-48a9-49c8-9915-2f25fa1fe143,KXMIASNOWM-26JAN-0.1,1,0.01,935,935.0,yes,sell,buy,brand.range,,783896a9-a6bf-42b5-9df0-2dda3e907629,,2026-01-31T15:58:09.936218Z,Lose
4795a39d-2a2e-505f-e23f-4d289f253531,573ec7d5-48a9-49c8-9915-2f25fa1fe143,KXMIASNOWM-26JAN-0.1,1,0.01,467,467.0,yes,sell,buy,brand.range,san2r,783896a9-a6bf-42b5-9df0-2dda3e907629,ccabae9f-7dc4-4049-b71a-6b65a216d0f2,2026-01-31T15:51:10.548091Z,Lose
ddd438af-011a-568b-fd12-3d3ab9c26759,573ec7d5-48a9-49c8-9915-2f25fa1fe143,KXMIASNOWM-26JAN-0.1,1,0.01,187,187.0,yes,sell,buy,brand.range,tall.stretch,783896a9-a6bf-42b5-9df0-2dda3e907629,a921e09a-430d-4059-8817-c825d0d88b16,2026-01-31T15:35:48.711419Z,Lose
6808cdc2-5b62-7bef-8a36-5a1cf939c7d9,573ec7d5-48a9-49c8-9915-2f25fa1fe143,KXMIASNOWM-26JAN-0.1,1,0.01,93,93.0,yes,sell,buy,brand.range,jusiage,783896a9-a6bf-42b5-9df0-2dda3e907629,3e5fb464-501a-4929-85ce-6c30eb35f97e,2026-01-31T15:30:38.598323Z,Lose
03bfe33a-c3d2-7e1b-3ee0-cbe6a7024f85,573ec7d5-48a9-49c8-9915-2f25fa1fe143,KXMIASNOWM-26JAN-0.1,1,0.01,374,374.0,yes,sell,buy,brand.range,,783896a9-a6bf-42b5-9df0-2dda3e907629,,2026-01-31T14:42:51.099553Z,Lose
9ec3492e-cfce-6373-ac59-014d398ebe59,573ec7d5-48a9-49c8-9915-2f25fa1fe143,KXMIASNOWM-26JAN-0.1,1,0.01,935,935.0,yes,sell,buy,brand.range,,783896a9-a6bf-42b5-9df0-2dda3e907629,,2026-01-31T14:40:25.905444Z,Lose
90c11c36-4b52-5383-7f40-bd9b4f5a52fd,573ec7d5-48a9-49c8-9915-2f25fa1fe143,KXMIASNOWM-26JAN-0.1,1,0.01,467,467.0,yes,sell,buy,brand.range,,783896a9-a6bf-42b5-9df0-2dda3e907629,,2026-01-31T14:35:06.025676Z,Lose
cfe86ca4-b3b6-74b3-318b-96da4aea2fc1,573ec7d5-48a9-49c8-9915-2f25fa1fe143,KXMIASNOWM-26JAN-0.1,1,0.01,187,187.0,yes,sell,buy,brand.range,,783896a9-a6bf-42b5-9df0-2dda3e907629,,2026-01-31T14:16:03.389853Z,Lose
ca6c382d-2eda-60bf-48d6-8fcb6c823065,573ec7d5-48a9-49c8-9915-2f25fa1fe143,KXMIASNOWM-26JAN-0.1,1,0.01,374,374.0,yes,sell,buy,brand.range,,783896a9-a6bf-42b5-9df0-2dda3e907629,,2026-01-31T13:39:58.207843Z,Lose
bd0cad13-59da-4863-e973-042dcb8c101d,573ec7d5-48a9-49c8-9915-2f25fa1fe143,KXMIASNOWM-26JAN-0.1,1,0.01,93,93.0,yes,sell,buy,brand.range,,783896a9-a6bf-42b5-9df0-2dda3e907629,,2026-01-31T12:26:01.033286Z,Lose
05e72f12-a712-654f-e98d-0192f1b50f65,573ec7d5-48a9-49c8-9915-2f25fa1fe143,KXMIASNOWM-26JAN-0.1,1,0.01,467,467.0,yes,sell,buy,brand.range,,783896a9-a6bf-42b5-9df0-2dda3e907629,,2026-01-31T12:12:03.26312Z,Lose
1571b193-f8d2-7ae2-57d5-124634cd038d,6cd3e8fd-414f-4743-be05-a05b1d7c98a5,KXMIASNOWM-26JAN-0.5,1,0.01,93,93.0,yes,buy,buy,,lukerides269,,ed10a779-891f-4925-a5aa-a2abdfc488fa,2026-01-31T10:56:09.755546Z,Lose
1f64146c-1d92-500b-bc91-e06bf9b6d881,573ec7d5-48a9-49c8-9915-2f25fa1fe143,KXMIASNOWM-26JAN-0.1,1,0.01,93,93.0,yes,sell,buy,brand.range,lukerides269,783896a9-a6bf-42b5-9df0-2dda3e907629,ed10a779-891f-4925-a5aa-a2abdfc488fa,2026-01-31T10:51:34.003022Z,Lose
aeb0077e-ed5a-4733-ecb4-e4cfbf03c7b9,573ec7d5-48a9-49c8-9915-2f25fa1fe143,KXMIASNOWM-26JAN-0.1,1,0.01,280,280.0,yes,sell,buy,brand.range,,783896a9-a6bf-42b5-9df0-2dda3e907629,,2026-01-31T10:15:45.248113Z,Lose
e3f20661-d296-500b-cafb-7aa81882b021,573ec7d5-48a9-49c8-9915-2f25fa1fe143,KXMIASNOWM-26JAN-0.1,1,0.01,935,935.0,yes,sell,buy,brand.range,,783896a9-a6bf-42b5-9df0-2dda3e907629,,2026-01-31T07:09:11.903303Z,Lose
f5acc330-4166-550f-6508-bf0a621438c9,573ec7d5-48a9-49c8-9915-2f25fa1fe143,KXMIASNOWM-26JAN-0.1,1,0.01,935,935.0,yes,sell,buy,brand.range,rodz3,783896a9-a6bf-42b5-9df0-2dda3e907629,48508902-4c1b-48ad-9fa3-ac617579fa03,2026-01-31T05:26:29.911819Z,Lose
d8668ce1-efde-5846-196d-f552fc15019d,6cd3e8fd-414f-4743-be05-a05b1d7c98a5,KXMIASNOWM-26JAN-0.5,1,0.01,935,935.0,yes,buy,buy,,yona13,,c6142275-92b1-4216-89fc-1f7a6b6ec300,2026-01-31T05:09:56.682103Z,Lose
88a2f6d6-76b2-5807-1dfd-8ea5fd217d09,573ec7d5-48a9-49c8-9915-2f25fa1fe143,KXMIASNOWM-26JAN-0.1,1,0.01,467,467.0,yes,sell,buy,brand.range,,783896a9-a6bf-42b5-9df0-2dda3e907629,,2026-01-31T04:45:45.767835Z,Lose
291ded12-c45a-7bef-6c56-c75d36ebd6f9,573ec7d5-48a9-49c8-9915-2f25fa1fe143,KXMIASNOWM-26JAN-0.1,1,0.01,1402,1402.0,yes,sell,buy,brand.range,,783896a9-a6bf-42b5-9df0-2dda3e907629,,2026-01-31T04:45:00.348273Z,Lose
af644614-288a-6517-8481-f5c5ba8f7f41,573ec7d5-48a9-49c8-9915-2f25fa1fe143,KXMIASNOWM-26JAN-0.1,1,0.01,935,935.0,yes,sell,buy,brand.range,,783896a9-a6bf-42b5-9df0-2dda3e907629,,2026-01-31T04:35:56.172698Z,Lose
5f35bb36-aae6-519f-80e1-c08d909dcf4d,573ec7d5-48a9-49c8-9915-2f25fa1fe143,KXMIASNOWM-26JAN-0.1,1,0.01,467,467.0,yes,sell,buy,brand.range,anthonyc0627,783896a9-a6bf-42b5-9df0-2dda3e907629,e2d3db02-92b9-4a33-9466-76eb93b5828b,2026-01-31T04:05:17.732063Z,Lose
a6a1e335-bada-6503-570f-a7e032b2d73d,573ec7d5-48a9-49c8-9915-2f25fa1fe143,KXMIASNOWM-26JAN-0.1,1,0.01,93,93.0,yes,sell,buy,brand.range,Derrick4444,783896a9-a6bf-42b5-9df0-2dda3e907629,4bbe258a-517e-4ce9-84ab-d87f3c62f094,2026-01-31T03:30:07.055253Z,Lose
16d7c3ee-0472-4dde-7142-1030ce8cca25,6cd3e8fd-414f-4743-be05-a05b1d7c98a5,KXMIASNOWM-26JAN-0.5,1,0.01,935,935.0,yes,buy,buy,,,,,2026-01-31T02:24:37.656657Z,Lose
ea72437c-7062-5cf3-093a-57e5948e0c15,573ec7d5-48a9-49c8-9915-2f25fa1fe143,KXMIASNOWM-26JAN-0.1,1,0.01,280,280.0,yes,sell,buy,brand.range,,783896a9-a6bf-42b5-9df0-2dda3e907629,,2026-01-31T02:19:55.926218Z,Lose
0c920de0-579a-4193-4f08-c84e65ceabad,573ec7d5-48a9-49c8-9915-2f25fa1fe143,KXMIASNOWM-26JAN-0.1,1,0.01,935,935.0,yes,sell,buy,brand.range,,783896a9-a6bf-42b5-9df0-2dda3e907629,,2026-01-31T00:56:16.137282Z,Lose
b8f8c8e0-87de-6fa3-1b7f-d1efa0c4f4fd,573ec7d5-48a9-49c8-9915-2f25fa1fe143,KXMIASNOWM-26JAN-0.1,1,0.01,93,93.0,yes,sell,buy,brand.range,pain.cry,783896a9-a6bf-42b5-9df0-2dda3e907629,02b50475-5176-42f0-a901-31148aba2739,2026-01-31T00:25:12.670708Z,Lose
f3bb979e-e1ba-5b5f-0375-37de74ba3511,573ec7d5-48a9-49c8-9915-2f25fa1fe143,KXMIASNOWM-26JAN-0.1,1,0.01,467,467.0,yes,sell,buy,brand.range,,783896a9-a6bf-42b5-9df0-2dda3e907629,,2026-01-31T00:01:10.233525Z,Lose
9f4f6e4d-8496-7cd7-3c77-2f498b1acb31,573ec7d5-48a9-49c8-9915-2f25fa1fe143,KXMIASNOWM-26JAN-0.1,1,0.01,467,467.0,yes,sell,buy,brand.range,,783896a9-a6bf-42b5-9df0-2dda3e907629,,2026-01-30T22:17:40.105819Z,Lose
749f2a77-edd6-67bf-a1a6-d92c8e32586d,573ec7d5-48a9-49c8-9915-2f25fa1fe143,KXMIASNOWM-26JAN-0.1,1,0.01,187,187.0,yes,sell,buy,brand.range,,783896a9-a6bf-42b5-9df0-2dda3e907629,,2026-01-30T22:00:02.02017Z,Lose
f63b7742-32e2-51ce-af74-b5e1fdde2a9d,6cd3e8fd-414f-4743-be05-a05b1d7c98a5,KXMIASNOWM-26JAN-0.5,1,0.01,93,93.0,yes,buy,buy,,,,,2026-01-30T20:48:08.944678Z,Lose
90e594d0-4b6e-569b-858c-be674bf6d365,573ec7d5-48a9-49c8-9915-2f25fa1fe143,KXMIASNOWM-26JAN-0.1,1,0.01,93,93.0,yes,sell,buy,brand.range,,783896a9-a6bf-42b5-9df0-2dda3e907629,,2026-01-30T20:47:47.411045Z,Lose
614622cb-ff56-4d5e-4b1e-a336e60f1c65,6cd3e8fd-414f-4743-be05-a05b1d7c98a5,KXMIASNOWM-26JAN-0.5,1,0.01,1215,1215.0,yes,buy,buy,,,,,2026-01-30T20:42:46.210256Z,Lose
810a4f35-1592-67c3-c1dc-1c6e0816a36d,573ec7d5-48a9-49c8-9915-2f25fa1fe143,KXMIASNOWM-26JAN-0.1,1,0.01,93,93.0,yes,sell,buy,brand.range,,783896a9-a6bf-42b5-9df0-2dda3e907629,,2026-01-30T20:24:57.550946Z,Lose
eca1b8a6-362e-5ecf-d0e3-4ddc08311c85,573ec7d5-48a9-49c8-9915-2f25fa1fe143,KXMIASNOWM-26JAN-0.1,1,0.01,935,935.0,yes,sell,buy,brand.range,wildsam535,783896a9-a6bf-42b5-9df0-2dda3e907629,0139a62c-6f8c-4f6e-aa4c-1805ef1fb381,2026-01-30T20:23:45.716584Z,Lose
221ac715-e96e-4173-3e27-b6e353624c35,573ec7d5-48a9-49c8-9915-2f25fa1fe143,KXMIASNOWM-26JAN-0.1,1,0.01,93,93.0,yes,sell,buy,brand.range,,783896a9-a6bf-42b5-9df0-2dda3e907629,,2026-01-30T19:38:07.162977Z,Lose
33a99e3a-f902-68ab-dae4-530e7145db0d,573ec7d5-48a9-49c8-9915-2f25fa1fe143,KXMIASNOWM-26JAN-0.1,1,0.01,467,467.0,yes,sell,buy,brand.range,,783896a9-a6bf-42b5-9df0-2dda3e907629,,2026-01-30T19:02:14.525068Z,Lose
2df64598-a906-4bb7-563c-3c9f57f7bb95,573ec7d5-48a9-49c8-9915-2f25fa1fe143,KXMIASNOWM-26JAN-0.1,1,0.01,467,467.0,yes,sell,buy,brand.range,,783896a9-a6bf-42b5-9df0-2dda3e907629,,2026-01-30T18:53:36.03232Z,Lose
3b6569b2-4926-61cb-2b9e-4453cd38ec15,573ec7d5-48a9-49c8-9915-2f25fa1fe143,KXMIASNOWM-26JAN-0.1,1,0.01,467,467.0,yes,sell,buy,brand.range,,783896a9-a6bf-42b5-9df0-2dda3e907629,,2026-01-30T18:48:18.630823Z,Lose
4b71a2e1-3182-60cf-114a-bec6b0b56f8d,573ec7d5-48a9-49c8-9915-2f25fa1fe143,KXMIASNOWM-26JAN-0.1,1,0.01,500,500.0,yes,sell,buy,brand.range,,783896a9-a6bf-42b5-9df0-2dda3e907629,,2026-01-30T18:17:36.932683Z,Lose
23137fc7-1646-4deb-f17e-ea82f1d77d19,573ec7d5-48a9-49c8-9915-2f25fa1fe143,KXMIASNOWM-26JAN-0.1,1,0.01,187,187.0,yes,sell,buy,brand.range,heway1295,783896a9-a6bf-42b5-9df0-2dda3e907629,de40680d-4441-4565-b57b-de8224a0b247,2026-01-30T18:13:27.114712Z,Lose
6cfbe9c4-af3a-4b5b-98bf-5f3859694de5,573ec7d5-48a9-49c8-9915-2f25fa1fe143,KXMIASNOWM-26JAN-0.1,1,0.01,935,935.0,yes,sell,buy,brand.range,,783896a9-a6bf-42b5-9df0-2dda3e907629,,2026-01-30T17:54:50.143559Z,Lose
604f16d4-9936-430b-4540-4ea0e7829711,573ec7d5-48a9-49c8-9915-2f25fa1fe143,KXMIASNOWM-26JAN-0.1,1,0.01,187,187.0,yes,sell,buy,brand.range,,783896a9-a6bf-42b5-9df0-2dda3e907629,,2026-01-30T17:24:59.626659Z,Lose
faae25f8-de5e-5882-7fbc-42b9ce6204ad,6cd3e8fd-414f-4743-be05-a05b1d7c98a5,KXMIASNOWM-26JAN-0.5,1,0.01,280,280.0,yes,buy,buy,,fun.stuffdemodonnie,,6c118485-6527-4c00-9244-fe17276140af,2026-01-30T16:55:23.256761Z,Lose
7926f20d-0126-6b1f-c678-80b20cd67461,573ec7d5-48a9-49c8-9915-2f25fa1fe143,KXMIASNOWM-26JAN-0.1,1,0.01,467,467.0,yes,sell,buy,brand.range,definitelynotai.,783896a9-a6bf-42b5-9df0-2dda3e907629,49a7ac65-8631-4ea9-b1c0-ee4f8c2dd8b1,2026-01-30T16:52:38.023473Z,Lose
cb184e48-90ae-630b-9a81-04d1138b42bd,573ec7d5-48a9-49c8-9915-2f25fa1fe143,KXMIASNOWM-26JAN-0.1,1,0.01,187,187.0,yes,sell,buy,brand.range,,783896a9-a6bf-42b5-9df0-2dda3e907629,,2026-01-30T16:33:01.623344Z,Lose
2e17754c-403a-7417-6678-f9cadd754a89,573ec7d5-48a9-49c8-9915-2f25fa1fe143,KXMIASNOWM-26JAN-0.1,1,0.01,2244,2244.0,yes,sell,buy,brand.range,,783896a9-a6bf-42b5-9df0-2dda3e907629,,2026-01-30T16:12:28.78519Z,Lose
67c67caf-0f92-71cf-0d13-927005056259,573ec7d5-48a9-49c8-9915-2f25fa1fe143,KXMIASNOWM-26JAN-0.1,1,0.01,935,935.0,yes,sell,buy,brand.range,,783896a9-a6bf-42b5-9df0-2dda3e907629,,2026-01-30T15:25:26.57258Z,Lose
dba6fda8-fa46-547b-cbad-b9a6db80a221,573ec7d5-48a9-49c8-9915-2f25fa1fe143,KXMIASNOWM-26JAN-0.1,1,0.01,467,467.0,yes,sell,buy,brand.range,i.need.,783896a9-a6bf-42b5-9df0-2dda3e907629,fb844e96-e0c9-4548-b01a-2e7f27d95049,2026-01-30T15:06:00.795603Z,Lose
f2cc30ff-63ae-4a9f-4217-4cacb6b0c359,573ec7d5-48a9-49c8-9915-2f25fa1fe143,KXMIASNOWM-26JAN-0.1,1,0.01,93,93.0,yes,sell,buy,brand.range,,783896a9-a6bf-42b5-9df0-2dda3e907629,,2026-01-30T15:05:53.76244Z,Lose
fcaafad8-a0ea-6aab-f7ba-e15e449bad91,573ec7d5-48a9-49c8-9915-2f25fa1fe143,KXMIASNOWM-26JAN-0.1,1,0.01,187,187.0,yes,sell,buy,brand.range,,783896a9-a6bf-42b5-9df0-2dda3e907629,,2026-01-30T14:52:27.378985Z,Lose
a7eea124-3d62-47f3-6359-b0ddd289a6c1,573ec7d5-48a9-49c8-9915-2f25fa1fe143,KXMIASNOWM-26JAN-0.1,1,0.01,1028,1028.0,yes,sell,buy,brand.range,tee24,783896a9-a6bf-42b5-9df0-2dda3e907629,c439a073-553e-4200-87e8-9036d6a8b7b3,2026-01-30T14:46:51.650223Z,Lose
8be28bb7-f24e-6ccf-a469-71e9a02a60a1,573ec7d5-48a9-49c8-9915-2f25fa1fe143,KXMIASNOWM-26JAN-0.1,1,0.01,280,280.0,yes,sell,buy,brand.range,quick.squad,783896a9-a6bf-42b5-9df0-2dda3e907629,539c2cf0-2290-4780-95f2-1e12b10063a3,2026-01-30T14:24:19.81186Z,Lose
11560f3a-4752-72df-879b-02019f98444d,573ec7d5-48a9-49c8-9915-2f25fa1fe143,KXMIASNOWM-26JAN-0.1,1,0.01,467,467.0,yes,sell,buy,brand.range,,783896a9-a6bf-42b5-9df0-2dda3e907629,,2026-01-30T14:13:21.630247Z,Lose
73444722-05f6-6247-419e-88d95fb15a05,573ec7d5-48a9-49c8-9915-2f25fa1fe143,KXMIASNOWM-26JAN-0.1,1,0.01,201,201.0,yes,sell,buy,brand.range,,783896a9-a6bf-42b5-9df0-2dda3e907629,,2026-01-30T13:53:42.986299Z,Lose
a8388f5b-5d4e-5cab-d89e-738dd03de201,573ec7d5-48a9-49c8-9915-2f25fa1fe143,KXMIASNOWM-26JAN-0.1,1,0.01,467,467.0,yes,sell,buy,brand.range,,783896a9-a6bf-42b5-9df0-2dda3e907629,,2026-01-30T13:53:09.444136Z,Lose
ae4d888e-fd9a-4bb7-0ee3-1b00a6a388ad,573ec7d5-48a9-49c8-9915-2f25fa1fe143,KXMIASNOWM-26JAN-0.1,1,0.01,93,93.0,yes,sell,buy,brand.range,,783896a9-a6bf-42b5-9df0-2dda3e907629,,2026-01-30T13:52:36.978789Z,Lose
9447ea75-bcee-4fd7-dae1-eaad6c174a81,573ec7d5-48a9-49c8-9915-2f25fa1fe143,KXMIASNOWM-26JAN-0.1,1,0.01,374,374.0,yes,sell,buy,brand.range,,783896a9-a6bf-42b5-9df0-2dda3e907629,,2026-01-30T13:39:51.680731Z,Lose
7265483a-fddf-5141-54e3-696a84737243,864405f4-6eb2-4335-8dc9-f658913b3905,KXMIASNOWM-26JAN-1.0,1,0.01,93,93.0,yes,buy,buy,,EvelinMendez,,2d9c0d4a-cb58-4f23-bf1b-97c97751124d,2026-01-30T13:33:29.004377Z,Lose
d6561b3f-be1a-6772-6eeb-0c21a3d09f79,6cd3e8fd-414f-4743-be05-a05b1d7c98a5,KXMIASNOWM-26JAN-0.5,1,0.01,93,93.0,yes,buy,buy,,EvelinMendez,,2d9c0d4a-cb58-4f23-bf1b-97c97751124d,2026-01-30T13:33:21.118773Z,Lose
21ee4fac-ce72-6e1b-cc97-0f55fa56ca61,573ec7d5-48a9-49c8-9915-2f25fa1fe143,KXMIASNOWM-26JAN-0.1,1,0.01,93,93.0,yes,sell,buy,brand.range,EvelinMendez,783896a9-a6bf-42b5-9df0-2dda3e907629,2d9c0d4a-cb58-4f23-bf1b-97c97751124d,2026-01-30T13:33:13.00077Z,Lose
fe2e0a5d-df62-757f-8441-48f016cf3d31,573ec7d5-48a9-49c8-9915-2f25fa1fe143,KXMIASNOWM-26JAN-0.1,1,0.01,19,19.0,yes,sell,buy,brand.range,,783896a9-a6bf-42b5-9df0-2dda3e907629,,2026-01-30T13:24:38.554185Z,Lose
742ae911-70ae-6e73-83ce-8893f132a271,573ec7d5-48a9-49c8-9915-2f25fa1fe143,KXMIASNOWM-26JAN-0.1,1,0.01,93,93.0,yes,sell,buy,brand.range,,783896a9-a6bf-42b5-9df0-2dda3e907629,,2026-01-30T13:18:45.263189Z,Lose
dffdc7fc-0c62-638f-6c5f-0b4fc50c9d25,573ec7d5-48a9-49c8-9915-2f25fa1fe143,KXMIASNOWM-26JAN-0.1,1,0.01,187,187.0,yes,sell,buy,brand.range,,783896a9-a6bf-42b5-9df0-2dda3e907629,,2026-01-30T13:18:02.461372Z,Lose
e293a71e-a53a-667f-8f31-00c2c4ba6471,573ec7d5-48a9-49c8-9915-2f25fa1fe143,KXMIASNOWM-26JAN-0.1,1,0.01,2712,2712.0,yes,sell,buy,brand.range,,783896a9-a6bf-42b5-9df0-2dda3e907629,,2026-01-30T13:06:21.812766Z,Lose
6d28f551-743e-68b3-0178-dda5026058d5,573ec7d5-48a9-49c8-9915-2f25fa1fe143,KXMIASNOWM-26JAN-0.1,1,0.01,374,374.0,yes,sell,buy,brand.range,,783896a9-a6bf-42b5-9df0-2dda3e907629,,2026-01-30T13:02:28.932343Z,Lose
f78108b6-477e-7fe2-3ad3-9a9186c41099,6cd3e8fd-414f-4743-be05-a05b1d7c98a5,KXMIASNOWM-26JAN-0.5,1,0.01,935,935.0,yes,buy,buy,,bank.wheel,,1fefbabc-77dc-4afd-a121-e8a8ac00f8dc,2026-01-30T12:25:13.471882Z,Lose
cb3ab431-4c6a-66e7-f36b-443ff13a748d,573ec7d5-48a9-49c8-9915-2f25fa1fe143,KXMIASNOWM-26JAN-0.1,1,0.01,748,748.0,yes,sell,buy,brand.range,,783896a9-a6bf-42b5-9df0-2dda3e907629,,2026-01-30T10:23:47.013332Z,Lose
fc6b2675-b402-762b-6c6c-c166bb67bf6d,573ec7d5-48a9-49c8-9915-2f25fa1fe143,KXMIASNOWM-26JAN-0.1,1,0.01,187,187.0,yes,sell,buy,brand.range,,783896a9-a6bf-42b5-9df0-2dda3e907629,,2026-01-30T08:31:09.702406Z,Lose
7c75c0d8-6dc2-5c33-bb17-24ebb59b76f1,573ec7d5-48a9-49c8-9915-2f25fa1fe143,KXMIASNOWM-26JAN-0.1,1,0.01,93,93.0,yes,sell,buy,brand.range,,783896a9-a6bf-42b5-9df0-2dda3e907629,,2026-01-30T08:27:46.441334Z,Lose
ac42714a-b98e-44e7-20b9-0e672afdad79,573ec7d5-48a9-49c8-9915-2f25fa1fe143,KXMIASNOWM-26JAN-0.1,1,0.01,467,467.0,yes,sell,buy,brand.range,,783896a9-a6bf-42b5-9df0-2dda3e907629,,2026-01-30T07:35:47.474487Z,Lose
33d70656-a13e-470b-1a99-535008ef9969,573ec7d5-48a9-49c8-9915-2f25fa1fe143,KXMIASNOWM-26JAN-0.1,1,0.01,467,467.0,yes,sell,buy,brand.range,sexy.ant,783896a9-a6bf-42b5-9df0-2dda3e907629,bb2b02f9-7a1c-427d-9f41-cbfac9bb72eb,2026-01-30T07:19:25.432695Z,Lose
3f5d7e03-bbb2-7a32-44ad-23811b971ac5,6cd3e8fd-414f-4743-be05-a05b1d7c98a5,KXMIASNOWM-26JAN-0.5,1,0.01,187,187.0,yes,buy,buy,,,,,2026-01-30T07:08:40.940219Z,Lose
81753c76-e346-5ae7-d046-1cfed43ed975,573ec7d5-48a9-49c8-9915-2f25fa1fe143,KXMIASNOWM-26JAN-0.1,1,0.01,374,374.0,yes,sell,buy,brand.range,,783896a9-a6bf-42b5-9df0-2dda3e907629,,2026-01-30T06:54:54.33321Z,Lose
ca2abd2b-9dd6-7ab7-6ccb-3ba8d66b1039,573ec7d5-48a9-49c8-9915-2f25fa1fe143,KXMIASNOWM-26JAN-0.1,1,0.01,935,935.0,yes,sell,buy,brand.range,ladytrend214,783896a9-a6bf-42b5-9df0-2dda3e907629,2d076567-1e13-4cf1-b24d-b9fce8043236,2026-01-30T06:36:03.961411Z,Lose
496b9d4a-8a47-4bfd-da5a-063400184b93,864405f4-6eb2-4335-8dc9-f658913b3905,KXMIASNOWM-26JAN-1.0,1,0.01,187,187.0,yes,buy,buy,,jman2day,,7bd63f91-20a9-4260-a18a-033146030761,2026-01-30T05:33:50.594705Z,Lose
9b7079eb-3a7a-4c83-32dd-fcb9d3684ebd,573ec7d5-48a9-49c8-9915-2f25fa1fe143,KXMIASNOWM-26JAN-0.1,1,0.01,374,374.0,yes,sell,buy,brand.range,,783896a9-a6bf-42b5-9df0-2dda3e907629,,2026-01-30T05:33:16.692742Z,Lose
563dddea-ae7a-657f-dbd2-31ab82dd8bd5,573ec7d5-48a9-49c8-9915-2f25fa1fe143,KXMIASNOWM-26JAN-0.1,1,0.01,561,561.0,yes,sell,buy,brand.range,,783896a9-a6bf-42b5-9df0-2dda3e907629,,2026-01-30T04:54:41.544848Z,Lose
20f60440-a0d2-5bf3-5c39-b2c5dfec586d,573ec7d5-48a9-49c8-9915-2f25fa1fe143,KXMIASNOWM-26JAN-0.1,1,0.01,467,467.0,yes,sell,buy,brand.range,,783896a9-a6bf-42b5-9df0-2dda3e907629,,2026-01-30T04:48:47.998025Z,Lose
52db1fe3-9da6-7c0b-c0d6-348eec144829,573ec7d5-48a9-49c8-9915-2f25fa1fe143,KXMIASNOWM-26JAN-0.1,1,0.01,9,9.0,yes,sell,buy,brand.range,pika.guess,783896a9-a6bf-42b5-9df0-2dda3e907629,7593b836-1cc7-446c-a3b8-7f9055592730,2026-01-30T04:35:57.656508Z,Lose
1c9a8732-7ae2-6777-623a-d54498e618e1,573ec7d5-48a9-49c8-9915-2f25fa1fe143,KXMIASNOWM-26JAN-0.1,1,0.01,467,467.0,yes,sell,buy,brand.range,,783896a9-a6bf-42b5-9df0-2dda3e907629,,2026-01-30T04:08:23.925351Z,Lose
26fe9e9e-28f2-588f-b0d3-1f03d27d5c71,573ec7d5-48a9-49c8-9915-2f25fa1fe143,KXMIASNOWM-26JAN-0.1,1,0.01,93,93.0,yes,sell,buy,brand.range,,783896a9-a6bf-42b5-9df0-2dda3e907629,,2026-01-30T04:06:12.354203Z,Lose
f046a190-56a2-52c7-64f2-1827e3a43499,573ec7d5-48a9-49c8-9915-2f25fa1fe143,KXMIASNOWM-26JAN-0.1,1,0.01,93,93.0,yes,sell,buy,brand.range,pill.wall,783896a9-a6bf-42b5-9df0-2dda3e907629,9bbdfca7-ade4-44d1-b22a-f338fd72c3cf,2026-01-30T03:34:55.541101Z,Lose
8efd665f-f51a-6e53-a6d6-3a8f660f0795,573ec7d5-48a9-49c8-9915-2f25fa1fe143,KXMIASNOWM-26JAN-0.1,1,0.01,93,93.0,yes,sell,buy,brand.range,,783896a9-a6bf-42b5-9df0-2dda3e907629,,2026-01-30T03:17:45.700337Z,Lose
df7682b5-3a62-5e7b-0c40-f0fda76caa31,573ec7d5-48a9-49c8-9915-2f25fa1fe143,KXMIASNOWM-26JAN-0.1,1,0.01,935,935.0,yes,sell,buy,brand.range,,783896a9-a6bf-42b5-9df0-2dda3e907629,,2026-01-30T02:59:58.186857Z,Lose
5b912dcf-3742-58ab-c8c4-15a09a8a21a5,573ec7d5-48a9-49c8-9915-2f25fa1fe143,KXMIASNOWM-26JAN-0.1,1,0.01,46,46.0,yes,sell,buy,brand.range,Great.adventurer,783896a9-a6bf-42b5-9df0-2dda3e907629,9c3db32a-031e-4960-919f-b7b064279bc1,2026-01-30T02:09:13.170262Z,Lose
c3d8e08a-fb52-4583-df58-794269006cd9,573ec7d5-48a9-49c8-9915-2f25fa1fe143,KXMIASNOWM-26JAN-0.1,1,0.01,93,93.0,yes,sell,buy,brand.range,,783896a9-a6bf-42b5-9df0-2dda3e907629,,2026-01-30T02:00:54.357141Z,Lose
949c11af-5b92-7923-2f27-0045bf088f89,573ec7d5-48a9-49c8-9915-2f25fa1fe143,KXMIASNOWM-26JAN-0.1,1,0.01,935,935.0,yes,sell,buy,brand.range,,783896a9-a6bf-42b5-9df0-2dda3e907629,,2026-01-30T01:59:41.280271Z,Lose
0a45523c-8dd2-592a-4b59-474396016965,6cd3e8fd-414f-4743-be05-a05b1d7c98a5,KXMIASNOWM-26JAN-0.5,1,0.01,935,935.0,yes,buy,buy,,,,,2026-01-30T01:59:37.56049Z,Lose
715bf735-495a-77f3-9c72-b463bf6fa57d,573ec7d5-48a9-49c8-9915-2f25fa1fe143,KXMIASNOWM-26JAN-0.1,1,0.01,187,187.0,yes,sell,buy,brand.range,,783896a9-a6bf-42b5-9df0-2dda3e907629,,2026-01-30T01:13:35.420461Z,Lose
b025d2d6-a78a-777f-5771-35d5872aae19,573ec7d5-48a9-49c8-9915-2f25fa1fe143,KXMIASNOWM-26JAN-0.1,1,0.01,93,93.0,yes,sell,buy,brand.range,,783896a9-a6bf-42b5-9df0-2dda3e907629,,2026-01-30T01:13:31.259244Z,Lose
a4825fb6-ac56-5d2b-9e3b-3978c11b21e1,573ec7d5-48a9-49c8-9915-2f25fa1fe143,KXMIASNOWM-26JAN-0.1,1,0.01,187,187.0,yes,sell,buy,brand.range,black.phase,783896a9-a6bf-42b5-9df0-2dda3e907629,818f0e4f-29bd-45b3-a59b-c859664bdf85,2026-01-30T01:04:46.45454Z,Lose
6a37c147-1e92-41a2-d9d1-5e855b983b89,6cd3e8fd-414f-4743-be05-a05b1d7c98a5,KXMIASNOWM-26JAN-0.5,1,0.01,841,841.0,yes,buy,buy,,bbhmm,,767dd6fb-7a20-427b-a8df-5d1ba1532279,2026-01-30T00:50:17.581649Z,Lose
6dec93b7-2602-7c61-3e76-871fdbe5264a,e30118d1-113d-4134-9835-9fe65678ac18,KXMIASNOWM-26FEB-0.1,6,0.06,109,109.0,yes,buy,buy,,,,,2026-01-30T00:44:36.20237Z,Lose
023d6847-ed16-5d63-394c-c2a86f83e2b9,573ec7d5-48a9-49c8-9915-2f25fa1fe143,KXMIASNOWM-26JAN-0.1,1,0.01,6,6.0,yes,sell,buy,brand.range,,783896a9-a6bf-42b5-9df0-2dda3e907629,,2026-01-30T00:30:30.320216Z,Lose
647413cf-e3e6-7839-6616-493ebe0f1756,e30118d1-113d-4134-9835-9fe65678ac18,KXMIASNOWM-26FEB-0.1,6,0.06,11,11.0,yes,buy,buy,,,,,2026-01-29T23:45:47.362879Z,Lose
e03f1935-943e-795f-f58b-c16ba71299f9,573ec7d5-48a9-49c8-9915-2f25fa1fe143,KXMIASNOWM-26JAN-0.1,1,0.01,4675,4675.0,yes,sell,buy,brand.range,,783896a9-a6bf-42b5-9df0-2dda3e907629,,2026-01-29T22:49:57.117559Z,Lose
ff4c087d-298a-406f-a231-92398371c889,573ec7d5-48a9-49c8-9915-2f25fa1fe143,KXMIASNOWM-26JAN-0.1,1,0.01,93,93.0,yes,sell,buy,brand.range,,783896a9-a6bf-42b5-9df0-2dda3e907629,,2026-01-29T21:54:11.728215Z,Lose
d2db2291-419c-7d25-553b-f7d32ab3834c,e30118d1-113d-4134-9835-9fe65678ac18,KXMIASNOWM-26FEB-0.1,5,0.05,18,18.0,yes,buy,buy,,,,,2026-01-29T21:28:07.880633Z,Lose
2e04e037-e28e-707b-7846-911accaf7095,573ec7d5-48a9-49c8-9915-2f25fa1fe143,KXMIASNOWM-26JAN-0.1,1,0.01,93,93.0,yes,sell,buy,brand.range,,783896a9-a6bf-42b5-9df0-2dda3e907629,,2026-01-29T20:42:36.655562Z,Lose
1dff2521-edde-6d1e-1b34-8400b6cd1e2d,6cd3e8fd-414f-4743-be05-a05b1d7c98a5,KXMIASNOWM-26JAN-0.5,1,0.01,93,93.0,yes,buy,buy,,,,,2026-01-29T20:32:57.305394Z,Lose
4e228817-53f6-5fb7-24d6-a3d9fba05711,573ec7d5-48a9-49c8-9915-2f25fa1fe143,KXMIASNOWM-26JAN-0.1,1,0.01,280,280.0,yes,sell,buy,brand.range,,783896a9-a6bf-42b5-9df0-2dda3e907629,,2026-01-29T19:54:08.380933Z,Lose
a647eb59-e692-723f-1aa4-33a0c93acf25,573ec7d5-48a9-49c8-9915-2f25fa1fe143,KXMIASNOWM-26JAN-0.1,1,0.01,333,333.0,yes,sell,buy,brand.range,,783896a9-a6bf-42b5-9df0-2dda3e907629,,2026-01-29T19:50:04.191581Z,Lose
5a1fc73b-a64a-6f2b-516b-55976664c761,573ec7d5-48a9-49c8-9915-2f25fa1fe143,KXMIASNOWM-26JAN-0.1,1,0.01,935,935.0,yes,sell,buy,brand.range,,783896a9-a6bf-42b5-9df0-2dda3e907629,,2026-01-29T19:28:28.164654Z,Lose
56b257eb-f54a-7a72-4877-5c99fe288cd5,6cd3e8fd-414f-4743-be05-a05b1d7c98a5,KXMIASNOWM-26JAN-0.5,1,0.01,187,187.0,yes,buy,buy,,,,,2026-01-29T17:57:29.951257Z,Lose
cc343bdf-5d1a-6277-e4c2-4a54afdcd0d1,573ec7d5-48a9-49c8-9915-2f25fa1fe143,KXMIASNOWM-26JAN-0.1,1,0.01,46,46.0,yes,sell,buy,brand.range,ghost.lot,783896a9-a6bf-42b5-9df0-2dda3e907629,9eb38a0d-d3fa-47c3-aadc-23e6167c56e1,2026-01-29T17:19:16.736704Z,Lose
47889911-f64a-6687-6c35-ff7afb2eb109,573ec7d5-48a9-49c8-9915-2f25fa1fe143,KXMIASNOWM-26JAN-0.1,1,0.01,2337,2337.0,yes,sell,buy,brand.range,,783896a9-a6bf-42b5-9df0-2dda3e907629,,2026-01-29T17:14:15.061484Z,Lose
4be90f20-7a6b-579d-6c13-581e37673327,864405f4-6eb2-4335-8dc9-f658913b3905,KXMIASNOWM-26JAN-1.0,1,0.01,2337,2337.0,yes,buy,buy,,,,,2026-01-29T17:12:19.488934Z,Lose
161e73a3-43be-67c7-3899-398e9b64d405,573ec7d5-48a9-49c8-9915-2f25fa1fe143,KXMIASNOWM-26JAN-0.1,1,0.01,467,467.0,yes,sell,buy,brand.range,dried.cream,783896a9-a6bf-42b5-9df0-2dda3e907629,10bd0132-93d6-4f17-9d07-e98eaee1dde3,2026-01-29T16:36:38.28817Z,Lose
78c04e57-f82a-6c47-b306-ed8203e09069,573ec7d5-48a9-49c8-9915-2f25fa1fe143,KXMIASNOWM-26JAN-0.1,1,0.01,935,935.0,yes,sell,buy,brand.range,iFresh,783896a9-a6bf-42b5-9df0-2dda3e907629,c43f4dcd-2d84-5fc3-e4c7-77eaf86c0e5e,2026-01-29T16:20:49.64032Z,Lose
428f9fbb-5846-506f-ec5f-87ab7b9530ed,573ec7d5-48a9-49c8-9915-2f25fa1fe143,KXMIASNOWM-26JAN-0.1,1,0.01,187,187.0,yes,sell,buy,brand.range,MiLune,783896a9-a6bf-42b5-9df0-2dda3e907629,6093da7e-0341-43ec-bcaf-7dc54682c99b,2026-01-29T16:15:31.330817Z,Lose
5b0f96c9-51c6-5edb-8f16-611aa62c0875,573ec7d5-48a9-49c8-9915-2f25fa1fe143,KXMIASNOWM-26JAN-0.1,1,0.01,46,46.0,yes,sell,buy,brand.range,,783896a9-a6bf-42b5-9df0-2dda3e907629,,2026-01-29T16:14:02.058289Z,Lose
bde6e527-dba2-6553-234e-c8d54bdd25c5,573ec7d5-48a9-49c8-9915-2f25fa1fe143,KXMIASNOWM-26JAN-0.1,1,0.01,33,33.0,yes,sell,buy,brand.range,,783896a9-a6bf-42b5-9df0-2dda3e907629,,2026-01-29T16:05:43.749581Z,Lose
754065af-270a-78bf-9cfd-67e16afece51,573ec7d5-48a9-49c8-9915-2f25fa1fe143,KXMIASNOWM-26JAN-0.1,1,0.01,268,268.0,yes,sell,buy,brand.range,kenvibe,783896a9-a6bf-42b5-9df0-2dda3e907629,8e9f8c25-f71d-433d-a821-8b9498259a64,2026-01-29T14:53:26.413522Z,Lose
963cd927-bb8a-44bf-ec77-a69d275311ed,573ec7d5-48a9-49c8-9915-2f25fa1fe143,KXMIASNOWM-26JAN-0.1,1,0.01,1,1.0,yes,sell,buy,brand.range,bglicken,783896a9-a6bf-42b5-9df0-2dda3e907629,5d7d578b-8c72-4fa3-be11-90e5ea0f7790,2026-01-29T14:41:21.596539Z,Lose
b67e28c3-6b06-675b-339f-ec4aa64247c5,573ec7d5-48a9-49c8-9915-2f25fa1fe143,KXMIASNOWM-26JAN-0.1,1,0.01,93,93.0,yes,sell,buy,brand.range,,783896a9-a6bf-42b5-9df0-2dda3e907629,,2026-01-29T13:39:29.45154Z,Lose
7ec7cedb-8cba-7ea2-8ad7-9e2679309079,6cd3e8fd-414f-4743-be05-a05b1d7c98a5,KXMIASNOWM-26JAN-0.5,1,0.01,93,93.0,yes,buy,buy,,,,,2026-01-29T13:32:31.157416Z,Lose
03af67da-6933-7831-7ea8-343db4681193,864405f4-6eb2-4335-8dc9-f658913b3905,KXMIASNOWM-26JAN-1.0,1,0.01,93,93.0,yes,buy,buy,,,,,2026-01-29T13:20:15.791343Z,Lose
0b2474f7-5803-70d5-cac3-06edc1b5b543,864405f4-6eb2-4335-8dc9-f658913b3905,KXMIASNOWM-26JAN-1.0,1,0.01,935,935.0,yes,buy,buy,,,,,2026-01-29T13:20:07.056986Z,Lose
4ea67315-029a-7296-ac2f-da7cd3dc4581,6cd3e8fd-414f-4743-be05-a05b1d7c98a5,KXMIASNOWM-26JAN-0.5,1,0.01,93,93.0,yes,buy,buy,,,,,2026-01-29T13:20:06.242045Z,Lose
97784465-6d0a-6bd7-6c62-49e01bd158b1,573ec7d5-48a9-49c8-9915-2f25fa1fe143,KXMIASNOWM-26JAN-0.1,1,0.01,93,93.0,yes,sell,buy,brand.range,,783896a9-a6bf-42b5-9df0-2dda3e907629,,2026-01-29T13:19:57.369616Z,Lose
3294daef-0c0e-6e53-b5e1-3591f11dc909,573ec7d5-48a9-49c8-9915-2f25fa1fe143,KXMIASNOWM-26JAN-0.1,1,0.01,935,935.0,yes,sell,buy,brand.range,wild.youth,783896a9-a6bf-42b5-9df0-2dda3e907629,2b88626a-4cd8-46b2-aa14-01e6ec3d756e,2026-01-29T13:12:42.363545Z,Lose
5d5901b2-074a-7d8b-2ca0-3cf83ea8c659,573ec7d5-48a9-49c8-9915-2f25fa1fe143,KXMIASNOWM-26JAN-0.1,1,0.01,467,467.0,yes,sell,buy,brand.range,,783896a9-a6bf-42b5-9df0-2dda3e907629,,2026-01-29T13:10:47.993392Z,Lose
0da3eb77-bc46-636f-0729-3c350e0dcadd,573ec7d5-48a9-49c8-9915-2f25fa1fe143,KXMIASNOWM-26JAN-0.1,1,0.01,467,467.0,yes,sell,buy,brand.range,financial.cozy,783896a9-a6bf-42b5-9df0-2dda3e907629,300528c1-16e3-43a7-9805-7b8a321b0fb7,2026-01-29T12:15:57.843768Z,Lose
2a5e5c98-989a-4e63-6d51-3db86464fc11,573ec7d5-48a9-49c8-9915-2f25fa1fe143,KXMIASNOWM-26JAN-0.1,1,0.01,1402,1402.0,yes,sell,buy,brand.range,,783896a9-a6bf-42b5-9df0-2dda3e907629,,2026-01-29T11:49:34.823699Z,Lose
a4033a62-a69e-7f87-eda0-d76fa276a4cd,573ec7d5-48a9-49c8-9915-2f25fa1fe143,KXMIASNOWM-26JAN-0.1,1,0.01,93,93.0,yes,sell,buy,brand.range,,783896a9-a6bf-42b5-9df0-2dda3e907629,,2026-01-29T11:20:42.483314Z,Lose
961fce3b-fdaa-7c06-caca-8068d05e2efd,6cd3e8fd-414f-4743-be05-a05b1d7c98a5,KXMIASNOWM-26JAN-0.5,1,0.01,467,467.0,yes,buy,buy,,,,,2026-01-29T07:53:26.47231Z,Lose
ecf552b0-7cba-5272-d402-6ef017e1ccb5,6cd3e8fd-414f-4743-be05-a05b1d7c98a5,KXMIASNOWM-26JAN-0.5,1,0.01,93,93.0,yes,buy,buy,,,,,2026-01-29T06:24:53.431177Z,Lose
10aeacfe-5846-4567-18ab-c65cbbc19ab5,573ec7d5-48a9-49c8-9915-2f25fa1fe143,KXMIASNOWM-26JAN-0.1,1,0.01,100,100.0,yes,sell,buy,brand.range,,783896a9-a6bf-42b5-9df0-2dda3e907629,,2026-01-29T06:05:54.558771Z,Lose
0867d7bd-355a-4547-4dd1-2e40143f04dd,573ec7d5-48a9-49c8-9915-2f25fa1fe143,KXMIASNOWM-26JAN-0.1,1,0.01,187,187.0,yes,sell,buy,brand.range,,783896a9-a6bf-42b5-9df0-2dda3e907629,,2026-01-29T05:58:11.089947Z,Lose
899b73c5-c1da-784f-5e21-f184eadcafcd,573ec7d5-48a9-49c8-9915-2f25fa1fe143,KXMIASNOWM-26JAN-0.1,1,0.01,1870,1870.0,yes,sell,buy,brand.range,,783896a9-a6bf-42b5-9df0-2dda3e907629,,2026-01-29T05:23:29.297863Z,Lose
396072ff-c156-76da-dba7-1432d8a83a01,6cd3e8fd-414f-4743-be05-a05b1d7c98a5,KXMIASNOWM-26JAN-0.5,1,0.01,467,467.0,yes,buy,buy,,,,,2026-01-29T04:03:05.655868Z,Lose
e54dae6e-daca-5feb-44ef-2a60535ec6dd,573ec7d5-48a9-49c8-9915-2f25fa1fe143,KXMIASNOWM-26JAN-0.1,1,0.01,467,467.0,yes,sell,buy,brand.range,,783896a9-a6bf-42b5-9df0-2dda3e907629,,2026-01-29T04:02:44.364397Z,Lose
f9b78b8c-2850-5131-8600-55cc78f7b228,e30118d1-113d-4134-9835-9fe65678ac18,KXMIASNOWM-26FEB-0.1,5,0.05,18,18.0,yes,buy,buy,,,,,2026-01-29T04:01:17.523614Z,Lose
db0cb468-a756-5aeb-c290-44a3d2a6e5fd,573ec7d5-48a9-49c8-9915-2f25fa1fe143,KXMIASNOWM-26JAN-0.1,1,0.01,93,93.0,yes,sell,buy,brand.range,,783896a9-a6bf-42b5-9df0-2dda3e907629,,2026-01-29T00:23:40.075701Z,Lose
77cc145c-83b6-6df7-2f82-0dff0260ee11,573ec7d5-48a9-49c8-9915-2f25fa1fe143,KXMIASNOWM-26JAN-0.1,1,0.01,93,93.0,yes,sell,buy,brand.range,NishaxLi,783896a9-a6bf-42b5-9df0-2dda3e907629,7fb113d6-d313-4e9f-af6d-1684acda6cd8,2026-01-28T23:51:19.067532Z,Lose
7d3cfe20-32b2-6713-24ec-9b381a9e0acd,573ec7d5-48a9-49c8-9915-2f25fa1fe143,KXMIASNOWM-26JAN-0.1,1,0.01,500,500.0,yes,sell,buy,brand.range,,783896a9-a6bf-42b5-9df0-2dda3e907629,,2026-01-28T22:27:04.667804Z,Lose
d7f7d5a9-5b07-4d79-be88-222cd385235b,864405f4-6eb2-4335-8dc9-f658913b3905,KXMIASNOWM-26JAN-1.0,1,0.01,93,93.0,yes,buy,buy,,tacticalvudu,,68a9b146-006c-4b51-85de-d4254aae2659,2026-01-28T22:12:44.505307Z,Lose
44d371c8-63da-555f-8a82-8f12f351a31d,573ec7d5-48a9-49c8-9915-2f25fa1fe143,KXMIASNOWM-26JAN-0.1,1,0.01,467,467.0,yes,sell,buy,brand.range,,783896a9-a6bf-42b5-9df0-2dda3e907629,,2026-01-28T21:58:16.843601Z,Lose
00aeb349-4282-4d6f-e9a6-078649055351,573ec7d5-48a9-49c8-9915-2f25fa1fe143,KXMIASNOWM-26JAN-0.1,1,0.01,935,935.0,yes,sell,buy,brand.range,,783896a9-a6bf-42b5-9df0-2dda3e907629,,2026-01-28T21:37:10.265857Z,Lose
d7908963-6246-5bd7-a6c4-814991ea55f1,573ec7d5-48a9-49c8-9915-2f25fa1fe143,KXMIASNOWM-26JAN-0.1,1,0.01,187,187.0,yes,sell,buy,brand.range,,783896a9-a6bf-42b5-9df0-2dda3e907629,,2026-01-28T21:34:50.602224Z,Lose
9a040e32-3eff-55a5-7ada-2a9f57980f57,864405f4-6eb2-4335-8dc9-f658913b3905,KXMIASNOWM-26JAN-1.0,1,0.01,93,93.0,yes,buy,buy,,k.3nz0,,27dfb91a-46dd-40f7-8962-7ca8b85e16ea,2026-01-28T21:02:16.669093Z,Lose
bfe90cf3-f5a2-4047-5f98-7171baffa8a9,573ec7d5-48a9-49c8-9915-2f25fa1fe143,KXMIASNOWM-26JAN-0.1,1,0.01,1,1.0,yes,sell,buy,brand.range,,783896a9-a6bf-42b5-9df0-2dda3e907629,,2026-01-28T20:34:27.597308Z,Lose
96555388-6506-60cf-be26-3f90f03933c5,573ec7d5-48a9-49c8-9915-2f25fa1fe143,KXMIASNOWM-26JAN-0.1,1,0.01,93,93.0,yes,sell,buy,brand.range,,783896a9-a6bf-42b5-9df0-2dda3e907629,,2026-01-28T20:19:05.0957Z,Lose
5fca63e6-cc6a-774b-833c-ac746a174f41,573ec7d5-48a9-49c8-9915-2f25fa1fe143,KXMIASNOWM-26JAN-0.1,1,0.01,230,230.0,yes,sell,buy,brand.range,I.C.Weiners,783896a9-a6bf-42b5-9df0-2dda3e907629,f597baa4-9cc7-4ba4-9ec3-92433951c70d,2026-01-28T19:49:42.812621Z,Lose
71476801-a6da-7c27-0d86-cb0fc4f37c15,573ec7d5-48a9-49c8-9915-2f25fa1fe143,KXMIASNOWM-26JAN-0.1,1,0.01,4675,4675.0,yes,sell,buy,brand.range,,783896a9-a6bf-42b5-9df0-2dda3e907629,,2026-01-28T19:46:30.763889Z,Lose
3ccd5bbd-6292-6543-4c1e-2fa606752f75,573ec7d5-48a9-49c8-9915-2f25fa1fe143,KXMIASNOWM-26JAN-0.1,1,0.01,187,187.0,yes,sell,buy,brand.range,,783896a9-a6bf-42b5-9df0-2dda3e907629,,2026-01-28T19:41:59.507522Z,Lose
d3bcc70b-5be6-788f-e133-d1c6b118af01,573ec7d5-48a9-49c8-9915-2f25fa1fe143,KXMIASNOWM-26JAN-0.1,1,0.01,93,93.0,yes,sell,buy,brand.range,,783896a9-a6bf-42b5-9df0-2dda3e907629,,2026-01-28T19:17:37.882544Z,Lose
56e0daac-093e-731b-a1fe-5e9ddfd4db31,573ec7d5-48a9-49c8-9915-2f25fa1fe143,KXMIASNOWM-26JAN-0.1,1,0.01,20,20.0,yes,sell,buy,brand.range,,783896a9-a6bf-42b5-9df0-2dda3e907629,,2026-01-28T19:17:28.741174Z,Lose
02d9b9b1-1bf7-71b9-a35b-8ace52a10a62,573ec7d5-48a9-49c8-9915-2f25fa1fe143,KXMIASNOWM-26JAN-0.1,1,0.01,52,52.0,yes,buy,buy,,,,,2026-01-28T18:19:46.18777Z,Lose
0ce97198-9bb7-5f39-6890-4b375effec0e,573ec7d5-48a9-49c8-9915-2f25fa1fe143,KXMIASNOWM-26JAN-0.1,1,0.01,166,166.0,yes,buy,buy,,kamazakii,,5ceb50d5-d1f2-4510-bd62-a67754324e3d,2026-01-28T17:01:45.553185Z,Lose
1e07b599-4503-77e1-742c-c05c4998d0d6,573ec7d5-48a9-49c8-9915-2f25fa1fe143,KXMIASNOWM-26JAN-0.1,1,0.01,561,561.0,yes,buy,buy,,dave2.0,,ddeccf12-5387-48d7-ac97-dc370c9834ad,2026-01-28T16:49:04.556494Z,Lose
d09ec8b1-5673-43c5-670d-6c981b1d28f6,573ec7d5-48a9-49c8-9915-2f25fa1fe143,KXMIASNOWM-26JAN-0.1,1,0.01,19,19.0,yes,buy,buy,,,,,2026-01-28T16:48:16.770115Z,Lose
3ccef961-dcff-562d-ce18-301179a0c696,573ec7d5-48a9-49c8-9915-2f25fa1fe143,KXMIASNOWM-26JAN-0.1,1,0.01,33,33.0,yes,buy,buy,,,,,2026-01-28T15:37:33.312952Z,Lose
912d73ea-28b5-796a-6083-c37b95f6c174,864405f4-6eb2-4335-8dc9-f658913b3905,KXMIASNOWM-26JAN-1.0,1,0.01,93,93.0,yes,buy,buy,,,,,2026-01-28T15:37:17.345241Z,Lose
30835169-4a37-59f3-1614-3f29917382ec,6cd3e8fd-414f-4743-be05-a05b1d7c98a5,KXMIASNOWM-26JAN-0.5,1,0.01,187,187.0,yes,buy,buy,,,,,2026-01-28T15:37:05.983662Z,Lose
ea4a6dfd-d25b-7339-e094-fe9a759ec4f2,573ec7d5-48a9-49c8-9915-2f25fa1fe143,KXMIASNOWM-26JAN-0.1,1,0.01,467,467.0,yes,buy,buy,,deck.scheme,,dae06435-087e-45de-b3ca-badbc40901a9,2026-01-28T15:28:58.956788Z,Lose
d7d17389-388b-687f-9f2d-889d79404f68,6cd3e8fd-414f-4743-be05-a05b1d7c98a5,KXMIASNOWM-26JAN-0.5,1,0.01,187,187.0,yes,buy,buy,,wild.chaos2,,5fdb8050-de00-4971-ba67-ee76f32538fc,2026-01-28T15:05:27.649782Z,Lose
1e74ace5-6693-702d-cf88-dd2930774d5e,573ec7d5-48a9-49c8-9915-2f25fa1fe143,KXMIASNOWM-26JAN-0.1,1,0.01,280,280.0,yes,buy,buy,,wild.chaos2,,5fdb8050-de00-4971-ba67-ee76f32538fc,2026-01-28T15:03:02.446416Z,Lose
d2c02898-7e11-68ee-d614-5ea7f416c274,864405f4-6eb2-4335-8dc9-f658913b3905,KXMIASNOWM-26JAN-1.0,1,0.01,46,46.0,yes,buy,buy,,,,,2026-01-28T14:30:21.782943Z,Lose
1c58a28e-319b-5f23-f30f-475a219f0a4c,6cd3e8fd-414f-4743-be05-a05b1d7c98a5,KXMIASNOWM-26JAN-0.5,1,0.01,46,46.0,yes,buy,buy,,,,,2026-01-28T14:30:12.62506Z,Lose
845cefd4-1b0f-5785-25d3-0118c320b372,573ec7d5-48a9-49c8-9915-2f25fa1fe143,KXMIASNOWM-26JAN-0.1,1,0.01,46,46.0,yes,buy,buy,,,,,2026-01-28T14:29:59.302556Z,Lose
b0b4d917-ef1b-7b31-d1fa-ef7d9519ad32,573ec7d5-48a9-49c8-9915-2f25fa1fe143,KXMIASNOWM-26JAN-0.1,1,0.01,467,467.0,yes,buy,buy,,,,,2026-01-28T13:57:38.078428Z,Lose
eaa11748-7837-788d-ccba-0c2b34ccda9a,573ec7d5-48a9-49c8-9915-2f25fa1fe143,KXMIASNOWM-26JAN-0.1,1,0.01,935,935.0,yes,buy,buy,,,,,2026-01-28T13:19:41.693722Z,Lose
ea45dc1f-8c7f-7725-35ac-0c41cb4f4166,573ec7d5-48a9-49c8-9915-2f25fa1fe143,KXMIASNOWM-26JAN-0.1,1,0.01,93,93.0,yes,buy,buy,,raul5321d,,a9a0d9ec-7c5b-54fe-bdf5-638332c33414,2026-01-28T13:18:49.44333Z,Lose
c8ac9e12-d29f-52e9-d74e-74a09e55793e,573ec7d5-48a9-49c8-9915-2f25fa1fe143,KXMIASNOWM-26JAN-0.1,1,0.01,93,93.0,yes,buy,buy,,Q.G.,,e5438f54-4124-41cf-aa03-f829d83d64f8,2026-01-28T13:04:48.292448Z,Lose
18a14cec-7617-700f-ca64-8117479bea64,6cd3e8fd-414f-4743-be05-a05b1d7c98a5,KXMIASNOWM-26JAN-0.5,1,0.01,93,93.0,yes,buy,buy,,Lucifer.cup,,be2ee4b4-a200-4ab8-9d9e-cab3b91433fe,2026-01-28T12:53:10.903837Z,Lose
61144662-99eb-58f1-fc7c-079deb86a232,573ec7d5-48a9-49c8-9915-2f25fa1fe143,KXMIASNOWM-26JAN-0.1,1,0.01,93,93.0,yes,buy,buy,,Lucifer.cup,,be2ee4b4-a200-4ab8-9d9e-cab3b91433fe,2026-01-28T12:53:00.896935Z,Lose
dfaa6c13-c503-4e85-5821-cb4f90693f1e,573ec7d5-48a9-49c8-9915-2f25fa1fe143,KXMIASNOWM-26JAN-0.1,1,0.01,93,93.0,yes,buy,buy,,weird.fork,,c215cf43-ea3b-4e01-88a2-479676ef7feb,2026-01-28T12:52:26.639268Z,Lose
57130a5f-4f9b-6357-22d2-2cba1f321934,6cd3e8fd-414f-4743-be05-a05b1d7c98a5,KXMIASNOWM-26JAN-0.5,1,0.01,467,467.0,yes,buy,buy,,,,,2026-01-28T12:05:33.703361Z,Lose
5dfbd785-fb63-4555-3278-3e7c18f94a06,573ec7d5-48a9-49c8-9915-2f25fa1fe143,KXMIASNOWM-26JAN-0.1,1,0.01,467,467.0,yes,buy,buy,,,,,2026-01-28T12:04:34.192003Z,Lose
da8b388b-ea3f-6551-81fb-1a75dbe1f3f2,573ec7d5-48a9-49c8-9915-2f25fa1fe143,KXMIASNOWM-26JAN-0.1,1,0.01,467,467.0,yes,buy,buy,,,,,2026-01-28T12:01:29.26413Z,Lose
92263b9b-9443-743f-9675-5ca7ceafdc3c,6cd3e8fd-414f-4743-be05-a05b1d7c98a5,KXMIASNOWM-26JAN-0.5,1,0.01,23,23.0,yes,buy,buy,,,,,2026-01-28T11:51:10.115627Z,Lose
b7c8c78a-e657-6d5c-e97d-23cc361cdb57,573ec7d5-48a9-49c8-9915-2f25fa1fe143,KXMIASNOWM-26JAN-0.1,1,0.01,10,10.0,no,buy,buy,,,,,2026-01-28T11:10:43.09262Z,Win
77048c23-a607-6b32-d839-92c018785d83,573ec7d5-48a9-49c8-9915-2f25fa1fe143,KXMIASNOWM-26JAN-0.1,1,0.01,205,205.0,no,buy,buy,,,,,2026-01-28T11:10:43.09262Z,Win
38bc7056-377b-6f9d-d30b-0525b8e0db34,573ec7d5-48a9-49c8-9915-2f25fa1fe143,KXMIASNOWM-26JAN-0.1,1,0.01,4071,4071.0,no,sell,buy,,,,,2026-01-28T11:10:43.09262Z,Win
00fc6f56-f042-646d-cdba-723905ee16d1,573ec7d5-48a9-49c8-9915-2f25fa1fe143,KXMIASNOWM-26JAN-0.1,1,0.01,32,32.0,no,buy,buy,,,,,2026-01-28T11:10:43.09262Z,Win
359678a8-067f-64aa-66a1-adbdb9f9535e,573ec7d5-48a9-49c8-9915-2f25fa1fe143,KXMIASNOWM-26JAN-0.1,2,0.02,140,140.0,yes,buy,buy,,,,,2026-01-28T11:01:03.249515Z,Lose
f54ab4f1-809f-437e-d345-34b8be721772,573ec7d5-48a9-49c8-9915-2f25fa1fe143,KXMIASNOWM-26JAN-0.1,2,0.02,467,467.0,yes,buy,buy,,,,,2026-01-28T10:48:31.748723Z,Lose
541f806c-349f-4c71-9fe1-bfd875761168,573ec7d5-48a9-49c8-9915-2f25fa1fe143,KXMIASNOWM-26JAN-0.1,1,0.01,211,211.0,no,sell,sell,,Hyperbole.Investments,,2381cb4e-48e6-4ee9-8040-1ae8a5bf8cf7,2026-01-28T10:45:10.487975Z,Lose
88d72a41-3f2b-7d4d-6be1-830d4a00e7cc,573ec7d5-48a9-49c8-9915-2f25fa1fe143,KXMIASNOWM-26JAN-0.1,1,0.01,1000,1000.0,no,sell,buy,,,,,2026-01-28T10:36:05.875811Z,Win
285b674c-8223-6ed6-c395-ad7c853c194a,573ec7d5-48a9-49c8-9915-2f25fa1fe143,KXMIASNOWM-26JAN-0.1,2,0.02,935,935.0,yes,buy,buy,,,,,2026-01-28T10:22:01.630873Z,Lose
6c151295-b96f-61be-97e6-6870004cf1a6,573ec7d5-48a9-49c8-9915-2f25fa1fe143,KXMIASNOWM-26JAN-0.1,2,0.02,125,125.0,yes,buy,buy,,,,,2026-01-28T10:16:18.445995Z,Lose
45fcb0be-27c7-5832-2c18-a11eaa90ada6,573ec7d5-48a9-49c8-9915-2f25fa1fe143,KXMIASNOWM-26JAN-0.1,2,0.02,46,46.0,yes,buy,buy,,Christina.turner,,dc4c53b3-9cdf-4748-b1d8-3a5b300731a9,2026-01-28T10:05:32.358924Z,Lose
0b7453b9-061f-4e9e-f1fb-4a758f40d476,573ec7d5-48a9-49c8-9915-2f25fa1fe143,KXMIASNOWM-26JAN-0.1,2,0.02,46,46.0,yes,buy,buy,,,,,2026-01-28T09:55:49.423397Z,Lose
2d91826c-35a2-78e6-6760-78b0aa0061de,6cd3e8fd-414f-4743-be05-a05b1d7c98a5,KXMIASNOWM-26JAN-0.5,2,0.02,46,46.0,yes,buy,buy,,,,,2026-01-28T09:47:40.20837Z,Lose
45b11466-19bb-4712-e7e9-a965f8d58dfe,573ec7d5-48a9-49c8-9915-2f25fa1fe143,KXMIASNOWM-26JAN-0.1,2,0.02,46,46.0,yes,buy,buy,,,,,2026-01-28T09:28:35.129751Z,Lose
7335d356-0857-590a-2af7-6a716b6bcb42,573ec7d5-48a9-49c8-9915-2f25fa1fe143,KXMIASNOWM-26JAN-0.1,2,0.02,93,93.0,yes,buy,buy,,,,,2026-01-28T09:03:56.146405Z,Lose
b92821ac-e196-4aa2-9908-f29fc5368346,6cd3e8fd-414f-4743-be05-a05b1d7c98a5,KXMIASNOWM-26JAN-0.5,2,0.02,233,233.0,yes,buy,buy,,,,,2026-01-28T09:03:12.259771Z,Lose
a9fb537b-14a3-408e-e6ed-91431e12681e,573ec7d5-48a9-49c8-9915-2f25fa1fe143,KXMIASNOWM-26JAN-0.1,2,0.02,93,93.0,yes,buy,buy,,,,,2026-01-28T08:29:37.522146Z,Lose
d0aa4423-c40b-6ce2-6305-dbb16f308382,573ec7d5-48a9-49c8-9915-2f25fa1fe143,KXMIASNOWM-26JAN-0.1,2,0.02,93,93.0,yes,buy,buy,,soft.betVall69,,54877c04-a302-44e2-a287-d412f8a21a88,2026-01-28T07:12:50.822782Z,Lose
8e1bb71e-f543-75d9-fb67-5031f93f048c,573ec7d5-48a9-49c8-9915-2f25fa1fe143,KXMIASNOWM-26JAN-0.1,1,0.01,28,28.0,no,sell,buy,,,,,2026-01-28T06:43:42.357345Z,Win
b82dbddd-8697-47ba-3a6b-8ca05d0052d6,573ec7d5-48a9-49c8-9915-2f25fa1fe143,KXMIASNOWM-26JAN-0.1,2,0.02,233,233.0,yes,buy,buy,,,,,2026-01-28T06:29:13.920723Z,Lose
22c08197-6103-7eb6-5714-77cad1aaa786,573ec7d5-48a9-49c8-9915-2f25fa1fe143,KXMIASNOWM-26JAN-0.1,2,0.02,233,233.0,yes,buy,buy,,,,,2026-01-28T06:28:39.738743Z,Lose
eeb970d8-cd27-4ea6-7def-4d8550a06e7a,573ec7d5-48a9-49c8-9915-2f25fa1fe143,KXMIASNOWM-26JAN-0.1,2,0.02,42,42.0,yes,buy,buy,,cammb,,36826fb8-0151-4d79-be74-73b7a5eb26d4,2026-01-28T06:14:06.495107Z,Lose
4ce3059f-0fc3-4cee-5cec-56e5cd75002e,573ec7d5-48a9-49c8-9915-2f25fa1fe143,KXMIASNOWM-26JAN-0.1,2,0.02,140,140.0,yes,buy,buy,,,,,2026-01-28T06:10:08.602634Z,Lose
a52b019d-700b-4e99-56f7-9f161e8708a4,573ec7d5-48a9-49c8-9915-2f25fa1fe143,KXMIASNOWM-26JAN-0.1,1,0.01,28,28.0,no,sell,buy,,,,,2026-01-28T06:01:36.211661Z,Win
a119f891-8557-7885-421c-99fbf48f7744,573ec7d5-48a9-49c8-9915-2f25fa1fe143,KXMIASNOWM-26JAN-0.1,1,0.01,28,28.0,no,sell,buy,,,,,2026-01-28T06:01:06.751643Z,Win
51b25306-1827-417d-ce46-f59b71307a10,573ec7d5-48a9-49c8-9915-2f25fa1fe143,KXMIASNOWM-26JAN-0.1,1,0.01,116,116.0,no,sell,sell,,,,,2026-01-28T06:00:42.898532Z,Lose
57db7137-7ad7-61ee-39d8-4c4c295de12a,573ec7d5-48a9-49c8-9915-2f25fa1fe143,KXMIASNOWM-26JAN-0.1,2,0.02,116,116.0,yes,buy,buy,,,,,2026-01-28T06:00:18.992025Z,Lose
d4779492-c1b7-5292-30dc-4f6ea8bab6ba,573ec7d5-48a9-49c8-9915-2f25fa1fe143,KXMIASNOWM-26JAN-0.1,2,0.02,467,467.0,yes,buy,buy,,,,,2026-01-28T05:42:30.976511Z,Lose
8ccae1ce-4a5b-637e-50a9-5b0ccd9c4a52,573ec7d5-48a9-49c8-9915-2f25fa1fe143,KXMIASNOWM-26JAN-0.1,2,0.02,46,46.0,yes,buy,buy,,,,,2026-01-28T05:34:42.830236Z,Lose
4e45907e-857b-451e-5419-98bb383e3716,573ec7d5-48a9-49c8-9915-2f25fa1fe143,KXMIASNOWM-26JAN-0.1,2,0.02,93,93.0,yes,buy,buy,,,,,2026-01-28T05:17:26.27Z,Lose
f7b99ef5-cd9b-5fdd-3530-8588d184d428,573ec7d5-48a9-49c8-9915-2f25fa1fe143,KXMIASNOWM-26JAN-0.1,1,0.01,467,467.0,no,sell,sell,,,,,2026-01-28T05:08:50.390912Z,Lose
103fb201-7bbb-4c6d-4a1a-a4f1b1276ce0,573ec7d5-48a9-49c8-9915-2f25fa1fe143,KXMIASNOWM-26JAN-0.1,1,0.01,46,46.0,no,sell,sell,,,,,2026-01-28T05:01:47.056699Z,Lose
1b1f2b9f-4a07-6331-9a09-9e1dafe2d314,573ec7d5-48a9-49c8-9915-2f25fa1fe143,KXMIASNOWM-26JAN-0.1,1,0.01,1,1.0,no,sell,buy,,,,,2026-01-28T04:53:52.305583Z,Win
b33225cd-f37b-68ca-7f72-3eda7d356fd6,573ec7d5-48a9-49c8-9915-2f25fa1fe143,KXMIASNOWM-26JAN-0.1,2,0.02,233,233.0,yes,buy,buy,,,,,2026-01-28T04:53:52.284472Z,Lose
1d44191d-bb87-4b09-ba76-c57b5f945590,573ec7d5-48a9-49c8-9915-2f25fa1fe143,KXMIASNOWM-26JAN-0.1,1,0.01,1,1.0,no,sell,buy,,,,,2026-01-28T04:51:57.638186Z,Win
09f09456-160b-6b25-cdde-e5b85012fbb0,573ec7d5-48a9-49c8-9915-2f25fa1fe143,KXMIASNOWM-26JAN-0.1,1,0.01,1,1.0,no,sell,buy,,,,,2026-01-28T04:51:14.020313Z,Win
9657aa54-53f0-5b4d-eb6a-5fe331f5af0d,573ec7d5-48a9-49c8-9915-2f25fa1fe143,KXMIASNOWM-26JAN-0.1,1,0.01,2,2.0,yes,sell,sell,golf.golf,,6303a0a9-cff6-48a4-9ddc-6ee6d1097a81,,2026-01-28T04:51:13.992584Z,Win
909aac28-bd1f-7caa-a390-99da1e77d926,573ec7d5-48a9-49c8-9915-2f25fa1fe143,KXMIASNOWM-26JAN-0.1,2,0.02,2,2.0,yes,buy,buy,,golf.golf,,6303a0a9-cff6-48a4-9ddc-6ee6d1097a81,2026-01-28T04:48:46.221323Z,Lose
98cebb9a-c21f-484e-be37-f2a72ddc7a0a,573ec7d5-48a9-49c8-9915-2f25fa1fe143,KXMIASNOWM-26JAN-0.1,2,0.02,701,701.0,yes,buy,buy,,Calebjschlichting,,ff1c1219-162f-41b1-80db-68e118f6b09e,2026-01-28T04:34:21.313843Z,Lose
29247140-fd6f-5a8a-b655-ab41c625ade6,573ec7d5-48a9-49c8-9915-2f25fa1fe143,KXMIASNOWM-26JAN-0.1,2,0.02,233,233.0,yes,buy,buy,,,,,2026-01-28T03:57:11.054309Z,Lose
2d85d196-cac7-6792-6e88-2cfcf92af8a6,573ec7d5-48a9-49c8-9915-2f25fa1fe143,KXMIASNOWM-26JAN-0.1,2,0.02,46,46.0,yes,buy,buy,,,,,2026-01-28T03:52:15.735626Z,Lose
a8e46e6d-a8df-63e6-fb0a-432a06add1d2,573ec7d5-48a9-49c8-9915-2f25fa1fe143,KXMIASNOWM-26JAN-0.1,2,0.02,46,46.0,yes,buy,buy,,parkerb0,,75a3f632-2d53-4b06-892c-f5306bd0b216,2026-01-28T03:41:40.815574Z,Lose
86cbf3dc-7a2f-52b2-d83f-9e0b4e2aa862,573ec7d5-48a9-49c8-9915-2f25fa1fe143,KXMIASNOWM-26JAN-0.1,2,0.02,46,46.0,yes,buy,buy,,,,,2026-01-28T03:01:51.496805Z,Lose
78ba78af-12eb-7c8e-3fb4-04683431525a,573ec7d5-48a9-49c8-9915-2f25fa1fe143,KXMIASNOWM-26JAN-0.1,2,0.02,46,46.0,yes,buy,buy,,,,,2026-01-28T02:46:31.433198Z,Lose
e6a769e1-080b-764e-74c3-86ed17590d16,573ec7d5-48a9-49c8-9915-2f25fa1fe143,KXMIASNOWM-26JAN-0.1,2,0.02,233,233.0,yes,buy,buy,,,,,2026-01-28T02:24:40.711726Z,Lose
293c7011-399a-633e-973e-eb55ece11a93,573ec7d5-48a9-49c8-9915-2f25fa1fe143,KXMIASNOWM-26JAN-0.1,1,0.01,2,2.0,no,sell,buy,,,,,2026-01-28T02:06:49.983261Z,Win
e913d469-4bf6-5032-55e1-3d6d4f6161d7,573ec7d5-48a9-49c8-9915-2f25fa1fe143,KXMIASNOWM-26JAN-0.1,1,0.01,1,1.0,no,sell,buy,,,,,2026-01-28T02:02:22.861986Z,Win
beff88dd-c7ba-5112-8e1a-320d58966793,573ec7d5-48a9-49c8-9915-2f25fa1fe143,KXMIASNOWM-26JAN-0.1,1,0.01,2,2.0,no,sell,buy,,,,,2026-01-28T02:00:03.196613Z,Win
01b64de3-3343-60ba-4558-b48b83e0e156,573ec7d5-48a9-49c8-9915-2f25fa1fe143,KXMIASNOWM-26JAN-0.1,2,0.02,233,233.0,yes,buy,buy,,,,,2026-01-28T02:00:03.171955Z,Lose
96ef1318-861e-4c8e-df1e-c5a1ce0e6937,573ec7d5-48a9-49c8-9915-2f25fa1fe143,KXMIASNOWM-26JAN-0.1,1,0.01,1,1.0,no,sell,buy,,,,,2026-01-28T01:59:27.325447Z,Win
cc8b270e-d087-58e6-a207-f2af73aa7a3e,573ec7d5-48a9-49c8-9915-2f25fa1fe143,KXMIASNOWM-26JAN-0.1,2,0.02,233,233.0,yes,buy,buy,,BTIef0821,,83e6204c-c7a5-470e-97bc-63c6ef9e9427,2026-01-28T01:45:41.172138Z,Lose
0bad580f-deb3-434e-9d3d-d67acedce74a,573ec7d5-48a9-49c8-9915-2f25fa1fe143,KXMIASNOWM-26JAN-0.1,2,0.02,46,46.0,yes,buy,buy,,,,,2026-01-28T01:30:26.309445Z,Lose
c4bae3a6-ae9f-623e-443b-bff2e5d639f6,573ec7d5-48a9-49c8-9915-2f25fa1fe143,KXMIASNOWM-26JAN-0.1,2,0.02,233,233.0,yes,buy,buy,,Jess.guess.it,,30b5569a-e0b4-40b7-bc6f-4b8e32e64629,2026-01-28T01:16:59.327638Z,Lose
cd40fb46-f4d3-459e-eacc-b785e8dbcd9a,573ec7d5-48a9-49c8-9915-2f25fa1fe143,KXMIASNOWM-26JAN-0.1,2,0.02,467,467.0,yes,buy,buy,,,,,2026-01-28T01:16:47.205291Z,Lose
ceb5bb75-0fdb-76f2-70d2-bb8859a6cfa2,573ec7d5-48a9-49c8-9915-2f25fa1fe143,KXMIASNOWM-26JAN-0.1,2,0.02,233,233.0,yes,buy,buy,,Odsclu,,6cbc656c-c93b-4c72-9fdc-4f39e7efa554,2026-01-28T01:00:02.302764Z,Lose
5635436f-a0ee-70e6-d2c9-b34d2c44932a,6cd3e8fd-414f-4743-be05-a05b1d7c98a5,KXMIASNOWM-26JAN-0.5,2,0.02,93,93.0,yes,buy,buy,,,,,2026-01-28T00:40:31.90624Z,Lose
b98998b8-3473-4b82-23e4-98dc0123adee,573ec7d5-48a9-49c8-9915-2f25fa1fe143,KXMIASNOWM-26JAN-0.1,2,0.02,1146,1146.0,yes,buy,buy,,young.dam,,7b52d2a7-e5fe-4974-90b1-71d3a48a3a97,2026-01-28T00:36:22.317665Z,Lose
66b1504f-e46b-7436-e40e-9e5115a140ae,573ec7d5-48a9-49c8-9915-2f25fa1fe143,KXMIASNOWM-26JAN-0.1,2,0.02,229,229.0,yes,buy,buy,,young.dam,,7b52d2a7-e5fe-4974-90b1-71d3a48a3a97,2026-01-28T00:35:13.816194Z,Lose
24380736-cd73-5002-bf06-59c0bb79e8ae,573ec7d5-48a9-49c8-9915-2f25fa1fe143,KXMIASNOWM-26JAN-0.1,2,0.02,92,92.0,yes,buy,buy,,young.dam,,7b52d2a7-e5fe-4974-90b1-71d3a48a3a97,2026-01-28T00:34:27.7584Z,Lose
2925eddd-96ab-7af6-81ef-89f43bb502da,573ec7d5-48a9-49c8-9915-2f25fa1fe143,KXMIASNOWM-26JAN-0.1,2,0.02,182,182.0,yes,buy,buy,,young.dam,,7b52d2a7-e5fe-4974-90b1-71d3a48a3a97,2026-01-28T00:32:15.420867Z,Lose
55c50ecd-8c23-59e2-0d79-b3efdce59986,573ec7d5-48a9-49c8-9915-2f25fa1fe143,KXMIASNOWM-26JAN-0.1,2,0.02,46,46.0,yes,buy,buy,,young.dam,,7b52d2a7-e5fe-4974-90b1-71d3a48a3a97,2026-01-28T00:31:55.184879Z,Lose
b4fd2070-556f-635a-dec9-025e5facdb72,573ec7d5-48a9-49c8-9915-2f25fa1fe143,KXMIASNOWM-26JAN-0.1,2,0.02,140,140.0,yes,buy,buy,,,,,2026-01-28T00:31:41.570197Z,Lose
015482cc-2e8f-576e-c4e8-fb76c76396ae,573ec7d5-48a9-49c8-9915-2f25fa1fe143,KXMIASNOWM-26JAN-0.1,2,0.02,93,93.0,yes,buy,buy,,deep.look,,6302a2bf-ab69-4fb9-be8b-77e2b809d0ae,2026-01-27T23:56:40.256355Z,Lose
a37ff47f-7eaf-7c2a-0fdd-a340697420ee,573ec7d5-48a9-49c8-9915-2f25fa1fe143,KXMIASNOWM-26JAN-0.1,2,0.02,467,467.0,yes,buy,buy,,young.dam,,7b52d2a7-e5fe-4974-90b1-71d3a48a3a97,2026-01-27T22:24:19.222796Z,Lose
ad6f2460-d9ae-4a4e-115d-daa33ab10ec6,6cd3e8fd-414f-4743-be05-a05b1d7c98a5,KXMIASNOWM-26JAN-0.5,2,0.02,46,46.0,yes,buy,buy,,,,,2026-01-27T22:15:37.528617Z,Lose
57faa8f4-767f-6d56-2adf-5a1281c38c26,573ec7d5-48a9-49c8-9915-2f25fa1fe143,KXMIASNOWM-26JAN-0.1,2,0.02,46,46.0,yes,buy,buy,,Serve,,ec692931-3503-44be-9296-77a3b1b4016d,2026-01-27T22:07:56.259338Z,Lose
f4920917-1c7f-5ef6-b7a0-20956b475aa2,573ec7d5-48a9-49c8-9915-2f25fa1fe143,KXMIASNOWM-26JAN-0.1,2,0.02,14,14.0,yes,buy,buy,,,,,2026-01-27T21:42:50.301434Z,Lose
35a5f5f8-7f3b-6b4e-4144-90882cfcaff2,573ec7d5-48a9-49c8-9915-2f25fa1fe143,KXMIASNOWM-26JAN-0.1,2,0.02,233,233.0,yes,buy,buy,,,,,2026-01-27T21:22:35.03597Z,Lose
47a15e22-4deb-4b2e-2e12-f67403d5e7a6,573ec7d5-48a9-49c8-9915-2f25fa1fe143,KXMIASNOWM-26JAN-0.1,2,0.02,514,514.0,yes,buy,buy,,,,,2026-01-27T20:37:36.955972Z,Lose
2bc3f210-508f-402e-7d17-da6d0e0ff37e,573ec7d5-48a9-49c8-9915-2f25fa1fe143,KXMIASNOWM-26JAN-0.1,2,0.02,46,46.0,yes,buy,buy,,class.tube,,fdb4512a-283b-48a6-a20b-f99b2ed71607,2026-01-27T20:28:32.15539Z,Lose
74670e90-3427-456a-d2d8-fc06c886895a,573ec7d5-48a9-49c8-9915-2f25fa1fe143,KXMIASNOWM-26JAN-0.1,2,0.02,140,140.0,yes,buy,buy,,shrill.emu,,f914e2f0-d036-49c9-98f6-683cbaefd65e,2026-01-27T20:16:29.077732Z,Lose
b9593748-aa1b-4e72-2c89-7d473ce79c2a,573ec7d5-48a9-49c8-9915-2f25fa1fe143,KXMIASNOWM-26JAN-0.1,2,0.02,4394,4394.0,yes,buy,buy,,,,,2026-01-27T19:51:53.677822Z,Lose
72eac455-720f-4ac6-1ac5-ab94814360d3,573ec7d5-48a9-49c8-9915-2f25fa1fe143,KXMIASNOWM-26JAN-0.1,2,0.02,285,285.0,yes,buy,buy,,,,,2026-01-27T19:51:53.677822Z,Lose
6ed82345-7997-407a-0e6c-007b717a4eb3,573ec7d5-48a9-49c8-9915-2f25fa1fe143,KXMIASNOWM-26JAN-0.1,2,0.02,233,233.0,yes,buy,buy,,,,,2026-01-27T19:40:39.677947Z,Lose
130e32c7-d1cf-41d2-7298-474afae3dc0f,573ec7d5-48a9-49c8-9915-2f25fa1fe143,KXMIASNOWM-26JAN-0.1,2,0.02,46,46.0,yes,buy,buy,,,,,2026-01-27T19:26:22.213034Z,Lose
bbae7f70-749b-543a-44fb-61d49cdf1eb3,573ec7d5-48a9-49c8-9915-2f25fa1fe143,KXMIASNOWM-26JAN-0.1,2,0.02,46,46.0,yes,buy,buy,,,,,2026-01-27T19:22:40.637798Z,Lose
f37d47f0-6423-474e-d160-5c294e5a8ce7,573ec7d5-48a9-49c8-9915-2f25fa1fe143,KXMIASNOWM-26JAN-0.1,2,0.02,233,233.0,yes,buy,buy,,,,,2026-01-27T19:10:24.632233Z,Lose
cf554970-61bb-6a7e-4f82-1ee09adcafd7,573ec7d5-48a9-49c8-9915-2f25fa1fe143,KXMIASNOWM-26JAN-0.1,2,0.02,467,467.0,yes,buy,buy,,dumb.night,,c71969fd-79f1-44cb-86cb-f8b984d26ca6,2026-01-27T19:03:41.577732Z,Lose
e1669676-820e-6076-0aab-dfcf659aba22,6cd3e8fd-414f-4743-be05-a05b1d7c98a5,KXMIASNOWM-26JAN-0.5,2,0.02,467,467.0,yes,buy,buy,,dumb.night,,c71969fd-79f1-44cb-86cb-f8b984d26ca6,2026-01-27T19:03:31.636411Z,Lose
3918d3d2-09b3-494e-4e72-c1208ef80ff3,573ec7d5-48a9-49c8-9915-2f25fa1fe143,KXMIASNOWM-26JAN-0.1,2,0.02,46,46.0,yes,buy,buy,,,,,2026-01-27T19:01:28.010924Z,Lose
ffa99fae-c45f-476e-65fa-ba201bc4557b,573ec7d5-48a9-49c8-9915-2f25fa1fe143,KXMIASNOWM-26JAN-0.1,2,0.02,46,46.0,yes,buy,buy,,,,,2026-01-27T18:44:02.075886Z,Lose
8e4cec7f-ae9e-4856-854d-82835ebb5ac6,6cd3e8fd-414f-4743-be05-a05b1d7c98a5,KXMIASNOWM-26JAN-0.5,2,0.02,93,93.0,yes,buy,buy,,cholaz4,,60a0966c-7754-4375-a124-23b938075232,2026-01-27T18:35:25.409279Z,Lose
ec191a9e-c383-62b6-fa84-963f5b08b89b,573ec7d5-48a9-49c8-9915-2f25fa1fe143,KXMIASNOWM-26JAN-0.1,2,0.02,140,140.0,yes,buy,buy,,cholaz4,,60a0966c-7754-4375-a124-23b938075232,2026-01-27T18:32:08.300053Z,Lose
e3b877f6-198b-64f6-757f-04ece298640f,573ec7d5-48a9-49c8-9915-2f25fa1fe143,KXMIASNOWM-26JAN-0.1,2,0.02,187,187.0,yes,buy,buy,,rob.,,10a98494-ce69-4015-bfd1-ae86a0741f59,2026-01-27T18:30:07.710983Z,Lose
aa2b1fc5-7ca7-661e-ac33-f795df0ddf5f,573ec7d5-48a9-49c8-9915-2f25fa1fe143,KXMIASNOWM-26JAN-0.1,2,0.02,5,5.0,yes,buy,buy,,,,,2026-01-27T18:08:02.653932Z,Lose
398c1557-1403-5456-67a3-e78be7b7a1cf,573ec7d5-48a9-49c8-9915-2f25fa1fe143,KXMIASNOWM-26JAN-0.1,2,0.02,233,233.0,yes,buy,buy,,,,,2026-01-27T18:07:46.389055Z,Lose
f97ddc38-1eab-4da2-1234-fd9bd09f651f,573ec7d5-48a9-49c8-9915-2f25fa1fe143,KXMIASNOWM-26JAN-0.1,2,0.02,233,233.0,yes,buy,buy,,,,,2026-01-27T18:05:03.087399Z,Lose
7c86c53e-965f-7c26-81f2-f06a92b09c37,573ec7d5-48a9-49c8-9915-2f25fa1fe143,KXMIASNOWM-26JAN-0.1,2,0.02,12,12.0,yes,buy,buy,,,,,2026-01-27T18:00:35.864801Z,Lose
fab8a46f-b453-45da-ba95-723928a9f7e7,573ec7d5-48a9-49c8-9915-2f25fa1fe143,KXMIASNOWM-26JAN-0.1,2,0.02,93,93.0,yes,buy,buy,,,,,2026-01-27T17:40:02.086233Z,Lose
b220b460-720f-571a-2e66-3542f1d5a08b,573ec7d5-48a9-49c8-9915-2f25fa1fe143,KXMIASNOWM-26JAN-0.1,2,0.02,46,46.0,yes,buy,buy,,jaimeyanndoria,,c17df7d5-259c-4dca-8114-ddff67ddd405,2026-01-27T17:13:57.080189Z,Lose
62c86895-c8d3-70ce-0b8d-28df6c03cd17,573ec7d5-48a9-49c8-9915-2f25fa1fe143,KXMIASNOWM-26JAN-0.1,2,0.02,140,140.0,yes,buy,buy,,,,,2026-01-27T16:50:03.30755Z,Lose
a12929be-c93b-67ba-14d5-eeaa0a6a6897,573ec7d5-48a9-49c8-9915-2f25fa1fe143,KXMIASNOWM-26JAN-0.1,2,0.02,35,35.0,yes,buy,buy,,,,,2026-01-27T16:46:22.400215Z,Lose
a56f9a93-545f-7e9e-7621-24c1f1b6484f,573ec7d5-48a9-49c8-9915-2f25fa1fe143,KXMIASNOWM-26JAN-0.1,2,0.02,701,701.0,yes,buy,buy,,,,,2026-01-27T16:22:00.344014Z,Lose
0062ac1b-8a47-71f6-0f5b-3ed7bba446cb,573ec7d5-48a9-49c8-9915-2f25fa1fe143,KXMIASNOWM-26JAN-0.1,2,0.02,11,11.0,yes,buy,buy,,path.core,,cc25a738-6496-4571-91ea-8999a113f8a3,2026-01-27T15:45:04.374152Z,Lose
b424bd76-5fd3-4fb6-7408-52d65897084f,573ec7d5-48a9-49c8-9915-2f25fa1fe143,KXMIASNOWM-26JAN-0.1,2,0.02,233,233.0,yes,buy,buy,,,,,2026-01-27T15:26:20.927213Z,Lose
ffdfc0ef-6f8b-710e-ef7f-4d661748d35b,573ec7d5-48a9-49c8-9915-2f25fa1fe143,KXMIASNOWM-26JAN-0.1,2,0.02,452,452.0,yes,buy,buy,,blue.angle,,4b6d3e92-43d6-4dd8-b7ab-e02e12e6c084,2026-01-27T15:13:41.72871Z,Lose
ab735369-88eb-51ee-cc5d-503aa47eca3b,573ec7d5-48a9-49c8-9915-2f25fa1fe143,KXMIASNOWM-26JAN-0.1,2,0.02,93,93.0,yes,buy,buy,,,,,2026-01-27T15:07:44.960301Z,Lose
c0a77513-2ee6-56c0-5ab6-ff8143f8a392,864405f4-6eb2-4335-8dc9-f658913b3905,KXMIASNOWM-26JAN-1.0,2,0.02,467,467.0,yes,buy,buy,,,,,2026-01-27T15:06:21.20277Z,Lose
3420efe7-e782-7206-5e4f-028fd49185aa,6cd3e8fd-414f-4743-be05-a05b1d7c98a5,KXMIASNOWM-26JAN-0.5,2,0.02,467,467.0,yes,buy,buy,,,,,2026-01-27T15:06:10.739862Z,Lose
bc0a6ca2-5523-64fa-83bb-462256be8573,573ec7d5-48a9-49c8-9915-2f25fa1fe143,KXMIASNOWM-26JAN-0.1,2,0.02,467,467.0,yes,buy,buy,,,,,2026-01-27T15:05:45.055319Z,Lose
0264a4f3-3f67-4f3e-caf1-9111a3164c57,573ec7d5-48a9-49c8-9915-2f25fa1fe143,KXMIASNOWM-26JAN-0.1,2,0.02,46,46.0,yes,buy,buy,,,,,2026-01-27T15:01:17.459026Z,Lose
f833f40e-eebb-7dd6-1481-85304bb4df8b,573ec7d5-48a9-49c8-9915-2f25fa1fe143,KXMIASNOWM-26JAN-0.1,2,0.02,233,233.0,yes,buy,buy,,,,,2026-01-27T14:43:51.305994Z,Lose
b9b82a52-5732-79a4-52e0-5fc5c6f451e6,864405f4-6eb2-4335-8dc9-f658913b3905,KXMIASNOWM-26JAN-1.0,2,0.02,280,280.0,yes,buy,buy,,,,,2026-01-27T14:39:00.356424Z,Lose
2bc2459e-fb3f-69d6-5f71-d08cf59bffb7,573ec7d5-48a9-49c8-9915-2f25fa1fe143,KXMIASNOWM-26JAN-0.1,2,0.02,23,23.0,yes,buy,buy,,boot.help,,4fcc70fc-2b6a-41cc-96d2-75e1dbad82bc,2026-01-27T13:59:38.283101Z,Lose
75a53527-f1af-5eca-e087-8b11ec4620db,573ec7d5-48a9-49c8-9915-2f25fa1fe143,KXMIASNOWM-26JAN-0.1,2,0.02,46,46.0,yes,buy,buy,,wrong.catch69,,48e056da-6b36-490b-9391-73fb1ff560ff,2026-01-27T13:51:29.834869Z,Lose
7ecafada-f0d7-6072-5d2d-f95f605a727b,573ec7d5-48a9-49c8-9915-2f25fa1fe143,KXMIASNOWM-26JAN-0.1,2,0.02,46,46.0,yes,buy,buy,,youngknockout,,83db9ec8-4641-41a9-95e2-eab4012dd07a,2026-01-27T13:35:51.858132Z,Lose
7ee4707b-f7cf-7496-5ad5-d1a822ff5f0f,573ec7d5-48a9-49c8-9915-2f25fa1fe143,KXMIASNOWM-26JAN-0.1,2,0.02,93,93.0,yes,buy,buy,,Jess.guess.it,,30b5569a-e0b4-40b7-bc6f-4b8e32e64629,2026-01-27T13:33:30.075069Z,Lose
7d239f7b-672a-7ba7-4941-3bcfcde81474,573ec7d5-48a9-49c8-9915-2f25fa1fe143,KXMIASNOWM-26JAN-0.1,2,0.02,3385,3385.0,yes,buy,buy,,brand.range,,783896a9-a6bf-42b5-9df0-2dda3e907629,2026-01-27T13:29:53.906431Z,Lose
5073acb8-567f-7516-5429-09396720fde7,573ec7d5-48a9-49c8-9915-2f25fa1fe143,KXMIASNOWM-26JAN-0.1,2,0.02,30,30.0,yes,buy,buy,,brand.range,,783896a9-a6bf-42b5-9df0-2dda3e907629,2026-01-27T13:29:53.906431Z,Lose
430dd8e4-090a-43db-e9e8-f7b82ef70438,573ec7d5-48a9-49c8-9915-2f25fa1fe143,KXMIASNOWM-26JAN-0.1,2,0.02,32753,32753.0,yes,buy,buy,,brand.range,,783896a9-a6bf-42b5-9df0-2dda3e907629,2026-01-27T13:15:12.601784Z,Lose
606624d9-6706-6f7f-f2d5-b951a85e9c3c,573ec7d5-48a9-49c8-9915-2f25fa1fe143,KXMIASNOWM-26JAN-0.1,2,0.02,23395,23395.0,yes,buy,buy,,brand.range,,783896a9-a6bf-42b5-9df0-2dda3e907629,2026-01-27T13:14:21.72337Z,Lose
a894a638-6426-50db-85a1-48bfec332b9c,573ec7d5-48a9-49c8-9915-2f25fa1fe143,KXMIASNOWM-26JAN-0.1,2,0.02,467,467.0,yes,buy,buy,,edwinjlm,,f35e106b-70b2-443b-8d17-0b74cb5babd4,2026-01-27T12:09:35.999474Z,Lose
12fbacc0-8303-5020-d40f-62e41fb6a627,573ec7d5-48a9-49c8-9915-2f25fa1fe143,KXMIASNOWM-26JAN-0.1,3,0.03,62,62.0,yes,sell,buy,,vonkeykong,,dbfad7ce-ce96-41fa-82ec-51d0a076a18f,2026-01-27T11:35:31.265786Z,Lose
e2c1d277-3a02-56ae-5034-3af8834ea3b6,6cd3e8fd-414f-4743-be05-a05b1d7c98a5,KXMIASNOWM-26JAN-0.5,2,0.02,46,46.0,yes,buy,buy,,edwinjlm,,f35e106b-70b2-443b-8d17-0b74cb5babd4,2026-01-27T10:24:44.640217Z,Lose
1771906a-8e1f-53e4-fb6c-26f0a7cbe0d3,573ec7d5-48a9-49c8-9915-2f25fa1fe143,KXMIASNOWM-26JAN-0.1,3,0.03,121,121.0,yes,sell,buy,,edwinjlm,,f35e106b-70b2-443b-8d17-0b74cb5babd4,2026-01-27T10:24:10.436719Z,Lose
0f452a26-f0dd-57b4-cb86-991381c4d825,573ec7d5-48a9-49c8-9915-2f25fa1fe143,KXMIASNOWM-26JAN-0.1,2,0.02,519,519.0,yes,buy,buy,,edwinjlm,,f35e106b-70b2-443b-8d17-0b74cb5babd4,2026-01-27T10:24:10.436719Z,Lose
b301b14d-0ea2-6d5c-6162-66404a2ab4f6,864405f4-6eb2-4335-8dc9-f658913b3905,KXMIASNOWM-26JAN-1.0,2,0.02,46,46.0,yes,buy,buy,,height.gate,,4e8eaeeb-cd52-4776-8c07-8137c0148c7a,2026-01-27T09:40:52.695888Z,Lose
e15f6f5f-f8b9-6fc0-1965-3109824f1b39,573ec7d5-48a9-49c8-9915-2f25fa1fe143,KXMIASNOWM-26JAN-0.1,2,0.02,233,233.0,yes,buy,buy,,strong.stake,,7f8dee08-71a6-47da-894c-67ce826eaaf7,2026-01-27T08:12:51.54797Z,Lose
7a96917c-b8a1-6ae0-b4bd-e2c669591e61,573ec7d5-48a9-49c8-9915-2f25fa1fe143,KXMIASNOWM-26JAN-0.1,2,0.02,46,46.0,yes,buy,buy,,,,,2026-01-27T05:19:18.426283Z,Lose
39670625-ff51-51b0-7d4b-0228e1fdbc8d,573ec7d5-48a9-49c8-9915-2f25fa1fe143,KXMIASNOWM-26JAN-0.1,2,0.02,467,467.0,yes,buy,buy,,,,,2026-01-27T05:07:01.628992Z,Lose
3804c10f-cf21-5a7c-cd7a-5897e4276805,573ec7d5-48a9-49c8-9915-2f25fa1fe143,KXMIASNOWM-26JAN-0.1,2,0.02,187,187.0,yes,buy,buy,,,,,2026-01-27T04:44:06.200999Z,Lose
db83b546-0c09-68a4-d8ef-63036594e7c1,573ec7d5-48a9-49c8-9915-2f25fa1fe143,KXMIASNOWM-26JAN-0.1,2,0.02,150,150.0,yes,buy,buy,,I.C.Weiners,,f597baa4-9cc7-4ba4-9ec3-92433951c70d,2026-01-27T04:22:24.408189Z,Lose
5a628d86-9c55-5800-e28c-5548e127220d,573ec7d5-48a9-49c8-9915-2f25fa1fe143,KXMIASNOWM-26JAN-0.1,2,0.02,233,233.0,yes,buy,buy,,blue.angle,,4b6d3e92-43d6-4dd8-b7ab-e02e12e6c084,2026-01-27T03:15:31.798699Z,Lose
f592ebe8-13c9-4f1c-29b6-c3cf96894a51,573ec7d5-48a9-49c8-9915-2f25fa1fe143,KXMIASNOWM-26JAN-0.1,2,0.02,233,233.0,yes,buy,buy,,guinosan,,6eaec387-ed1e-4b10-bad8-cc4c0fcafa19,2026-01-27T03:13:35.342575Z,Lose
477d429a-7c0d-4d80-14a2-a8bbe365781d,573ec7d5-48a9-49c8-9915-2f25fa1fe143,KXMIASNOWM-26JAN-0.1,2,0.02,93,93.0,yes,buy,buy,,guinosan,,6eaec387-ed1e-4b10-bad8-cc4c0fcafa19,2026-01-27T03:05:07.898685Z,Lose
267e2c28-6f3d-5c74-1ca5-abcf0c531e69,573ec7d5-48a9-49c8-9915-2f25fa1fe143,KXMIASNOWM-26JAN-0.1,2,0.02,93,93.0,yes,buy,buy,,mary0081,,db4476fa-e4bb-468e-b0a2-8ca205f6d153,2026-01-27T02:54:44.327814Z,Lose
ac5914fc-a4dd-7a18-b71f-188e1933a221,573ec7d5-48a9-49c8-9915-2f25fa1fe143,KXMIASNOWM-26JAN-0.1,2,0.02,467,467.0,yes,buy,buy,,,,,2026-01-27T02:24:28.631308Z,Lose
b44813a1-dc81-609c-2acc-703035231745,573ec7d5-48a9-49c8-9915-2f25fa1fe143,KXMIASNOWM-26JAN-0.1,2,0.02,46,46.0,yes,buy,buy,,life.ash,,aa884fe1-48d7-4972-8499-7e643fb3e7be,2026-01-27T01:46:39.442504Z,Lose
bc244daa-5b81-6a28-8890-59d5fb3aa469,573ec7d5-48a9-49c8-9915-2f25fa1fe143,KXMIASNOWM-26JAN-0.1,2,0.02,233,233.0,yes,buy,buy,,later.g8tr,,30500d1e-95aa-472c-8678-1b50dd2fafef,2026-01-27T00:31:01.228688Z,Lose
7310501e-f0bf-7dbc-1f52-f7af18616517,573ec7d5-48a9-49c8-9915-2f25fa1fe143,KXMIASNOWM-26JAN-0.1,3,0.03,156,156.0,yes,sell,buy,,,,,2026-01-27T00:02:09.270193Z,Lose
58deba8d-9673-4de0-cad7-7f54eb75b4a7,573ec7d5-48a9-49c8-9915-2f25fa1fe143,KXMIASNOWM-26JAN-0.1,3,0.03,31,31.0,yes,sell,buy,,,,,2026-01-26T23:51:15.125763Z,Lose
93188f3b-2ff3-6920-6755-e99408cb8813,573ec7d5-48a9-49c8-9915-2f25fa1fe143,KXMIASNOWM-26JAN-0.1,3,0.03,62,62.0,yes,sell,buy,,,,,2026-01-26T22:48:39.804324Z,Lose
59e217e9-d970-4965-2025-762295f834ee,573ec7d5-48a9-49c8-9915-2f25fa1fe143,KXMIASNOWM-26JAN-0.1,2,0.02,2339,2339.0,yes,buy,buy,,willocall,,d75b8118-91e8-4688-8a18-bd27a7fbd5a7,2026-01-26T20:41:14.943535Z,Lose
504cda64-0958-7885-1555-23b7daae5ffa,573ec7d5-48a9-49c8-9915-2f25fa1fe143,KXMIASNOWM-26JAN-0.1,2,0.02,2339,2339.0,yes,buy,buy,,,,,2026-01-26T20:35:40.40388Z,Lose
f01f6ed9-1bd3-741c-3c3d-127b745f5a93,573ec7d5-48a9-49c8-9915-2f25fa1fe143,KXMIASNOWM-26JAN-0.1,3,0.03,304,304.0,yes,sell,buy,,,,,2026-01-26T19:42:09.018159Z,Lose
b544d533-261c-7bd2-3403-f954d0328d55,573ec7d5-48a9-49c8-9915-2f25fa1fe143,KXMIASNOWM-26JAN-0.1,2,0.02,2,2.0,yes,sell,buy,,,,,2026-01-26T19:42:09.018159Z,Lose
6ea6202e-c81e-7bdc-2ff2-d7e424285156,573ec7d5-48a9-49c8-9915-2f25fa1fe143,KXMIASNOWM-26JAN-0.1,3,0.03,6,6.0,yes,sell,buy,,,,,2026-01-26T19:42:09.018159Z,Lose
8b3451eb-1403-557f-7155-6708bfe6ed80,573ec7d5-48a9-49c8-9915-2f25fa1fe143,KXMIASNOWM-26JAN-0.1,2,0.02,227,227.0,yes,buy,buy,,jump.dropli,,baa25739-3304-4fa7-a361-82d35521d4da,2026-01-26T15:03:20.366344Z,Lose
5b53296c-44f4-52df-42c7-854509d11d5e,573ec7d5-48a9-49c8-9915-2f25fa1fe143,KXMIASNOWM-26JAN-0.1,1,0.01,13,13.0,yes,buy,buy,,jump.dropli,,baa25739-3304-4fa7-a361-82d35521d4da,2026-01-26T15:03:20.366344Z,Lose
c1eb0942-646d-60f2-89cf-8676a7836625,573ec7d5-48a9-49c8-9915-2f25fa1fe143,KXMIASNOWM-26JAN-0.1,2,0.02,1204,1204.0,yes,buy,buy,,brand.range,,783896a9-a6bf-42b5-9df0-2dda3e907629,2026-01-26T14:01:43.409417Z,Lose
4311d4db-dce3-6127-b870-df4b933062d8,573ec7d5-48a9-49c8-9915-2f25fa1fe143,KXMIASNOWM-26JAN-0.1,2,0.02,8154,8154.0,yes,buy,buy,,brand.range,,783896a9-a6bf-42b5-9df0-2dda3e907629,2026-01-26T14:01:43.409417Z,Lose
8eac931e-2e35-64ee-2a27-5ee30308d551,573ec7d5-48a9-49c8-9915-2f25fa1fe143,KXMIASNOWM-26JAN-0.1,2,0.02,46,46.0,yes,buy,buy,,brinkx89,,42a6d8a9-a04d-42ee-9045-1da75bda6a13,2026-01-26T11:38:29.406545Z,Lose
1bd42d15-52d2-72fa-920e-86cb46a4cba6,6cd3e8fd-414f-4743-be05-a05b1d7c98a5,KXMIASNOWM-26JAN-0.5,2,0.02,46,46.0,yes,buy,buy,,brinkx89,,42a6d8a9-a04d-42ee-9045-1da75bda6a13,2026-01-26T11:38:04.556918Z,Lose
b35e8a27-16c6-44b0-bc11-49c9a2c51dc2,864405f4-6eb2-4335-8dc9-f658913b3905,KXMIASNOWM-26JAN-1.0,2,0.02,46,46.0,yes,buy,buy,,brinkx89,,42a6d8a9-a04d-42ee-9045-1da75bda6a13,2026-01-26T11:37:49.549246Z,Lose
36069615-8125-539a-6037-634f125238d5,573ec7d5-48a9-49c8-9915-2f25fa1fe143,KXMIASNOWM-26JAN-0.1,2,0.02,46,46.0,yes,buy,buy,,brinkx89,,42a6d8a9-a04d-42ee-9045-1da75bda6a13,2026-01-26T11:36:09.765215Z,Lose
64d77c1a-29ca-588a-7c81-09fbce174d72,6cd3e8fd-414f-4743-be05-a05b1d7c98a5,KXMIASNOWM-26JAN-0.5,2,0.02,46,46.0,yes,buy,buy,,brinkx89,,42a6d8a9-a04d-42ee-9045-1da75bda6a13,2026-01-26T11:35:52.027685Z,Lose
d90d8622-fd16-6624-844a-8bc7e8a6369e,864405f4-6eb2-4335-8dc9-f658913b3905,KXMIASNOWM-26JAN-1.0,2,0.02,38,38.0,yes,buy,buy,,brinkx89,,42a6d8a9-a04d-42ee-9045-1da75bda6a13,2026-01-26T11:35:15.596158Z,Lose
6d190ef2-952f-6f31-8d98-e74ccc8410d4,864405f4-6eb2-4335-8dc9-f658913b3905,KXMIASNOWM-26JAN-1.0,1,0.01,15,15.0,yes,buy,buy,,brinkx89,,42a6d8a9-a04d-42ee-9045-1da75bda6a13,2026-01-26T11:35:15.596158Z,Lose
f93d647c-a089-70ea-cdb8-9c5c821e44dd,573ec7d5-48a9-49c8-9915-2f25fa1fe143,KXMIASNOWM-26JAN-0.1,2,0.02,25,25.0,yes,buy,buy,,brinkx89,,42a6d8a9-a04d-42ee-9045-1da75bda6a13,2026-01-26T11:34:16.377185Z,Lose
b44ee5ce-184d-7211-f690-9547459f08cd,573ec7d5-48a9-49c8-9915-2f25fa1fe143,KXMIASNOWM-26JAN-0.1,1,0.01,20,20.0,yes,sell,buy,,brinkx89,,42a6d8a9-a04d-42ee-9045-1da75bda6a13,2026-01-26T11:34:16.377185Z,Lose
3fd749ec-1e27-7bac-e272-0e3b608faeea,573ec7d5-48a9-49c8-9915-2f25fa1fe143,KXMIASNOWM-26JAN-0.1,1,0.01,23,23.0,yes,sell,buy,front.mill,brinkx89,2733110e-6861-4013-8629-cfa223bbede2,42a6d8a9-a04d-42ee-9045-1da75bda6a13,2026-01-26T11:34:16.377185Z,Lose
a962e4bc-39fe-6216-b2e2-32409ae6623e,6cd3e8fd-414f-4743-be05-a05b1d7c98a5,KXMIASNOWM-26JAN-0.5,2,0.02,38,38.0,yes,buy,buy,,brinkx89,,42a6d8a9-a04d-42ee-9045-1da75bda6a13,2026-01-26T11:34:00.667912Z,Lose
81fb2382-c8f9-6d0b-a80d-1aa6e3c4ebcf,6cd3e8fd-414f-4743-be05-a05b1d7c98a5,KXMIASNOWM-26JAN-0.5,1,0.01,16,16.0,yes,buy,buy,,brinkx89,,42a6d8a9-a04d-42ee-9045-1da75bda6a13,2026-01-26T11:34:00.667912Z,Lose
e61bec64-07c6-7110-2311-3c71a5dad546,864405f4-6eb2-4335-8dc9-f658913b3905,KXMIASNOWM-26JAN-1.0,2,0.02,36,36.0,yes,buy,buy,,brinkx89,,42a6d8a9-a04d-42ee-9045-1da75bda6a13,2026-01-26T11:33:13.275492Z,Lose
bc905ee3-3ef2-712e-1590-fb3b6b53ddd8,864405f4-6eb2-4335-8dc9-f658913b3905,KXMIASNOWM-26JAN-1.0,1,0.01,20,20.0,yes,sell,buy,,brinkx89,,42a6d8a9-a04d-42ee-9045-1da75bda6a13,2026-01-26T11:33:13.275492Z,Lose
81cd65db-68ee-5b6a-a86d-3b22f66072ee,6cd3e8fd-414f-4743-be05-a05b1d7c98a5,KXMIASNOWM-26JAN-0.5,2,0.02,11,11.0,yes,buy,buy,,BringMoreCash,,76564b37-45c6-4caf-88a5-8e6616606040,2026-01-26T05:42:57.386459Z,Lose
4c32c5d6-e846-57bc-8748-89d1b71a7ce9,6cd3e8fd-414f-4743-be05-a05b1d7c98a5,KXMIASNOWM-26JAN-0.5,1,0.01,21,21.0,yes,sell,buy,glitter,BringMoreCash,5dea075a-f02a-46b6-9a4f-68683c57c13b,76564b37-45c6-4caf-88a5-8e6616606040,2026-01-26T05:42:57.386459Z,Lose
357fc551-9259-5690-8d75-00be1e9fe819,6cd3e8fd-414f-4743-be05-a05b1d7c98a5,KXMIASNOWM-26JAN-0.5,1,0.01,30,30.0,yes,buy,buy,,BringMoreCash,,76564b37-45c6-4caf-88a5-8e6616606040,2026-01-26T05:42:57.386459Z,Lose
2dfe73c9-fed0-58ee-b35a-cbdcbeabca74,6cd3e8fd-414f-4743-be05-a05b1d7c98a5,KXMIASNOWM-26JAN-0.5,1,0.01,20,20.0,yes,sell,buy,,BringMoreCash,,76564b37-45c6-4caf-88a5-8e6616606040,2026-01-26T05:42:57.386459Z,Lose
6b35d7a5-16e9-655e-7cff-0aa1f46d3e51,573ec7d5-48a9-49c8-9915-2f25fa1fe143,KXMIASNOWM-26JAN-0.1,2,0.02,10,10.0,yes,buy,buy,,,,,2026-01-26T05:10:35.664199Z,Lose
491617c9-4032-63cc-ff69-c93f63b28fa9,6cd3e8fd-414f-4743-be05-a05b1d7c98a5,KXMIASNOWM-26JAN-0.5,1,0.01,10,10.0,yes,sell,buy,glitter,,5dea075a-f02a-46b6-9a4f-68683c57c13b,,2026-01-26T05:10:35.663281Z,Lose
9ac93ff1-4e34-541f-e860-d2db047552c2,864405f4-6eb2-4335-8dc9-f658913b3905,KXMIASNOWM-26JAN-1.0,1,0.01,10,10.0,yes,buy,buy,,,,,2026-01-26T05:10:35.662185Z,Lose
35060222-266d-5a1e-f281-28f608e40f79,573ec7d5-48a9-49c8-9915-2f25fa1fe143,KXMIASNOWM-26JAN-0.1,2,0.02,10,10.0,yes,buy,buy,,,,,2026-01-26T05:10:34.45717Z,Lose
1b88069e-4296-55ac-9e6c-fb30eea869dd,6cd3e8fd-414f-4743-be05-a05b1d7c98a5,KXMIASNOWM-26JAN-0.5,1,0.01,10,10.0,yes,sell,buy,glitter,,5dea075a-f02a-46b6-9a4f-68683c57c13b,,2026-01-26T05:10:34.455763Z,Lose
7fb8bc3a-ef94-500f-c073-12d669c87142,864405f4-6eb2-4335-8dc9-f658913b3905,KXMIASNOWM-26JAN-1.0,1,0.01,10,10.0,yes,buy,buy,,,,,2026-01-26T05:10:34.45433Z,Lose
fff43ce6-278f-7309-450b-39175e282f00,573ec7d5-48a9-49c8-9915-2f25fa1fe143,KXMIASNOWM-26JAN-0.1,2,0.02,46,46.0,yes,sell,buy,Bravo1Viper,,a2aa352a-9881-416d-b9ef-61e5b61490c5,,2026-01-26T04:40:52.265989Z,Lose
e0d6c31d-d0e3-481b-fbae-d177ebd6804b,573ec7d5-48a9-49c8-9915-2f25fa1fe143,KXMIASNOWM-26JAN-0.1,1,0.01,27,27.0,yes,buy,buy,,,,,2026-01-26T03:55:46.642943Z,Lose
74b67ea4-4d27-4339-d821-b35b2aa58208,573ec7d5-48a9-49c8-9915-2f25fa1fe143,KXMIASNOWM-26JAN-0.1,2,0.02,220,220.0,yes,sell,buy,Bravo1Viper,,a2aa352a-9881-416d-b9ef-61e5b61490c5,,2026-01-26T03:55:46.642943Z,Lose
23bd9d7e-58c7-6555-0e00-12997f489e24,573ec7d5-48a9-49c8-9915-2f25fa1fe143,KXMIASNOWM-26JAN-0.1,2,0.02,29,29.0,yes,sell,buy,Bravo1Viper,cammb,a2aa352a-9881-416d-b9ef-61e5b61490c5,36826fb8-0151-4d79-be74-73b7a5eb26d4,2026-01-26T03:24:35.992113Z,Lose
bb390181-5332-45f4-986b-cbaaeef84c91,6cd3e8fd-414f-4743-be05-a05b1d7c98a5,KXMIASNOWM-26JAN-0.5,1,0.01,3,3.0,yes,sell,buy,glitter,cammb,5dea075a-f02a-46b6-9a4f-68683c57c13b,36826fb8-0151-4d79-be74-73b7a5eb26d4,2026-01-26T03:24:02.704877Z,Lose
91a9d544-1714-4ad1-b762-6191d70c9af7,6cd3e8fd-414f-4743-be05-a05b1d7c98a5,KXMIASNOWM-26JAN-0.5,1,0.01,43,43.0,yes,buy,buy,,cammb,,36826fb8-0151-4d79-be74-73b7a5eb26d4,2026-01-26T03:24:02.704877Z,Lose
ae9bea86-b1e1-64bf-5827-eab8889640d9,573ec7d5-48a9-49c8-9915-2f25fa1fe143,KXMIASNOWM-26JAN-0.1,1,0.01,50,50.0,yes,buy,buy,,,,,2026-01-26T01:44:30.40997Z,Lose
61e11d15-aeeb-6261-601d-4d6f1f48d918,573ec7d5-48a9-49c8-9915-2f25fa1fe143,KXMIASNOWM-26JAN-0.1,2,0.02,517,517.0,yes,sell,buy,Bravo1Viper,,a2aa352a-9881-416d-b9ef-61e5b61490c5,,2026-01-26T01:44:30.40997Z,Lose
597fdc77-36bb-6ff5-6515-d8d39c42a9e4,573ec7d5-48a9-49c8-9915-2f25fa1fe143,KXMIASNOWM-26JAN-0.1,2,0.02,36,36.0,yes,sell,buy,Bravo1Viper,cammb,a2aa352a-9881-416d-b9ef-61e5b61490c5,36826fb8-0151-4d79-be74-73b7a5eb26d4,2026-01-26T01:42:29.801048Z,Lose
8550fb48-2862-49f8-740a-8779c3b03b96,864405f4-6eb2-4335-8dc9-f658913b3905,KXMIASNOWM-26JAN-1.0,2,0.02,11,11.0,yes,buy,buy,,cammb,,36826fb8-0151-4d79-be74-73b7a5eb26d4,2026-01-26T01:41:44.484924Z,Lose
64f975fc-b93a-41cb-736b-da29a8fee680,864405f4-6eb2-4335-8dc9-f658913b3905,KXMIASNOWM-26JAN-1.0,1,0.01,7,7.0,yes,buy,buy,,cammb,,36826fb8-0151-4d79-be74-73b7a5eb26d4,2026-01-26T01:41:44.484924Z,Lose
4788fd94-3f9d-4546-5bd9-145a5fc09158,864405f4-6eb2-4335-8dc9-f658913b3905,KXMIASNOWM-26JAN-1.0,1,0.01,54,54.0,yes,buy,buy,,cammb,,36826fb8-0151-4d79-be74-73b7a5eb26d4,2026-01-26T01:41:44.484924Z,Lose
7ce19073-7ace-7637-54cb-74745904656c,864405f4-6eb2-4335-8dc9-f658913b3905,KXMIASNOWM-26JAN-1.0,1,0.01,93,93.0,yes,buy,buy,,,,,2026-01-26T00:38:05.81918Z,Lose
4ef0d97f-3696-7eea-25b8-1b72a70ae76a,6cd3e8fd-414f-4743-be05-a05b1d7c98a5,KXMIASNOWM-26JAN-0.5,2,0.02,5,5.0,yes,buy,buy,,cammb,,36826fb8-0151-4d79-be74-73b7a5eb26d4,2026-01-26T00:37:20.950732Z,Lose
be15a763-90a7-7969-d034-106fc2beb634,573ec7d5-48a9-49c8-9915-2f25fa1fe143,KXMIASNOWM-26JAN-0.1,2,0.02,137,137.0,yes,sell,buy,Bravo1Viper,,a2aa352a-9881-416d-b9ef-61e5b61490c5,,2026-01-25T17:38:16.114675Z,Lose
d2a84e1e-9e33-7fc9-0ddb-e052b02ce000,573ec7d5-48a9-49c8-9915-2f25fa1fe143,KXMIASNOWM-26JAN-0.1,2,0.02,140,140.0,yes,sell,buy,Bravo1Viper,,a2aa352a-9881-416d-b9ef-61e5b61490c5,,2026-01-25T12:27:36.947328Z,Lose
87d6fa1a-602f-6629-906f-1e6c0bf77028,573ec7d5-48a9-49c8-9915-2f25fa1fe143,KXMIASNOWM-26JAN-0.1,2,0.02,62,62.0,yes,sell,buy,Bravo1Viper,,a2aa352a-9881-416d-b9ef-61e5b61490c5,,2026-01-25T12:04:44.921381Z,Lose
82f609b9-517b-541d-c4c6-29129084eecc,573ec7d5-48a9-49c8-9915-2f25fa1fe143,KXMIASNOWM-26JAN-0.1,2,0.02,93,93.0,yes,sell,buy,Bravo1Viper,,a2aa352a-9881-416d-b9ef-61e5b61490c5,,2026-01-25T11:59:38.457798Z,Lose
c3cde452-ae66-4b16-073b-49d723d5f3fa,6cd3e8fd-414f-4743-be05-a05b1d7c98a5,KXMIASNOWM-26JAN-0.5,2,0.02,93,93.0,yes,buy,buy,,avo619,,fd6ef93b-f2be-430f-90fe-1c7b9c1c64de,2026-01-25T09:14:53.060317Z,Lose
70651e4a-c8ab-6f39-8d80-03a5e639b858,573ec7d5-48a9-49c8-9915-2f25fa1fe143,KXMIASNOWM-26JAN-0.1,2,0.02,46,46.0,yes,sell,buy,Bravo1Viper,,a2aa352a-9881-416d-b9ef-61e5b61490c5,,2026-01-25T06:30:17.310475Z,Lose
042fba16-c821-640a-3f3c-1dafff13bce5,573ec7d5-48a9-49c8-9915-2f25fa1fe143,KXMIASNOWM-26JAN-0.1,2,0.02,46,46.0,yes,buy,buy,,gold.minee,,e087a418-1db9-44ae-9573-6e05889d6e2f,2026-01-25T05:14:57.870793Z,Lose
a8c17338-31dd-623e-6d51-51dcc11ec391,573ec7d5-48a9-49c8-9915-2f25fa1fe143,KXMIASNOWM-26JAN-0.1,2,0.02,93,93.0,yes,buy,buy,,,,,2026-01-25T03:58:47.000583Z,Lose
eb8d50ac-89ca-7350-4780-f6ab019e5bda,864405f4-6eb2-4335-8dc9-f658913b3905,KXMIASNOWM-26JAN-1.0,2,0.02,46,46.0,yes,buy,buy,,,,,2026-01-25T01:32:37.44594Z,Lose
31973b89-2f6a-46c2-a3d3-e7fc76e50f1a,6cd3e8fd-414f-4743-be05-a05b1d7c98a5,KXMIASNOWM-26JAN-0.5,2,0.02,46,46.0,yes,buy,buy,,,,,2026-01-25T01:31:55.266376Z,Lose
39c3689b-7ddd-5dae-b688-26585ab4c301,573ec7d5-48a9-49c8-9915-2f25fa1fe143,KXMIASNOWM-26JAN-0.1,2,0.02,46,46.0,yes,buy,buy,,,,,2026-01-25T01:31:43.998663Z,Lose
ae902314-c7be-5fae-2115-b056c54e61ce,6cd3e8fd-414f-4743-be05-a05b1d7c98a5,KXMIASNOWM-26JAN-0.5,2,0.02,93,93.0,yes,buy,buy,,,,,2026-01-25T00:29:09.309587Z,Lose
bc6ecb64-4529-5ce2-03ab-acf9de716a3d,573ec7d5-48a9-49c8-9915-2f25fa1fe143,KXMIASNOWM-26JAN-0.1,2,0.02,140,140.0,yes,buy,buy,,,,,2026-01-25T00:28:53.53913Z,Lose
5b0cfe2b-d3cd-6fe2-fc83-e7afa85466c1,573ec7d5-48a9-49c8-9915-2f25fa1fe143,KXMIASNOWM-26JAN-0.1,2,0.02,93,93.0,yes,buy,buy,,tigShelli,,bdc1996f-b125-418c-aa6c-c7603dd52f2a,2026-01-24T23:18:33.87298Z,Lose
b140e461-52f9-44a2-e5df-2884007f0c49,573ec7d5-48a9-49c8-9915-2f25fa1fe143,KXMIASNOWM-26JAN-0.1,2,0.02,233,233.0,yes,buy,buy,,,,,2026-01-24T21:11:51.75073Z,Lose
ba4e2821-c201-62ea-bdb3-d692ffc3a431,573ec7d5-48a9-49c8-9915-2f25fa1fe143,KXMIASNOWM-26JAN-0.1,2,0.02,46,46.0,yes,buy,buy,,vanillaafro777,,741d38d9-5d25-4c8f-aaf5-50c88715245e,2026-01-24T20:44:29.012397Z,Lose
e3caef38-8d01-5d6e-d693-91662ada2405,573ec7d5-48a9-49c8-9915-2f25fa1fe143,KXMIASNOWM-26JAN-0.1,2,0.02,93,93.0,yes,buy,buy,,,,,2026-01-24T20:43:05.835358Z,Lose
72f35aa0-b541-55f2-3b01-fef44be77e71,573ec7d5-48a9-49c8-9915-2f25fa1fe143,KXMIASNOWM-26JAN-0.1,2,0.02,26,26.0,yes,buy,buy,,,,,2026-01-24T18:21:02.580354Z,Lose
763e7acb-b669-60ce-0383-22520d99263d,573ec7d5-48a9-49c8-9915-2f25fa1fe143,KXMIASNOWM-26JAN-0.1,2,0.02,4,4.0,yes,buy,buy,,,,,2026-01-24T18:18:28.338832Z,Lose
2d535ceb-cf15-510a-1f15-ffd4056a91d5,573ec7d5-48a9-49c8-9915-2f25fa1fe143,KXMIASNOWM-26JAN-0.1,2,0.02,233,233.0,yes,buy,buy,,,,,2026-01-24T18:18:14.08876Z,Lose
9d4e4fe5-85f9-6276-54ca-81eac8f22ad5,573ec7d5-48a9-49c8-9915-2f25fa1fe143,KXMIASNOWM-26JAN-0.1,2,0.02,467,467.0,yes,buy,buy,,chaosbenny,,d52d4ea9-5c77-4559-b251-578ea85c0e97,2026-01-24T17:59:29.815912Z,Lose
32af1400-4249-4fae-ad7f-aef05b218ddd,573ec7d5-48a9-49c8-9915-2f25fa1fe143,KXMIASNOWM-26JAN-0.1,2,0.02,46,46.0,yes,buy,buy,,,,,2026-01-24T17:46:42.123332Z,Lose
d1c567d5-efd6-5c2e-32a0-078d7b9d4b96,6cd3e8fd-414f-4743-be05-a05b1d7c98a5,KXMIASNOWM-26JAN-0.5,2,0.02,935,935.0,yes,buy,buy,,,,,2026-01-24T17:18:49.35328Z,Lose
a6f3af4f-7889-7f0e-8f18-17e23bf87ac1,573ec7d5-48a9-49c8-9915-2f25fa1fe143,KXMIASNOWM-26JAN-0.1,2,0.02,93,93.0,yes,buy,buy,,wing.camp,,9b182956-42fb-44ac-9c30-23a2303e7785,2026-01-24T16:35:35.23527Z,Lose
c582244f-b5e8-590f-ff0f-1786035f7595,573ec7d5-48a9-49c8-9915-2f25fa1fe143,KXMIASNOWM-26JAN-0.1,3,0.03,156,156.0,yes,buy,buy,,,,,2026-01-24T16:02:55.743962Z,Lose
06573102-8620-7f77-b9fd-e4ef0c328d15,573ec7d5-48a9-49c8-9915-2f25fa1fe143,KXMIASNOWM-26JAN-0.1,3,0.03,62,62.0,yes,buy,buy,,tacticalvudu,,68a9b146-006c-4b51-85de-d4254aae2659,2026-01-24T16:02:09.650465Z,Lose
519600bc-e1dc-6fff-69ca-8af40b63e571,573ec7d5-48a9-49c8-9915-2f25fa1fe143,KXMIASNOWM-26JAN-0.1,3,0.03,436,436.0,yes,buy,buy,,floki.nm,,88b0bd43-1eb4-4267-99d6-8defa405ddd7,2026-01-24T16:00:07.27651Z,Lose
95fcf060-e3bc-65ab-4d95-a4f5ceab34cd,573ec7d5-48a9-49c8-9915-2f25fa1fe143,KXMIASNOWM-26JAN-0.1,3,0.03,62,62.0,yes,buy,buy,,Vinniemitchell1320,,6ec0ccd6-2672-44f6-b6cd-d480879b6abc,2026-01-24T15:43:23.621135Z,Lose
e36e3d5d-0ee0-725b-fddc-b5f7d5ab30f1,573ec7d5-48a9-49c8-9915-2f25fa1fe143,KXMIASNOWM-26JAN-0.1,3,0.03,124,124.0,yes,buy,buy,,,,,2026-01-24T15:40:48.141246Z,Lose
f738556e-256c-5f3b-85f7-86d7c4b34b79,573ec7d5-48a9-49c8-9915-2f25fa1fe143,KXMIASNOWM-26JAN-0.1,3,0.03,100,100.0,yes,buy,buy,,,,,2026-01-24T15:06:58.005573Z,Lose
2ca48e9b-a3be-77a5-1c2e-2c5caf59805a,573ec7d5-48a9-49c8-9915-2f25fa1fe143,KXMIASNOWM-26JAN-0.1,1,0.01,6,6.0,no,buy,buy,,,,,2026-01-24T14:59:52.168801Z,Win
b0278d3b-10d5-6569-fa37-e112affbf880,573ec7d5-48a9-49c8-9915-2f25fa1fe143,KXMIASNOWM-26JAN-0.1,2,0.02,1234,1234.0,yes,buy,buy,,Bravo1Viper,,a2aa352a-9881-416d-b9ef-61e5b61490c5,2026-01-24T14:41:12.727573Z,Lose
15c2296e-d134-6ef3-d38b-229fc8bf31e1,573ec7d5-48a9-49c8-9915-2f25fa1fe143,KXMIASNOWM-26JAN-0.1,3,0.03,737,737.0,yes,buy,buy,,Bravo1Viper,,a2aa352a-9881-416d-b9ef-61e5b61490c5,2026-01-24T14:41:12.727573Z,Lose
e66e13cc-a941-67fd-237b-4fe490ca16b8,573ec7d5-48a9-49c8-9915-2f25fa1fe143,KXMIASNOWM-26JAN-0.1,2,0.02,93,93.0,yes,buy,buy,,,,,2026-01-24T14:37:09.026272Z,Lose
50d161d1-7ad2-7304-0d63-2ff49444164e,864405f4-6eb2-4335-8dc9-f658913b3905,KXMIASNOWM-26JAN-1.0,2,0.02,467,467.0,yes,buy,buy,,Colonreyes,,59bfd33e-bf28-48d7-926a-44b7a5276c96,2026-01-24T13:20:58.810806Z,Lose
34a53d89-ba7e-4f46-d094-5d6f6989439e,6cd3e8fd-414f-4743-be05-a05b1d7c98a5,KXMIASNOWM-26JAN-0.5,2,0.02,467,467.0,yes,buy,buy,,Colonreyes,,59bfd33e-bf28-48d7-926a-44b7a5276c96,2026-01-24T13:20:47.966918Z,Lose
6e614b9d-903d-427d-a65e-e0c1f4f4b934,573ec7d5-48a9-49c8-9915-2f25fa1fe143,KXMIASNOWM-26JAN-0.1,2,0.02,467,467.0,yes,buy,buy,,Colonreyes,,59bfd33e-bf28-48d7-926a-44b7a5276c96,2026-01-24T13:20:32.467876Z,Lose
e065c11b-bec1-6841-025f-00b2aa124308,573ec7d5-48a9-49c8-9915-2f25fa1fe143,KXMIASNOWM-26JAN-0.1,2,0.02,42,42.0,yes,buy,buy,,twin.sxd,,42f77601-e1dd-4c75-a816-46c3a1d77bd6,2026-01-24T11:28:15.921038Z,Lose
23290624-2971-6521-71ce-0b1cae22a7e4,573ec7d5-48a9-49c8-9915-2f25fa1fe143,KXMIASNOWM-26JAN-0.1,2,0.02,42,42.0,yes,buy,buy,,yard.chin,,93484ed6-2a01-4afe-9107-c5b179375c9b,2026-01-24T11:28:03.661729Z,Lose
409c4b6a-8071-7745-82fe-c804ec3dc3d8,573ec7d5-48a9-49c8-9915-2f25fa1fe143,KXMIASNOWM-26JAN-0.1,2,0.02,187,187.0,yes,buy,buy,,imjustagurl,,4a0ea45f-a612-47dd-81d2-5e87742ae0bd,2026-01-24T09:36:45.223361Z,Lose
fa97ba4c-41d1-4e2d-dc11-6990055b348c,573ec7d5-48a9-49c8-9915-2f25fa1fe143,KXMIASNOWM-26JAN-0.1,2,0.02,93,93.0,yes,buy,buy,,ninarnia,,11e44e7a-c182-46e5-ae7a-b0a2330ec6e9,2026-01-24T09:18:55.704605Z,Lose
ee8f198e-b2e9-6435-45d3-908b4c21bc00,573ec7d5-48a9-49c8-9915-2f25fa1fe143,KXMIASNOWM-26JAN-0.1,2,0.02,46,46.0,yes,buy,buy,,,,,2026-01-24T06:56:32.84267Z,Lose
c09b5f80-7511-5b05-424f-3e5ff84a9860,573ec7d5-48a9-49c8-9915-2f25fa1fe143,KXMIASNOWM-26JAN-0.1,2,0.02,233,233.0,yes,buy,buy,,,,,2026-01-24T06:49:56.168893Z,Lose
06c463e9-8425-72ed-ff79-843c7dff9e64,573ec7d5-48a9-49c8-9915-2f25fa1fe143,KXMIASNOWM-26JAN-0.1,2,0.02,1169,1169.0,yes,buy,buy,,,,,2026-01-24T06:41:02.545159Z,Lose
cfc4f214-6add-6fc5-be31-0a67c71f1af4,573ec7d5-48a9-49c8-9915-2f25fa1fe143,KXMIASNOWM-26JAN-0.1,2,0.02,23,23.0,yes,buy,buy,,,,,2026-01-24T05:58:01.545063Z,Lose
a50b5f4b-e45a-5b18-aad3-88ae8bb79212,864405f4-6eb2-4335-8dc9-f658913b3905,KXMIASNOWM-26JAN-1.0,2,0.02,23,23.0,yes,buy,buy,,,,,2026-01-24T05:45:56.155989Z,Lose
384eb2b2-a446-5292-7bbc-e11851b215be,6cd3e8fd-414f-4743-be05-a05b1d7c98a5,KXMIASNOWM-26JAN-0.5,2,0.02,23,23.0,yes,buy,buy,,,,,2026-01-24T05:45:34.592041Z,Lose
26ebcab7-fe45-61e5-e4ef-506bf2e0f67c,573ec7d5-48a9-49c8-9915-2f25fa1fe143,KXMIASNOWM-26JAN-0.1,2,0.02,46,46.0,yes,buy,buy,,,,,2026-01-24T05:45:04.066363Z,Lose
f9e343f5-72fd-616d-97a5-ad36032cd744,573ec7d5-48a9-49c8-9915-2f25fa1fe143,KXMIASNOWM-26JAN-0.1,2,0.02,233,233.0,yes,buy,buy,,bringonthemoney,,06d807c8-9d5f-4abe-b919-9690afe5683a,2026-01-24T05:44:24.973992Z,Lose
f409ba80-96bd-5015-48e2-ba2b5bb6a6e4,573ec7d5-48a9-49c8-9915-2f25fa1fe143,KXMIASNOWM-26JAN-0.1,2,0.02,46,46.0,yes,buy,buy,,,,,2026-01-24T05:43:12.435436Z,Lose
99f8748a-97c5-56ed-3b5e-9b9b06df8934,573ec7d5-48a9-49c8-9915-2f25fa1fe143,KXMIASNOWM-26JAN-0.1,2,0.02,23,23.0,yes,buy,buy,,front.mill,,2733110e-6861-4013-8629-cfa223bbede2,2026-01-24T05:41:54.894902Z,Lose
c329ae50-7d05-6dd7-d998-cfb40090cbf0,573ec7d5-48a9-49c8-9915-2f25fa1fe143,KXMIASNOWM-26JAN-0.1,2,0.02,380,380.0,yes,buy,buy,,,,,2026-01-24T05:23:25.931998Z,Lose
3a68dada-bdb9-6bb1-f0d1-3e89edf83218,573ec7d5-48a9-49c8-9915-2f25fa1fe143,KXMIASNOWM-26JAN-0.1,2,0.02,1023,1023.0,yes,buy,buy,,,,,2026-01-24T05:23:25.931998Z,Lose
4db2add3-9639-406f-f6d3-77487ed2f9e4,573ec7d5-48a9-49c8-9915-2f25fa1fe143,KXMIASNOWM-26JAN-0.1,2,0.02,46,46.0,yes,buy,buy,,,,,2026-01-24T03:17:02.653733Z,Lose
6c7b21d8-64a9-570b-70db-c34de73c721c,573ec7d5-48a9-49c8-9915-2f25fa1fe143,KXMIASNOWM-26JAN-0.1,2,0.02,93,93.0,yes,buy,buy,,jakelatimer,,5a39ddce-4199-4f7d-8984-2e15796ec6ac,2026-01-24T02:11:17.804703Z,Lose
8a45b944-ace1-50d7-2658-88a1390d9238,573ec7d5-48a9-49c8-9915-2f25fa1fe143,KXMIASNOWM-26JAN-0.1,2,0.02,9,9.0,yes,buy,buy,,load.source,,a07973d1-6590-4951-ab53-364238891b1e,2026-01-24T02:06:33.316108Z,Lose
f60c6d90-e34d-6f2f-3ea3-8900ac65c664,573ec7d5-48a9-49c8-9915-2f25fa1fe143,KXMIASNOWM-26JAN-0.1,2,0.02,93,93.0,yes,buy,buy,,,,,2026-01-24T02:03:25.575805Z,Lose
582b40fc-7851-4bbb-3535-a46f1f76e258,573ec7d5-48a9-49c8-9915-2f25fa1fe143,KXMIASNOWM-26JAN-0.1,2,0.02,46,46.0,yes,buy,buy,,,,,2026-01-24T02:03:13.203834Z,Lose
f4a46923-05b9-7017-a7ef-70b95304657c,573ec7d5-48a9-49c8-9915-2f25fa1fe143,KXMIASNOWM-26JAN-0.1,2,0.02,46,46.0,yes,buy,buy,,,,,2026-01-24T01:45:36.742666Z,Lose
d8987ceb-a781-7843-9fa7-b644d22cc31c,573ec7d5-48a9-49c8-9915-2f25fa1fe143,KXMIASNOWM-26JAN-0.1,2,0.02,287,287.0,yes,buy,buy,,,,,2026-01-24T01:05:00.589669Z,Lose
821da79e-bcd8-795f-a880-3ae8dc4f7d4e,573ec7d5-48a9-49c8-9915-2f25fa1fe143,KXMIASNOWM-26JAN-0.1,2,0.02,3,3.0,yes,sell,buy,,,,,2026-01-24T01:05:00.589669Z,Lose
50ee3da2-a073-6a05-e797-0cba60a4bf24,573ec7d5-48a9-49c8-9915-2f25fa1fe143,KXMIASNOWM-26JAN-0.1,2,0.02,3,3.0,yes,sell,buy,,,,,2026-01-24T00:40:45.640537Z,Lose
273bc339-b750-61cb-d929-831efc85f93d,573ec7d5-48a9-49c8-9915-2f25fa1fe143,KXMIASNOWM-26JAN-0.1,3,0.03,116,116.0,yes,buy,buy,,,,,2026-01-24T00:40:45.640537Z,Lose
6ab6d71e-694c-5b6b-0af8-20d267699b49,573ec7d5-48a9-49c8-9915-2f25fa1fe143,KXMIASNOWM-26JAN-0.1,3,0.03,312,312.0,yes,buy,buy,,Drewskiski,,91e54b6b-325b-49d4-b7cd-45051cfd8918,2026-01-24T00:11:52.131834Z,Lose
ca039566-b108-739f-53fd-13bf73dd7905,573ec7d5-48a9-49c8-9915-2f25fa1fe143,KXMIASNOWM-26JAN-0.1,3,0.03,3,3.0,yes,buy,buy,,,,,2026-01-24T00:09:52.303696Z,Lose
fcce5d80-848d-6815-f2b1-530e7ad29f1d,573ec7d5-48a9-49c8-9915-2f25fa1fe143,KXMIASNOWM-26JAN-0.1,2,0.02,3,3.0,yes,sell,buy,,esako,,3df48366-5d73-4422-b865-10f62ff133dd,2026-01-23T23:51:23.553095Z,Lose
b5e554ba-2fb0-603f-ee09-b0d6c1785c89,573ec7d5-48a9-49c8-9915-2f25fa1fe143,KXMIASNOWM-26JAN-0.1,3,0.03,4679,4679.0,yes,buy,buy,,esako,,3df48366-5d73-4422-b865-10f62ff133dd,2026-01-23T23:51:23.553095Z,Lose
f3e64c78-84a2-657a-cd5f-9e7cc4dbbe2a,6cd3e8fd-414f-4743-be05-a05b1d7c98a5,KXMIASNOWM-26JAN-0.5,2,0.02,233,233.0,yes,buy,buy,,roud,,8070dc64-81b3-4a45-9ea7-4a8db2471ad0,2026-01-23T23:37:17.062424Z,Lose
ad12b699-c1d2-5169-f100-1693cd14f2fe,573ec7d5-48a9-49c8-9915-2f25fa1fe143,KXMIASNOWM-26JAN-0.1,1,0.01,5,5.0,no,buy,buy,,,,,2026-01-23T23:29:52.139208Z,Win
e4578ec3-ca38-565f-77bb-6123fcff5f95,573ec7d5-48a9-49c8-9915-2f25fa1fe143,KXMIASNOWM-26JAN-0.1,3,0.03,27,27.0,yes,buy,buy,,,,,2026-01-23T23:26:19.694462Z,Lose
4fa934d5-8080-522e-6d2a-7cd5652de3d5,573ec7d5-48a9-49c8-9915-2f25fa1fe143,KXMIASNOWM-26JAN-0.1,2,0.02,5,5.0,yes,sell,buy,,,,,2026-01-23T23:26:19.694462Z,Lose
fad6737b-47b3-65f5-cdb8-f48a0d44fc37,573ec7d5-48a9-49c8-9915-2f25fa1fe143,KXMIASNOWM-26JAN-0.1,1,0.01,1052,1052.0,yes,buy,buy,,,,,2026-01-23T23:00:41.656172Z,Lose
3a458e46-515f-6414-ce26-8ca2f8b13c75,573ec7d5-48a9-49c8-9915-2f25fa1fe143,KXMIASNOWM-26JAN-0.1,2,0.02,3216,3216.0,yes,buy,buy,,,,,2026-01-23T23:00:41.656172Z,Lose
0c1683ce-fb8e-6409-df3c-08c80eee2ae2,573ec7d5-48a9-49c8-9915-2f25fa1fe143,KXMIASNOWM-26JAN-0.1,1,0.01,1870,1870.0,yes,sell,buy,,,,,2026-01-23T23:00:41.656172Z,Lose
fd2fcae5-4243-6951-3795-fa719c1e4263,573ec7d5-48a9-49c8-9915-2f25fa1fe143,KXMIASNOWM-26JAN-0.1,1,0.01,467,467.0,yes,buy,buy,,,,,2026-01-23T22:15:05.09196Z,Lose
024ba523-920a-74e4-3cc3-c105fa96bec6,864405f4-6eb2-4335-8dc9-f658913b3905,KXMIASNOWM-26JAN-1.0,2,0.02,37,37.0,yes,buy,buy,,mild.slice,,93cbfc87-d102-49fc-b888-d7acbd3dd90a,2026-01-23T22:09:19.195341Z,Lose
ae50bc3a-750f-795d-fa06-e65250d4841f,573ec7d5-48a9-49c8-9915-2f25fa1fe143,KXMIASNOWM-26JAN-0.1,1,0.01,467,467.0,yes,buy,buy,,,,,2026-01-23T21:42:14.592325Z,Lose
f32586f6-49e7-7805-6dbc-7c1933e006cf,573ec7d5-48a9-49c8-9915-2f25fa1fe143,KXMIASNOWM-26JAN-0.1,1,0.01,14,14.0,yes,buy,buy,,,,,2026-01-23T21:40:37.56059Z,Lose
ce94e774-5e9e-5154-8db9-44d5f3301072,573ec7d5-48a9-49c8-9915-2f25fa1fe143,KXMIASNOWM-26JAN-0.1,1,0.01,111,111.0,yes,buy,buy,,mjmc,,fb643d8d-697f-4228-a9fc-95cd72f205c8,2026-01-23T21:35:33.166844Z,Lose
3b89b638-0833-5b78-ab26-02373e044559,573ec7d5-48a9-49c8-9915-2f25fa1fe143,KXMIASNOWM-26JAN-0.1,2,0.02,412,412.0,yes,buy,buy,,mjmc,,fb643d8d-697f-4228-a9fc-95cd72f205c8,2026-01-23T21:35:33.166844Z,Lose
8a3df8be-d4e2-4aec-0f83-55a20b34a42e,573ec7d5-48a9-49c8-9915-2f25fa1fe143,KXMIASNOWM-26JAN-0.1,1,0.01,1870,1870.0,yes,buy,buy,,,,,2026-01-23T21:05:06.432545Z,Lose
71f8175e-f5c6-6f3c-d159-10287ec540b6,573ec7d5-48a9-49c8-9915-2f25fa1fe143,KXMIASNOWM-26JAN-0.1,1,0.01,19,19.0,yes,buy,buy,,ChaseEldridge,,63f7da43-bab7-435d-a96c-3dff9e60e76f,2026-01-23T20:46:11.759995Z,Lose
5b64c8e6-84ea-4610-d3e5-9882ba32a5c2,864405f4-6eb2-4335-8dc9-f658913b3905,KXMIASNOWM-26JAN-1.0,2,0.02,46,46.0,yes,buy,buy,,,,,2026-01-23T20:16:04.091885Z,Lose
807b752c-ebfe-50b2-62b4-6945e5fa7f82,6cd3e8fd-414f-4743-be05-a05b1d7c98a5,KXMIASNOWM-26JAN-0.5,2,0.02,46,46.0,yes,buy,buy,,,,,2026-01-23T20:15:51.616211Z,Lose
9ffb68a6-ad87-7924-065c-922242f81ec1,573ec7d5-48a9-49c8-9915-2f25fa1fe143,KXMIASNOWM-26JAN-0.1,2,0.02,46,46.0,yes,buy,buy,,,,,2026-01-23T20:15:36.591948Z,Lose
e5ddcfae-7513-5754-b14b-9663f40ae179,573ec7d5-48a9-49c8-9915-2f25fa1fe143,KXMIASNOWM-26JAN-0.1,2,0.02,2339,2339.0,yes,buy,buy,,,,,2026-01-23T20:12:29.26486Z,Lose
23d95535-ff07-5f5c-2b07-ca2f358bb9a5,573ec7d5-48a9-49c8-9915-2f25fa1fe143,KXMIASNOWM-26JAN-0.1,2,0.02,2339,2339.0,yes,buy,buy,,,,,2026-01-23T19:55:48.381272Z,Lose
c052fe10-20a3-4804-adcb-979728331f9d,573ec7d5-48a9-49c8-9915-2f25fa1fe143,KXMIASNOWM-26JAN-0.1,2,0.02,46,46.0,yes,buy,buy,,,,,2026-01-23T19:21:52.746017Z,Lose
4664ef8e-97a7-41ac-c432-9a65cbbb35e5,573ec7d5-48a9-49c8-9915-2f25fa1fe143,KXMIASNOWM-26JAN-0.1,2,0.02,233,233.0,yes,buy,buy,,Nuruzukiii,,d7cdd4c8-a34e-4838-8bfe-f698eba5c2cd,2026-01-23T17:54:14.510825Z,Lose
5a4689aa-f1d7-453c-5e7f-01a7acfa9451,573ec7d5-48a9-49c8-9915-2f25fa1fe143,KXMIASNOWM-26JAN-0.1,2,0.02,59,59.0,yes,buy,buy,,,,,2026-01-23T16:42:38.787516Z,Lose
8ebb76ec-5b1b-6140-4dcc-d35f86b86371,573ec7d5-48a9-49c8-9915-2f25fa1fe143,KXMIASNOWM-26JAN-0.1,2,0.02,116,116.0,yes,buy,buy,,lost.length,,1b180f42-e7e4-4082-a33e-1ae3e0b8250f,2026-01-23T16:41:17.220537Z,Lose
e953a064-5bc6-502e-7037-fe7f7965a872,6cd3e8fd-414f-4743-be05-a05b1d7c98a5,KXMIASNOWM-26JAN-0.5,2,0.02,116,116.0,yes,buy,buy,,lost.length,,1b180f42-e7e4-4082-a33e-1ae3e0b8250f,2026-01-23T16:41:02.658029Z,Lose
f618fca0-f3fb-55c8-65fc-276b311fa035,573ec7d5-48a9-49c8-9915-2f25fa1fe143,KXMIASNOWM-26JAN-0.1,2,0.02,46,46.0,yes,buy,buy,,,,,2026-01-23T16:06:09.061285Z,Lose
46d25a8e-856c-7c3c-684a-0b98c060d4a9,6cd3e8fd-414f-4743-be05-a05b1d7c98a5,KXMIASNOWM-26JAN-0.5,2,0.02,25,25.0,yes,buy,buy,,,,,2026-01-23T15:53:12.269169Z,Lose
20794ae6-ee7a-7cd6-468b-6724c21b45fe,6cd3e8fd-414f-4743-be05-a05b1d7c98a5,KXMIASNOWM-26JAN-0.5,2,0.02,21,21.0,yes,buy,buy,,,,,2026-01-23T15:53:12.269169Z,Lose
de3e129d-133b-7b78-1894-1801ad0c75ed,573ec7d5-48a9-49c8-9915-2f25fa1fe143,KXMIASNOWM-26JAN-0.1,2,0.02,140,140.0,yes,buy,buy,,,,,2026-01-23T15:53:11.889486Z,Lose
a58203e0-d85f-41dc-41b4-2e4aac8d097d,573ec7d5-48a9-49c8-9915-2f25fa1fe143,KXMIASNOWM-26JAN-0.1,2,0.02,458,458.0,yes,buy,buy,,,,,2026-01-23T15:50:10.450097Z,Lose
0cb228de-fa0b-6d40-bbdf-531339a41339,573ec7d5-48a9-49c8-9915-2f25fa1fe143,KXMIASNOWM-26JAN-0.1,2,0.02,233,233.0,yes,buy,buy,,,,,2026-01-23T15:31:31.245411Z,Lose
dc6726c2-a6c4-6fbe-c89a-46a6788213af,864405f4-6eb2-4335-8dc9-f658913b3905,KXMIASNOWM-26JAN-1.0,2,0.02,108,108.0,yes,buy,buy,,,,,2026-01-23T15:05:52.466126Z,Lose
214bd245-61ea-68fc-ce45-65f1b98d8bd6,864405f4-6eb2-4335-8dc9-f658913b3905,KXMIASNOWM-26JAN-1.0,2,0.02,125,125.0,yes,buy,buy,,,,,2026-01-23T15:05:52.466126Z,Lose
234e3eb3-556f-6420-b5ad-737d1d996e6d,573ec7d5-48a9-49c8-9915-2f25fa1fe143,KXMIASNOWM-26JAN-0.1,2,0.02,46,46.0,yes,buy,buy,,,,,2026-01-23T13:27:56.410775Z,Lose
56536b99-cc97-5160-7014-5505e48ead35,573ec7d5-48a9-49c8-9915-2f25fa1fe143,KXMIASNOWM-26JAN-0.1,2,0.02,561,561.0,yes,buy,buy,,,,,2026-01-23T13:04:19.505927Z,Lose
d7c99da2-4103-7394-f358-208bd051565d,573ec7d5-48a9-49c8-9915-2f25fa1fe143,KXMIASNOWM-26JAN-0.1,2,0.02,3509,3509.0,yes,buy,buy,,,,,2026-01-23T12:44:08.290022Z,Lose
bb3f5202-233f-7dbc-4dac-c52f940b69d9,573ec7d5-48a9-49c8-9915-2f25fa1fe143,KXMIASNOWM-26JAN-0.1,2,0.02,233,233.0,yes,buy,buy,,,,,2026-01-23T11:45:49.667885Z,Lose
d51dcf53-30cb-446c-60f8-41b8b0760a55,573ec7d5-48a9-49c8-9915-2f25fa1fe143,KXMIASNOWM-26JAN-0.1,2,0.02,233,233.0,yes,buy,buy,,,,,2026-01-23T11:35:24.751605Z,Lose
ea8c93ac-70d3-6fd0-dfdc-7a06c7dd61f9,573ec7d5-48a9-49c8-9915-2f25fa1fe143,KXMIASNOWM-26JAN-0.1,2,0.02,9,9.0,yes,buy,buy,,,,,2026-01-23T11:12:30.959951Z,Lose
d35d6ed1-d5a0-5d8c-16e8-8043362cafad,6cd3e8fd-414f-4743-be05-a05b1d7c98a5,KXMIASNOWM-26JAN-0.5,2,0.02,140,140.0,yes,buy,buy,,,,,2026-01-23T11:01:41.897505Z,Lose
1efba492-f804-66a2-aeb1-203b584cf487,864405f4-6eb2-4335-8dc9-f658913b3905,KXMIASNOWM-26JAN-1.0,2,0.02,380,380.0,yes,buy,buy,,,,,2026-01-23T10:33:14.852801Z,Lose
828d749b-adcf-6150-adfa-92371c1540f5,573ec7d5-48a9-49c8-9915-2f25fa1fe143,KXMIASNOWM-26JAN-0.1,2,0.02,467,467.0,yes,buy,buy,,,,,2026-01-23T10:30:37.5512Z,Lose
ee931210-07b2-6a45-cb7b-54c0fe075a72,864405f4-6eb2-4335-8dc9-f658913b3905,KXMIASNOWM-26JAN-1.0,2,0.02,34,34.0,yes,sell,buy,new.quest,,4b4c6db4-9480-4312-aa37-e5d6703334af,,2026-01-23T08:33:30.253656Z,Lose
c80e41de-f73c-6642-c7f4-c49a8b0fb797,864405f4-6eb2-4335-8dc9-f658913b3905,KXMIASNOWM-26JAN-1.0,2,0.02,12,12.0,yes,buy,buy,,,,,2026-01-23T08:33:30.253656Z,Lose
0e70c6f3-682c-46a4-1f99-4ca21e5a78e5,6cd3e8fd-414f-4743-be05-a05b1d7c98a5,KXMIASNOWM-26JAN-0.5,2,0.02,46,46.0,yes,buy,buy,,,,,2026-01-23T08:33:25.868762Z,Lose
f0eb8f86-ae8f-5100-cafb-13a29537ce55,573ec7d5-48a9-49c8-9915-2f25fa1fe143,KXMIASNOWM-26JAN-0.1,2,0.02,46,46.0,yes,buy,buy,,,,,2026-01-23T08:33:21.965227Z,Lose
34ae2d2c-410f-6b7c-e4db-c30de216702d,573ec7d5-48a9-49c8-9915-2f25fa1fe143,KXMIASNOWM-26JAN-0.1,2,0.02,40,40.0,yes,buy,buy,,,,,2026-01-23T08:08:25.915804Z,Lose
a7159444-9557-7f6c-9906-4fecc2437b31,573ec7d5-48a9-49c8-9915-2f25fa1fe143,KXMIASNOWM-26JAN-0.1,2,0.02,46,46.0,yes,buy,buy,,lightskinkilla,,7a666c68-e634-40a2-a7a1-5a26eaa44563,2026-01-23T08:04:36.856423Z,Lose
06d1672d-c3cb-6950-a172-79e4bc770699,573ec7d5-48a9-49c8-9915-2f25fa1fe143,KXMIASNOWM-26JAN-0.1,2,0.02,36,36.0,yes,buy,buy,,,,,2026-01-23T05:58:11.897721Z,Lose
9c3ea695-423b-47c8-012b-6f7b48337ab1,573ec7d5-48a9-49c8-9915-2f25fa1fe143,KXMIASNOWM-26JAN-0.1,2,0.02,233,233.0,yes,buy,buy,,bigdimerrollie,,ac747b31-0305-4ae5-bb22-b70a106c3152,2026-01-23T05:48:25.060867Z,Lose
e47bff54-7c88-63fe-3345-bbb01b6d12dc,573ec7d5-48a9-49c8-9915-2f25fa1fe143,KXMIASNOWM-26JAN-0.1,1,0.01,93,93.0,yes,sell,buy,,,,,2026-01-23T05:35:51.109213Z,Lose
3971312f-a85f-663c-354c-799c9c3642c5,573ec7d5-48a9-49c8-9915-2f25fa1fe143,KXMIASNOWM-26JAN-0.1,2,0.02,46,46.0,yes,buy,buy,,,,,2026-01-23T05:35:51.109213Z,Lose
a557421e-4d6f-498c-13b8-dc7287786d6d,573ec7d5-48a9-49c8-9915-2f25fa1fe143,KXMIASNOWM-26JAN-0.1,2,0.02,233,233.0,yes,buy,buy,,,,,2026-01-23T05:20:13.848973Z,Lose
3ee501e5-6d6f-7eb4-3a1a-d1be440cd435,573ec7d5-48a9-49c8-9915-2f25fa1fe143,KXMIASNOWM-26JAN-0.1,2,0.02,23,23.0,yes,buy,buy,,modifyme333,,42aa78e8-74a6-4220-84ff-43120d748cef,2026-01-23T05:10:02.094311Z,Lose
61dabc8a-3b07-4ff8-3aff-2bd91fd30251,573ec7d5-48a9-49c8-9915-2f25fa1fe143,KXMIASNOWM-26JAN-0.1,2,0.02,23,23.0,yes,buy,buy,,modifyme333,,42aa78e8-74a6-4220-84ff-43120d748cef,2026-01-23T05:07:19.166626Z,Lose
24e19c3c-a70b-77e4-376d-36d2ecd04555,573ec7d5-48a9-49c8-9915-2f25fa1fe143,KXMIASNOWM-26JAN-0.1,2,0.02,46,46.0,yes,buy,buy,,modifyme333,,42aa78e8-74a6-4220-84ff-43120d748cef,2026-01-23T05:05:13.615036Z,Lose
0d0a81d0-3e63-7fb8-e266-96421de08c05,573ec7d5-48a9-49c8-9915-2f25fa1fe143,KXMIASNOWM-26JAN-0.1,2,0.02,467,467.0,yes,buy,buy,,,,,2026-01-23T05:02:33.739046Z,Lose
89d7e714-f773-5888-33dd-0a0b26acf40d,573ec7d5-48a9-49c8-9915-2f25fa1fe143,KXMIASNOWM-26JAN-0.1,2,0.02,140,140.0,yes,buy,buy,,tacticalvudu,,68a9b146-006c-4b51-85de-d4254aae2659,2026-01-23T04:45:52.596469Z,Lose
38c7bfee-4713-47a0-1297-9d7fb7932c5d,573ec7d5-48a9-49c8-9915-2f25fa1fe143,KXMIASNOWM-26JAN-0.1,2,0.02,467,467.0,yes,buy,buy,,,,,2026-01-23T04:19:48.944002Z,Lose
a5ae8bd5-e664-7d98-72c8-8a61d000f9ad,6cd3e8fd-414f-4743-be05-a05b1d7c98a5,KXMIASNOWM-26JAN-0.5,2,0.02,140,140.0,yes,buy,buy,,,,,2026-01-23T04:17:23.661756Z,Lose
3a69fb8b-2408-57e8-9560-69024eb34505,6cd3e8fd-414f-4743-be05-a05b1d7c98a5,KXMIASNOWM-26JAN-0.5,2,0.02,46,46.0,yes,buy,buy,,,,,2026-01-23T04:05:40.930874Z,Lose
baa0bc62-1f72-74e3-f469-f9d3c13a9de0,6cd3e8fd-414f-4743-be05-a05b1d7c98a5,KXMIASNOWM-26JAN-0.5,1,0.01,80,80.0,no,sell,buy,,,,,2026-01-23T03:59:53.252395Z,Win
b4e2a0c4-e86e-79f9-ea92-8be50249d172,6cd3e8fd-414f-4743-be05-a05b1d7c98a5,KXMIASNOWM-26JAN-0.5,1,0.01,4,4.0,no,buy,buy,,,,,2026-01-23T03:59:53.252395Z,Win
1c960fe6-e60e-5ccb-6d73-6a64bf0bb830,6cd3e8fd-414f-4743-be05-a05b1d7c98a5,KXMIASNOWM-26JAN-0.5,1,0.01,50,50.0,no,sell,buy,,,,,2026-01-23T03:10:19.178964Z,Win
6084c74a-0eb3-6eec-2756-33de095c5931,573ec7d5-48a9-49c8-9915-2f25fa1fe143,KXMIASNOWM-26JAN-0.1,2,0.02,1000,1000.0,yes,buy,sell,,,,,2026-01-23T02:31:07.574936Z,Win
ec7e2604-494b-71ac-4ba2-f90bff7eea95,573ec7d5-48a9-49c8-9915-2f25fa1fe143,KXMIASNOWM-26JAN-0.1,2,0.02,46,46.0,yes,buy,buy,,,,,2026-01-23T01:44:05.068983Z,Lose
1fdc7025-d517-44bc-66f0-9cc67fc2fe79,573ec7d5-48a9-49c8-9915-2f25fa1fe143,KXMIASNOWM-26JAN-0.1,2,0.02,233,233.0,yes,buy,buy,,,,,2026-01-23T01:17:33.958823Z,Lose
90577d95-e09f-6864-4714-01b65fe47c75,573ec7d5-48a9-49c8-9915-2f25fa1fe143,KXMIASNOWM-26JAN-0.1,2,0.02,46,46.0,yes,buy,buy,,pant.press,,fcfd5971-e716-4a94-a3a7-243eefe1ef1c,2026-01-23T00:55:35.895375Z,Lose
289c4111-c21c-63be-8e87-3c053a581b27,573ec7d5-48a9-49c8-9915-2f25fa1fe143,KXMIASNOWM-26JAN-0.1,2,0.02,213,213.0,yes,buy,buy,,,,,2026-01-23T00:47:35.006295Z,Lose
27d91a9a-d4c7-6454-9d43-3f473b645975,573ec7d5-48a9-49c8-9915-2f25fa1fe143,KXMIASNOWM-26JAN-0.1,2,0.02,20,20.0,yes,buy,buy,,,,,2026-01-23T00:47:35.006295Z,Lose
1de20ae4-6328-6f0e-59bb-20ad05af57bb,573ec7d5-48a9-49c8-9915-2f25fa1fe143,KXMIASNOWM-26JAN-0.1,2,0.02,140,140.0,yes,buy,buy,,,,,2026-01-23T00:47:25.950824Z,Lose
03402848-cd4c-79d6-057a-c39ad1012f27,573ec7d5-48a9-49c8-9915-2f25fa1fe143,KXMIASNOWM-26JAN-0.1,2,0.02,64,64.0,yes,buy,buy,,,,,2026-01-23T00:24:17.066584Z,Lose
98d8d253-e27c-6b8e-b90d-b31020d43deb,573ec7d5-48a9-49c8-9915-2f25fa1fe143,KXMIASNOWM-26JAN-0.1,2,0.02,46,46.0,yes,buy,buy,,,,,2026-01-23T00:11:46.637274Z,Lose
78783e26-55d4-595a-a92c-be9cb1f3710b,573ec7d5-48a9-49c8-9915-2f25fa1fe143,KXMIASNOWM-26JAN-0.1,2,0.02,374,374.0,yes,buy,buy,,,,,2026-01-23T00:11:22.424652Z,Lose
fbde81c8-dfe0-7e88-a5fc-3a5f8e5a83ad,6cd3e8fd-414f-4743-be05-a05b1d7c98a5,KXMIASNOWM-26JAN-0.5,2,0.02,46,46.0,yes,buy,buy,,jman2day,,7bd63f91-20a9-4260-a18a-033146030761,2026-01-23T00:03:00.078542Z,Lose
d5329de8-72d0-7810-2da8-fec9a3c006d1,6cd3e8fd-414f-4743-be05-a05b1d7c98a5,KXMIASNOWM-26JAN-0.5,2,0.02,46,46.0,yes,buy,buy,,,,,2026-01-22T23:48:37.043081Z,Lose
1da8bb6d-a406-4137-db82-9f47a57db65c,6cd3e8fd-414f-4743-be05-a05b1d7c98a5,KXMIASNOWM-26JAN-0.5,1,0.01,46,46.0,no,sell,sell,,contestu,,2b66c7f9-ccb2-40aa-ae69-131cc2501a14,2026-01-22T23:30:49.59939Z,Lose
783e4d6c-8670-4b1e-7a3c-b39c1dd9f7ab,573ec7d5-48a9-49c8-9915-2f25fa1fe143,KXMIASNOWM-26JAN-0.1,2,0.02,163,163.0,yes,buy,buy,,,,,2026-01-22T23:29:33.421203Z,Lose
49df2ccb-17a8-6120-82fc-4ffd3efc6a4f,573ec7d5-48a9-49c8-9915-2f25fa1fe143,KXMIASNOWM-26JAN-0.1,2,0.02,233,233.0,yes,buy,buy,,ms.honeyy,,a1d972fa-9c9d-4ba3-bf34-9c1a83363763,2026-01-22T22:09:27.711853Z,Lose
9f8ca70d-6bd0-4730-3390-88bf45f9952d,6cd3e8fd-414f-4743-be05-a05b1d7c98a5,KXMIASNOWM-26JAN-0.5,2,0.02,11,11.0,yes,buy,buy,,,,,2026-01-22T21:00:08.954986Z,Lose
09cabbc2-2517-4583-1c5a-782cefaa98af,6cd3e8fd-414f-4743-be05-a05b1d7c98a5,KXMIASNOWM-26JAN-0.5,2,0.02,222,222.0,yes,buy,buy,,,,,2026-01-22T21:00:08.954986Z,Lose
0a8f6727-daac-519c-2ae0-c391a3b66747,573ec7d5-48a9-49c8-9915-2f25fa1fe143,KXMIASNOWM-26JAN-0.1,2,0.02,46,46.0,yes,buy,buy,,,,,2026-01-22T20:21:47.126894Z,Lose
ec3a9bcb-484a-4df3-73e0-ddce38c92e28,6cd3e8fd-414f-4743-be05-a05b1d7c98a5,KXMIASNOWM-26JAN-0.5,1,0.01,46,46.0,no,sell,sell,,new.quest,,4b4c6db4-9480-4312-aa37-e5d6703334af,2026-01-22T20:14:50.134958Z,Lose
846f70bb-48f0-72d4-688c-132336b1baab,573ec7d5-48a9-49c8-9915-2f25fa1fe143,KXMIASNOWM-26JAN-0.1,2,0.02,46,46.0,yes,buy,buy,,,,,2026-01-22T20:01:57.608708Z,Lose
ecaa77f9-4a0c-4504-ffca-15b1b5656c27,573ec7d5-48a9-49c8-9915-2f25fa1fe143,KXMIASNOWM-26JAN-0.1,2,0.02,46,46.0,yes,buy,buy,,,,,2026-01-22T19:29:17.830333Z,Lose
1319c294-adc0-4918-ac3c-9277d041fd13,573ec7d5-48a9-49c8-9915-2f25fa1fe143,KXMIASNOWM-26JAN-0.1,2,0.02,140,140.0,yes,buy,buy,,,,,2026-01-22T18:55:08.784742Z,Lose
5bdd2b14-976f-5e8f-075c-55d04b4d6973,6cd3e8fd-414f-4743-be05-a05b1d7c98a5,KXMIASNOWM-26JAN-0.5,2,0.02,233,233.0,yes,buy,buy,,,,,2026-01-22T17:47:36.378003Z,Lose
fe97870b-b2c6-63eb-42fc-5723bef79d16,864405f4-6eb2-4335-8dc9-f658913b3905,KXMIASNOWM-26JAN-1.0,2,0.02,59,59.0,yes,sell,buy,new.quest,,4b4c6db4-9480-4312-aa37-e5d6703334af,,2026-01-22T17:46:30.100403Z,Lose
c81f63e2-d238-61cf-44ff-7981ffb75b6f,864405f4-6eb2-4335-8dc9-f658913b3905,KXMIASNOWM-26JAN-1.0,2,0.02,174,174.0,yes,buy,buy,,,,,2026-01-22T17:46:30.100403Z,Lose
57a6c004-5023-5093-4c9a-8c2fa5aa447f,6cd3e8fd-414f-4743-be05-a05b1d7c98a5,KXMIASNOWM-26JAN-0.5,2,0.02,233,233.0,yes,buy,buy,,,,,2026-01-22T17:44:29.406535Z,Lose
7f19e991-582c-5494-2ee5-ea8fe90a4eab,573ec7d5-48a9-49c8-9915-2f25fa1fe143,KXMIASNOWM-26JAN-0.1,2,0.02,233,233.0,yes,buy,buy,,,,,2026-01-22T17:41:59.358269Z,Lose
2ebbacc5-0d20-7750-e0ea-59f4c58f96e7,573ec7d5-48a9-49c8-9915-2f25fa1fe143,KXMIASNOWM-26JAN-0.1,2,0.02,233,233.0,yes,buy,buy,,playboytudd,,2c268904-8325-4378-93dd-870dd777ec61,2026-01-22T17:29:28.308407Z,Lose
ca9a4be6-17a6-40af-8ae6-878036934fb0,6cd3e8fd-414f-4743-be05-a05b1d7c98a5,KXMIASNOWM-26JAN-0.5,1,0.01,11,11.0,no,sell,buy,,Blue1234,,ac3e8ae3-74f9-7341-aaaa-6f77fb8ceda0,2026-01-22T17:21:03.157631Z,Win
1915020c-962a-59ff-9982-96d37762f084,6cd3e8fd-414f-4743-be05-a05b1d7c98a5,KXMIASNOWM-26JAN-0.5,1,0.01,14,14.0,no,sell,buy,,Blue1234,,ac3e8ae3-74f9-7341-aaaa-6f77fb8ceda0,2026-01-22T16:59:10.482949Z,Win
dca675b5-5174-4c34-48ea-d2bc6704450f,573ec7d5-48a9-49c8-9915-2f25fa1fe143,KXMIASNOWM-26JAN-0.1,2,0.02,93,93.0,yes,buy,buy,,,,,2026-01-22T16:57:27.931538Z,Lose
11946a63-77b4-4324-60f0-959ae127acdb,573ec7d5-48a9-49c8-9915-2f25fa1fe143,KXMIASNOWM-26JAN-0.1,2,0.02,467,467.0,yes,buy,buy,,Rummler,,4b68f226-81e9-4f49-b989-bca1c6f22ae0,2026-01-22T16:51:33.021299Z,Lose
84141d50-d40f-4d9b-adef-40df761437f3,6cd3e8fd-414f-4743-be05-a05b1d7c98a5,KXMIASNOWM-26JAN-0.5,2,0.02,46,46.0,yes,buy,buy,,,,,2026-01-22T16:48:25.745768Z,Lose
008f065d-f740-5f74-dc9e-c25aeceebb1f,573ec7d5-48a9-49c8-9915-2f25fa1fe143,KXMIASNOWM-26JAN-0.1,2,0.02,46,46.0,yes,buy,buy,,FishMixedWithOil,,92ec97e8-933a-49df-b2bb-8b1be855d63d,2026-01-22T16:24:44.841456Z,Lose
d1977382-f27f-7823-df6f-470ecbf807ab,6cd3e8fd-414f-4743-be05-a05b1d7c98a5,KXMIASNOWM-26JAN-0.5,2,0.02,46,46.0,yes,buy,buy,,,,,2026-01-22T16:21:12.669332Z,Lose
6e678601-ceec-48ec-fad0-651c9e21dbe3,573ec7d5-48a9-49c8-9915-2f25fa1fe143,KXMIASNOWM-26JAN-0.1,2,0.02,46,46.0,yes,buy,buy,,,,,2026-01-22T16:20:59.14527Z,Lose
fbee7044-57e4-71ac-3a94-9305d821d37b,573ec7d5-48a9-49c8-9915-2f25fa1fe143,KXMIASNOWM-26JAN-0.1,2,0.02,46,46.0,yes,buy,buy,,,,,2026-01-22T16:18:50.485862Z,Lose
db76f549-c06c-67e4-cbba-18ddaef09637,573ec7d5-48a9-49c8-9915-2f25fa1fe143,KXMIASNOWM-26JAN-0.1,2,0.02,46,46.0,yes,buy,buy,,,,,2026-01-22T16:08:22.042851Z,Lose
ee5cde1d-1d93-4faf-ebd4-587756fcf3ab,6cd3e8fd-414f-4743-be05-a05b1d7c98a5,KXMIASNOWM-26JAN-0.5,2,0.02,233,233.0,yes,buy,buy,,,,,2026-01-22T15:22:20.82195Z,Lose
5c90fa35-5308-5fb4-0404-c8fd2e90552f,573ec7d5-48a9-49c8-9915-2f25fa1fe143,KXMIASNOWM-26JAN-0.1,2,0.02,935,935.0,yes,buy,buy,,,,,2026-01-22T15:06:59.298841Z,Lose
bfd7cdab-f38b-408f-9ab6-b279223864fb,6cd3e8fd-414f-4743-be05-a05b1d7c98a5,KXMIASNOWM-26JAN-0.5,2,0.02,46,46.0,yes,buy,buy,,contestu,,2b66c7f9-ccb2-40aa-ae69-131cc2501a14,2026-01-22T14:35:58.914373Z,Lose
df78c818-a2ec-566c-8c80-f121eafc648f,573ec7d5-48a9-49c8-9915-2f25fa1fe143,KXMIASNOWM-26JAN-0.1,2,0.02,233,233.0,yes,buy,buy,,,,,2026-01-22T14:25:20.191893Z,Lose
bfa5e015-356c-695f-2500-0f20d7573ba7,864405f4-6eb2-4335-8dc9-f658913b3905,KXMIASNOWM-26JAN-1.0,2,0.02,140,140.0,yes,buy,buy,,,,,2026-01-22T12:53:46.103926Z,Lose
54e61a72-e3cc-6858-4894-13dbd7ed8aeb,573ec7d5-48a9-49c8-9915-2f25fa1fe143,KXMIASNOWM-26JAN-0.1,2,0.02,140,140.0,yes,buy,buy,,,,,2026-01-22T12:53:31.536611Z,Lose
2a797b7a-86e7-77af-e0ef-ad61ba6c0227,6cd3e8fd-414f-4743-be05-a05b1d7c98a5,KXMIASNOWM-26JAN-0.5,2,0.02,140,140.0,yes,buy,buy,,,,,2026-01-22T12:53:15.676443Z,Lose
d0c404f0-4ec3-6283-4809-2c9ceaf18627,6cd3e8fd-414f-4743-be05-a05b1d7c98a5,KXMIASNOWM-26JAN-0.5,2,0.02,46,46.0,yes,buy,buy,,mild.slice,,93cbfc87-d102-49fc-b888-d7acbd3dd90a,2026-01-22T12:41:19.716685Z,Lose
6237ef10-9f3b-5be7-95e3-925675d0326f,6cd3e8fd-414f-4743-be05-a05b1d7c98a5,KXMIASNOWM-26JAN-0.5,2,0.02,86,86.0,yes,buy,buy,,seabas56,,513793fd-9fe5-4008-b814-eb7881dc09d0,2026-01-22T12:13:04.038704Z,Lose
f58aabd4-db4c-4070-3aca-8a9e4ac8f4cf,573ec7d5-48a9-49c8-9915-2f25fa1fe143,KXMIASNOWM-26JAN-0.1,2,0.02,93,93.0,yes,buy,buy,,seabas56,,513793fd-9fe5-4008-b814-eb7881dc09d0,2026-01-22T12:12:46.892037Z,Lose
adfdffb3-9928-5507-b12d-6e5884ccb2e3,864405f4-6eb2-4335-8dc9-f658913b3905,KXMIASNOWM-26JAN-1.0,2,0.02,93,93.0,yes,buy,buy,,seabas56,,513793fd-9fe5-4008-b814-eb7881dc09d0,2026-01-22T12:12:31.690838Z,Lose
d863815e-cbf0-5528-46cb-3a4a3b76997b,573ec7d5-48a9-49c8-9915-2f25fa1fe143,KXMIASNOWM-26JAN-0.1,2,0.02,46,46.0,yes,buy,buy,,tacticalvudu,,68a9b146-006c-4b51-85de-d4254aae2659,2026-01-22T12:12:31.454574Z,Lose
311cb08d-8108-73c8-c76b-45e4edc52047,573ec7d5-48a9-49c8-9915-2f25fa1fe143,KXMIASNOWM-26JAN-0.1,2,0.02,467,467.0,yes,buy,buy,,,,,2026-01-22T11:40:00.153791Z,Lose
76037ac0-098e-6997-ebea-217df742754c,6cd3e8fd-414f-4743-be05-a05b1d7c98a5,KXMIASNOWM-26JAN-0.5,1,0.01,5,5.0,no,sell,sell,,,,,2026-01-22T10:35:13.978695Z,Lose
f06f5b87-197d-5697-fffe-e3ad36d7309c,573ec7d5-48a9-49c8-9915-2f25fa1fe143,KXMIASNOWM-26JAN-0.1,1,0.01,214,214.0,no,sell,sell,,buy.tip,,0864d9bc-e47a-410f-bd01-4e172bb9b249,2026-01-22T07:37:09.41588Z,Lose
17eb1147-21a1-58b4-de87-af00e740587c,573ec7d5-48a9-49c8-9915-2f25fa1fe143,KXMIASNOWM-26JAN-0.1,1,0.01,10,10.0,no,buy,sell,,buy.tip,,0864d9bc-e47a-410f-bd01-4e172bb9b249,2026-01-22T07:37:09.41588Z,Lose
16e34187-18e4-5cf8-bb38-bb73dd67ef63,573ec7d5-48a9-49c8-9915-2f25fa1fe143,KXMIASNOWM-26JAN-0.1,2,0.02,2000,2000.0,yes,buy,buy,,buy.tip,,0864d9bc-e47a-410f-bd01-4e172bb9b249,2026-01-22T07:30:33.417663Z,Lose
0d8af87d-8c21-4117-512c-8057ae67bc40,573ec7d5-48a9-49c8-9915-2f25fa1fe143,KXMIASNOWM-26JAN-0.1,1,0.01,1,1.0,no,sell,buy,,,,,2026-01-22T07:19:14.618575Z,Win
3e503495-18e8-6ff0-63f2-d31739646ff3,573ec7d5-48a9-49c8-9915-2f25fa1fe143,KXMIASNOWM-26JAN-0.1,2,0.02,46,46.0,yes,buy,buy,,,,,2026-01-22T05:42:47.200525Z,Lose
a0740f68-eade-7343-7a3d-945d1bca56b0,6cd3e8fd-414f-4743-be05-a05b1d7c98a5,KXMIASNOWM-26JAN-0.5,1,0.01,20,20.0,no,sell,buy,,,,,2026-01-22T05:42:28.612145Z,Win
34542a3a-ccce-789f-ba38-a37a18d2e7dc,6cd3e8fd-414f-4743-be05-a05b1d7c98a5,KXMIASNOWM-26JAN-0.5,1,0.01,10,10.0,no,sell,buy,,,,,2026-01-22T05:19:31.784623Z,Win
2031aac2-09f3-6ce2-1ba3-1577620fc2eb,6cd3e8fd-414f-4743-be05-a05b1d7c98a5,KXMIASNOWM-26JAN-0.5,2,0.02,37,37.0,yes,sell,buy,,yvngajax,,8e100d7d-8f20-44d6-b9c7-4f3b7030c218,2026-01-22T04:19:59.089299Z,Lose
e8b464aa-0f5c-58e4-ad6c-749a807f9b63,573ec7d5-48a9-49c8-9915-2f25fa1fe143,KXMIASNOWM-26JAN-0.1,2,0.02,46,46.0,yes,buy,buy,,yvngajax,,8e100d7d-8f20-44d6-b9c7-4f3b7030c218,2026-01-22T04:19:34.884014Z,Lose
a905f32c-a1aa-4473-8a1d-c940dbd8a29c,6cd3e8fd-414f-4743-be05-a05b1d7c98a5,KXMIASNOWM-26JAN-0.5,1,0.01,7,7.0,no,sell,buy,,Blue1234,,ac3e8ae3-74f9-7341-aaaa-6f77fb8ceda0,2026-01-22T04:17:30.351748Z,Win
60eab4c8-5b46-69df-0c9d-e8222ecdf358,6cd3e8fd-414f-4743-be05-a05b1d7c98a5,KXMIASNOWM-26JAN-0.5,1,0.01,5,5.0,no,sell,buy,,Blue1234,,ac3e8ae3-74f9-7341-aaaa-6f77fb8ceda0,2026-01-22T04:17:17.95703Z,Win
654a1baf-b15a-449b-5070-ead861c8b700,6cd3e8fd-414f-4743-be05-a05b1d7c98a5,KXMIASNOWM-26JAN-0.5,1,0.01,5,5.0,no,sell,buy,,,,,2026-01-22T04:11:40.731362Z,Win
d6ce0911-649a-6437-fdb5-4f0eda15c98c,6cd3e8fd-414f-4743-be05-a05b1d7c98a5,KXMIASNOWM-26JAN-0.5,1,0.01,7,7.0,no,sell,buy,,Blue1234,,ac3e8ae3-74f9-7341-aaaa-6f77fb8ceda0,2026-01-22T04:06:47.283274Z,Win
7bdd6580-9905-44f3-ead0-6c13e4f66780,573ec7d5-48a9-49c8-9915-2f25fa1fe143,KXMIASNOWM-26JAN-0.1,1,0.01,5,5.0,no,sell,buy,,,,,2026-01-22T04:03:08.959043Z,Win
34c64d8c-e7cb-585e-c6c4-5213352408f7,6cd3e8fd-414f-4743-be05-a05b1d7c98a5,KXMIASNOWM-26JAN-0.5,2,0.02,86,86.0,yes,sell,buy,,seabas56,,513793fd-9fe5-4008-b814-eb7881dc09d0,2026-01-22T03:52:35.872058Z,Lose
0c963e91-ba60-7a13-cb1a-4a9297a45a3b,864405f4-6eb2-4335-8dc9-f658913b3905,KXMIASNOWM-26JAN-1.0,2,0.02,93,93.0,yes,buy,buy,,seabas56,,513793fd-9fe5-4008-b814-eb7881dc09d0,2026-01-22T03:52:16.657387Z,Lose
8dba4573-7798-7ccc-d85f-c7b690319b83,573ec7d5-48a9-49c8-9915-2f25fa1fe143,KXMIASNOWM-26JAN-0.1,2,0.02,93,93.0,yes,buy,buy,,seabas56,,513793fd-9fe5-4008-b814-eb7881dc09d0,2026-01-22T03:52:01.964306Z,Lose
599f4aed-0835-52df-565f-98ed60d4530c,573ec7d5-48a9-49c8-9915-2f25fa1fe143,KXMIASNOWM-26JAN-0.1,1,0.01,31,31.0,no,sell,sell,,,,,2026-01-22T03:45:25.041047Z,Lose
fbb15ff5-4522-6a92-0ac7-3a92b9963226,6cd3e8fd-414f-4743-be05-a05b1d7c98a5,KXMIASNOWM-26JAN-0.5,2,0.02,142,142.0,yes,buy,buy,,,,,2026-01-22T03:30:55.74428Z,Lose
33f11bcf-0867-6a93-10f5-f71b2b271cdb,6cd3e8fd-414f-4743-be05-a05b1d7c98a5,KXMIASNOWM-26JAN-0.5,2,0.02,1261,1261.0,yes,buy,buy,,,,,2026-01-22T03:30:55.74428Z,Lose
25b2fa6a-6472-45bb-a5a1-e5384ba52804,6cd3e8fd-414f-4743-be05-a05b1d7c98a5,KXMIASNOWM-26JAN-0.5,1,0.01,15,15.0,no,sell,sell,,,,,2026-01-22T03:04:32.289123Z,Lose
efcde9ad-10a6-4772-663c-6db5b214c9c2,6cd3e8fd-414f-4743-be05-a05b1d7c98a5,KXMIASNOWM-26JAN-0.5,2,0.02,86,86.0,yes,buy,buy,,seabas56,,513793fd-9fe5-4008-b814-eb7881dc09d0,2026-01-22T03:04:30.605204Z,Lose
f051a2b4-05f8-5744-6185-f961ca6d635f,573ec7d5-48a9-49c8-9915-2f25fa1fe143,KXMIASNOWM-26JAN-0.1,2,0.02,93,93.0,yes,buy,buy,,seabas56,,513793fd-9fe5-4008-b814-eb7881dc09d0,2026-01-22T03:04:14.003395Z,Lose
ea830fc6-33c0-56dc-fec8-970ddecfc902,864405f4-6eb2-4335-8dc9-f658913b3905,KXMIASNOWM-26JAN-1.0,2,0.02,93,93.0,yes,sell,buy,,seabas56,,513793fd-9fe5-4008-b814-eb7881dc09d0,2026-01-22T03:03:56.035074Z,Lose
e4211b71-e605-52cf-fe9f-aa0d9a9d6cc4,573ec7d5-48a9-49c8-9915-2f25fa1fe143,KXMIASNOWM-26JAN-0.1,1,0.01,46,46.0,no,sell,sell,,willydoit,,f55b34aa-147b-4118-ae5f-372a35b1cd7f,2026-01-22T02:34:00.080274Z,Lose
bb6f3679-9818-76c0-0717-9b53d323527f,573ec7d5-48a9-49c8-9915-2f25fa1fe143,KXMIASNOWM-26JAN-0.1,2,0.02,46,46.0,yes,buy,buy,,willydoit,,f55b34aa-147b-4118-ae5f-372a35b1cd7f,2026-01-22T02:32:08.321435Z,Lose
71c7fe73-5d0a-7caa-4fbe-876e3f3171ba,6cd3e8fd-414f-4743-be05-a05b1d7c98a5,KXMIASNOWM-26JAN-0.5,2,0.02,22,22.0,yes,buy,buy,,,,,2026-01-22T02:31:28.292093Z,Lose
2ab2e124-25b4-6508-39d1-e083fdd6726f,573ec7d5-48a9-49c8-9915-2f25fa1fe143,KXMIASNOWM-26JAN-0.1,2,0.02,93,93.0,yes,buy,buy,,,,,2026-01-22T00:45:30.337529Z,Lose
b78d83f5-b758-5144-89c9-17e262c77673,573ec7d5-48a9-49c8-9915-2f25fa1fe143,KXMIASNOWM-26JAN-0.1,2,0.02,46,46.0,yes,buy,buy,,,,,2026-01-22T00:43:34.667301Z,Lose
9ff4a140-a740-6730-7b76-c0c6c3e2f4c7,573ec7d5-48a9-49c8-9915-2f25fa1fe143,KXMIASNOWM-26JAN-0.1,2,0.02,93,93.0,yes,buy,buy,,,,,2026-01-22T00:37:54.283369Z,Lose
28832383-f900-6cf4-9144-b0a78f33a857,573ec7d5-48a9-49c8-9915-2f25fa1fe143,KXMIASNOWM-26JAN-0.1,2,0.02,4,4.0,yes,buy,buy,,sad.lung,,036b58ea-893e-4c78-8b7f-904634f8942b,2026-01-22T00:00:03.520275Z,Lose
98d75171-bfb4-6f5c-18ad-fa66f63dabf3,573ec7d5-48a9-49c8-9915-2f25fa1fe143,KXMIASNOWM-26JAN-0.1,2,0.02,5,5.0,yes,buy,buy,,cross.bo,,8d6a127e-3cde-4d26-a84d-f30c37b80232,2026-01-21T22:16:27.103169Z,Lose
9f11a7c5-c19e-53eb-ec57-a78fab3814d0,6cd3e8fd-414f-4743-be05-a05b1d7c98a5,KXMIASNOWM-26JAN-0.5,1,0.01,46,46.0,no,sell,sell,,,,,2026-01-21T22:13:48.628045Z,Lose
7d0682a1-6a94-56d0-d045-f133e48993e3,573ec7d5-48a9-49c8-9915-2f25fa1fe143,KXMIASNOWM-26JAN-0.1,2,0.02,467,467.0,yes,buy,buy,,,,,2026-01-21T22:12:02.398876Z,Lose
3d38830c-f2ac-51a4-5bac-370f27eace1f,573ec7d5-48a9-49c8-9915-2f25fa1fe143,KXMIASNOWM-26JAN-0.1,2,0.02,46,46.0,yes,buy,buy,,,,,2026-01-21T22:00:03.718796Z,Lose
7d86f0a7-6702-43ef-2ed1-8eb067dc3e68,6cd3e8fd-414f-4743-be05-a05b1d7c98a5,KXMIASNOWM-26JAN-0.5,1,0.01,7,7.0,no,sell,buy,,Blue1234,,ac3e8ae3-74f9-7341-aaaa-6f77fb8ceda0,2026-01-21T21:41:50.978768Z,Win
6892606b-a294-58d8-0e6f-d97a079186ab,573ec7d5-48a9-49c8-9915-2f25fa1fe143,KXMIASNOWM-26JAN-0.1,2,0.02,46,46.0,yes,buy,buy,,lost.bush,,0b31a2fc-4338-429b-8443-e6e7446a12af,2026-01-21T21:23:54.793256Z,Lose
5246b59c-953f-6fbf-42ce-53cd1dc04583,6cd3e8fd-414f-4743-be05-a05b1d7c98a5,KXMIASNOWM-26JAN-0.5,2,0.02,46,46.0,yes,buy,buy,,lost.bush,,0b31a2fc-4338-429b-8443-e6e7446a12af,2026-01-21T21:23:33.637352Z,Lose
9eba4165-86ec-5f54-bef8-38f160017fcf,573ec7d5-48a9-49c8-9915-2f25fa1fe143,KXMIASNOWM-26JAN-0.1,2,0.02,93,93.0,yes,buy,buy,,,,,2026-01-21T21:16:12.282171Z,Lose
4d9a3e88-bcf9-674f-1f39-10d16e814b60,573ec7d5-48a9-49c8-9915-2f25fa1fe143,KXMIASNOWM-26JAN-0.1,1,0.01,50,50.0,no,sell,buy,,,,,2026-01-21T20:05:17.765321Z,Win
5a185b73-e7da-4e17-88ff-cfc8d58db4d0,6cd3e8fd-414f-4743-be05-a05b1d7c98a5,KXMIASNOWM-26JAN-0.5,1,0.01,46,46.0,no,sell,sell,,,,,2026-01-21T19:51:25.310391Z,Lose
39974229-8342-6308-c492-324fef1309a8,864405f4-6eb2-4335-8dc9-f658913b3905,KXMIASNOWM-26JAN-1.0,2,0.02,93,93.0,yes,buy,buy,,truth.field,,bc0383c5-853c-42be-bcb2-96e41481e37e,2026-01-21T19:44:18.594867Z,Lose
3b5485d5-98f2-4a34-52ce-d483bae503a0,864405f4-6eb2-4335-8dc9-f658913b3905,KXMIASNOWM-26JAN-1.0,2,0.02,23,23.0,yes,buy,buy,,pain.cry,,02b50475-5176-42f0-a901-31148aba2739,2026-01-21T19:25:53.137447Z,Lose
82638953-51b9-5897-910d-eb4367924550,573ec7d5-48a9-49c8-9915-2f25fa1fe143,KXMIASNOWM-26JAN-0.1,1,0.01,233,233.0,no,sell,sell,,,,,2026-01-21T19:06:23.258807Z,Lose
6adc841b-c158-6360-8468-d3553eefa7a3,573ec7d5-48a9-49c8-9915-2f25fa1fe143,KXMIASNOWM-26JAN-0.1,2,0.02,233,233.0,yes,buy,buy,,,,,2026-01-21T19:03:53.716018Z,Lose
b43cb092-6831-6a57-f0c2-bd7c3095f7a4,573ec7d5-48a9-49c8-9915-2f25fa1fe143,KXMIASNOWM-26JAN-0.1,1,0.01,1,1.0,no,sell,buy,,,,,2026-01-21T18:36:30.599515Z,Win
89f4de43-cc50-4c48-5bb7-678eeae148e3,573ec7d5-48a9-49c8-9915-2f25fa1fe143,KXMIASNOWM-26JAN-0.1,2,0.02,87,87.0,yes,buy,buy,,seabas56,,513793fd-9fe5-4008-b814-eb7881dc09d0,2026-01-21T18:30:03.707074Z,Lose
6e8fc450-6b4f-5193-12e7-a486036d6cb3,6cd3e8fd-414f-4743-be05-a05b1d7c98a5,KXMIASNOWM-26JAN-0.5,2,0.02,93,93.0,yes,buy,buy,,seabas56,,513793fd-9fe5-4008-b814-eb7881dc09d0,2026-01-21T18:29:44.39063Z,Lose
3192b712-c63e-6a0c-c6ac-6c804a8d04f4,864405f4-6eb2-4335-8dc9-f658913b3905,KXMIASNOWM-26JAN-1.0,2,0.02,93,93.0,yes,buy,buy,,seabas56,,513793fd-9fe5-4008-b814-eb7881dc09d0,2026-01-21T18:29:18.615027Z,Lose
03540221-da9a-7adb-1db9-162ef0a5cd74,6cd3e8fd-414f-4743-be05-a05b1d7c98a5,KXMIASNOWM-26JAN-0.5,1,0.01,8,8.0,no,sell,buy,,Blue1234,,ac3e8ae3-74f9-7341-aaaa-6f77fb8ceda0,2026-01-21T17:52:32.447188Z,Win
f249b511-5d52-7bdf-dffb-5592782aec7c,6cd3e8fd-414f-4743-be05-a05b1d7c98a5,KXMIASNOWM-26JAN-0.5,1,0.01,7,7.0,no,sell,buy,,Blue1234,,ac3e8ae3-74f9-7341-aaaa-6f77fb8ceda0,2026-01-21T17:30:21.446301Z,Win
dfbde06b-749a-57ab-9648-c1af4050ea0c,6cd3e8fd-414f-4743-be05-a05b1d7c98a5,KXMIASNOWM-26JAN-0.5,1,0.01,14,14.0,no,sell,buy,,Blue1234,,ac3e8ae3-74f9-7341-aaaa-6f77fb8ceda0,2026-01-21T17:27:21.236387Z,Win
edf12c8f-2f22-4563-8480-d92976f05464,6cd3e8fd-414f-4743-be05-a05b1d7c98a5,KXMIASNOWM-26JAN-0.5,1,0.01,6,6.0,no,sell,buy,,Blue1234,,ac3e8ae3-74f9-7341-aaaa-6f77fb8ceda0,2026-01-21T17:26:32.058866Z,Win
ef6b1946-4a6e-6593-0392-edecc5f756f8,6cd3e8fd-414f-4743-be05-a05b1d7c98a5,KXMIASNOWM-26JAN-0.5,1,0.01,10,10.0,no,sell,buy,,,,,2026-01-21T17:20:43.319062Z,Win
edbfa469-e119-6023-164d-a10400a2eb60,573ec7d5-48a9-49c8-9915-2f25fa1fe143,KXMIASNOWM-26JAN-0.1,1,0.01,233,233.0,no,sell,sell,,,,,2026-01-21T17:00:41.973783Z,Lose
ec51eec6-0f49-5c0b-df4e-b7b9fdbe033c,573ec7d5-48a9-49c8-9915-2f25fa1fe143,KXMIASNOWM-26JAN-0.1,1,0.01,10,10.0,no,sell,buy,,,,,2026-01-21T16:22:17.204097Z,Win
f3c8dc35-c336-54c4-c076-f3cdd4e49a00,864405f4-6eb2-4335-8dc9-f658913b3905,KXMIASNOWM-26JAN-1.0,2,0.02,46,46.0,yes,buy,buy,,seabas56,,513793fd-9fe5-4008-b814-eb7881dc09d0,2026-01-21T15:17:05.798246Z,Lose
5b7e3299-bd28-42ac-6feb-17897a7425c7,573ec7d5-48a9-49c8-9915-2f25fa1fe143,KXMIASNOWM-26JAN-0.1,2,0.02,43,43.0,yes,buy,buy,,seabas56,,513793fd-9fe5-4008-b814-eb7881dc09d0,2026-01-21T15:16:47.790001Z,Lose
077a3dde-ed93-6003-2f63-c816707db883,6cd3e8fd-414f-4743-be05-a05b1d7c98a5,KXMIASNOWM-26JAN-0.5,2,0.02,93,93.0,yes,buy,buy,,seabas56,,513793fd-9fe5-4008-b814-eb7881dc09d0,2026-01-21T15:16:22.494903Z,Lose
accbc026-40aa-6ea4-1530-68679c8741e0,864405f4-6eb2-4335-8dc9-f658913b3905,KXMIASNOWM-26JAN-1.0,2,0.02,93,93.0,yes,buy,buy,,seabas56,,513793fd-9fe5-4008-b814-eb7881dc09d0,2026-01-21T15:15:51.770695Z,Lose
adf8c13e-0eac-6bdc-8ff8-00e4420ab45f,573ec7d5-48a9-49c8-9915-2f25fa1fe143,KXMIASNOWM-26JAN-0.1,2,0.02,46,46.0,yes,buy,buy,,tacticalvudu,,68a9b146-006c-4b51-85de-d4254aae2659,2026-01-21T14:53:45.698025Z,Lose
6f66b10c-72e2-6a93-cfdc-a7ad0aefc02c,6cd3e8fd-414f-4743-be05-a05b1d7c98a5,KXMIASNOWM-26JAN-0.5,1,0.01,4,4.0,no,sell,buy,,,,,2026-01-21T14:47:38.214105Z,Win
e2a2cbaa-0418-555c-8c6f-463a4d33d00f,573ec7d5-48a9-49c8-9915-2f25fa1fe143,KXMIASNOWM-26JAN-0.1,2,0.02,46,46.0,yes,buy,buy,,wet.smoke,,f9f1fa6e-d112-4c59-9dee-61f9dd5d0552,2026-01-21T14:30:46.064271Z,Lose
f5ded0ec-d2d4-7a20-79ed-258ff0576e43,573ec7d5-48a9-49c8-9915-2f25fa1fe143,KXMIASNOWM-26JAN-0.1,2,0.02,93,93.0,yes,buy,buy,,,,,2026-01-21T14:02:49.247029Z,Lose
cd4f912b-9738-7100-fe62-9e9fb1df80db,573ec7d5-48a9-49c8-9915-2f25fa1fe143,KXMIASNOWM-26JAN-0.1,2,0.02,233,233.0,yes,buy,buy,,,,,2026-01-21T13:59:34.490217Z,Lose
7891990d-7ee0-43fc-00bb-fa451ad37fb7,573ec7d5-48a9-49c8-9915-2f25fa1fe143,KXMIASNOWM-26JAN-0.1,2,0.02,233,233.0,yes,buy,buy,,,,,2026-01-21T13:12:02.242169Z,Lose
d87ccd3e-cf4e-6844-6375-dd23bc284694,864405f4-6eb2-4335-8dc9-f658913b3905,KXMIASNOWM-26JAN-1.0,2,0.02,46,46.0,yes,buy,buy,,seabas56,,513793fd-9fe5-4008-b814-eb7881dc09d0,2026-01-21T12:36:10.215906Z,Lose
76fe2e24-a557-5ccb-91a6-bfb29a50211f,6cd3e8fd-414f-4743-be05-a05b1d7c98a5,KXMIASNOWM-26JAN-0.5,2,0.02,46,46.0,yes,buy,buy,,seabas56,,513793fd-9fe5-4008-b814-eb7881dc09d0,2026-01-21T12:35:40.148952Z,Lose
58b8f137-23a8-40f8-ea5f-808ed750beff,573ec7d5-48a9-49c8-9915-2f25fa1fe143,KXMIASNOWM-26JAN-0.1,2,0.02,46,46.0,yes,buy,buy,,seabas56,,513793fd-9fe5-4008-b814-eb7881dc09d0,2026-01-21T12:35:23.547794Z,Lose
246902d2-63e4-4da0-f099-98cb9428430b,573ec7d5-48a9-49c8-9915-2f25fa1fe143,KXMIASNOWM-26JAN-0.1,2,0.02,233,233.0,yes,buy,buy,,,,,2026-01-21T12:34:09.31727Z,Lose
beb48c3d-9b78-4b4c-c699-0776117ed793,573ec7d5-48a9-49c8-9915-2f25fa1fe143,KXMIASNOWM-26JAN-0.1,2,0.02,38,38.0,yes,buy,buy,,seabas56,,513793fd-9fe5-4008-b814-eb7881dc09d0,2026-01-21T12:33:50.736529Z,Lose
d4a97830-654f-787e-05d7-4909822fe996,6cd3e8fd-414f-4743-be05-a05b1d7c98a5,KXMIASNOWM-26JAN-0.5,2,0.02,23,23.0,no,buy,buy,,,,,2026-01-21T12:33:31.148027Z,Win
8ee88f8b-bfc7-7b8d-09bb-6be569259589,6cd3e8fd-414f-4743-be05-a05b1d7c98a5,KXMIASNOWM-26JAN-0.5,2,0.02,107,107.0,no,buy,buy,,,,,2026-01-21T12:33:31.148027Z,Win
ef5df1e4-2ff4-78af-3af2-d6ab07057f5a,6cd3e8fd-414f-4743-be05-a05b1d7c98a5,KXMIASNOWM-26JAN-0.5,3,0.03,31,31.0,yes,buy,buy,,seabas56,,513793fd-9fe5-4008-b814-eb7881dc09d0,2026-01-21T12:33:29.161764Z,Lose
a8afcc1e-cf3e-584c-c863-6cb0a7339dd0,864405f4-6eb2-4335-8dc9-f658913b3905,KXMIASNOWM-26JAN-1.0,2,0.02,46,46.0,yes,buy,buy,,seabas56,,513793fd-9fe5-4008-b814-eb7881dc09d0,2026-01-21T12:33:07.898197Z,Lose
db0ceb4a-5fd2-7804-3e42-6af2af05bcb8,864405f4-6eb2-4335-8dc9-f658913b3905,KXMIASNOWM-26JAN-1.0,2,0.02,43,43.0,yes,buy,buy,,seabas56,,513793fd-9fe5-4008-b814-eb7881dc09d0,2026-01-21T12:30:15.541954Z,Lose
ed24c15e-36c4-5067-c931-91b85fb09eca,6cd3e8fd-414f-4743-be05-a05b1d7c98a5,KXMIASNOWM-26JAN-0.5,3,0.03,31,31.0,yes,buy,buy,,seabas56,,513793fd-9fe5-4008-b814-eb7881dc09d0,2026-01-21T12:29:51.423781Z,Lose
bdcb0a75-500c-6c24-7bff-d93dafafb6a7,573ec7d5-48a9-49c8-9915-2f25fa1fe143,KXMIASNOWM-26JAN-0.1,2,0.02,46,46.0,yes,buy,buy,,seabas56,,513793fd-9fe5-4008-b814-eb7881dc09d0,2026-01-21T12:29:31.295687Z,Lose
5b294192-d3fa-4cf8-92b4-fd3ab3e7d064,864405f4-6eb2-4335-8dc9-f658913b3905,KXMIASNOWM-26JAN-1.0,2,0.02,46,46.0,yes,buy,buy,,seabas56,,513793fd-9fe5-4008-b814-eb7881dc09d0,2026-01-21T12:28:13.203893Z,Lose
98f18256-9ddc-7e53-e5fe-d2a37fb9e642,6cd3e8fd-414f-4743-be05-a05b1d7c98a5,KXMIASNOWM-26JAN-0.5,3,0.03,31,31.0,yes,buy,buy,,seabas56,,513793fd-9fe5-4008-b814-eb7881dc09d0,2026-01-21T12:27:55.715456Z,Lose
4f8ebef5-e824-6fac-6d81-4ff6b4233e77,573ec7d5-48a9-49c8-9915-2f25fa1fe143,KXMIASNOWM-26JAN-0.1,2,0.02,46,46.0,yes,buy,buy,,seabas56,,513793fd-9fe5-4008-b814-eb7881dc09d0,2026-01-21T12:27:37.391534Z,Lose
e750e2bb-46c3-65a7-4001-97cb3ee2b737,573ec7d5-48a9-49c8-9915-2f25fa1fe143,KXMIASNOWM-26JAN-0.1,2,0.02,164,164.0,no,buy,buy,,,,,2026-01-21T12:08:06.443847Z,Win
277dce74-86c7-6aa4-45ee-540699d55fd5,573ec7d5-48a9-49c8-9915-2f25fa1fe143,KXMIASNOWM-26JAN-0.1,2,0.02,42,42.0,no,buy,buy,,,,,2026-01-21T12:08:06.443847Z,Win
50bb575f-65b0-6ef3-1620-ec8e097eaba1,573ec7d5-48a9-49c8-9915-2f25fa1fe143,KXMIASNOWM-26JAN-0.1,3,0.03,156,156.0,yes,buy,buy,,,,,2026-01-21T11:33:33.304568Z,Lose
f5a1c7e3-7322-57f0-4e55-b1091500ef58,864405f4-6eb2-4335-8dc9-f658913b3905,KXMIASNOWM-26JAN-1.0,2,0.02,10,10.0,yes,buy,buy,,Tezo23Billionaire,,9d3dfe94-fe3c-48a4-b50b-04378a833eb0,2026-01-21T11:16:23.861768Z,Lose
e98aa0f3-08b5-55f0-7f5f-1b782b4288dd,864405f4-6eb2-4335-8dc9-f658913b3905,KXMIASNOWM-26JAN-1.0,2,0.02,223,223.0,yes,buy,buy,,Tezo23Billionaire,,9d3dfe94-fe3c-48a4-b50b-04378a833eb0,2026-01-21T11:16:23.861768Z,Lose
afb3337a-3bb4-65b7-e914-174e7b330b11,573ec7d5-48a9-49c8-9915-2f25fa1fe143,KXMIASNOWM-26JAN-0.1,3,0.03,156,156.0,yes,buy,buy,,,,,2026-01-21T10:32:44.088152Z,Lose
bb492a96-0719-4560-3187-237bc1180701,864405f4-6eb2-4335-8dc9-f658913b3905,KXMIASNOWM-26JAN-1.0,2,0.02,23,23.0,yes,buy,buy,,,,,2026-01-21T09:37:26.83344Z,Lose
79c0d4d5-5dcc-640f-5b93-db257cf34f62,6cd3e8fd-414f-4743-be05-a05b1d7c98a5,KXMIASNOWM-26JAN-0.5,3,0.03,11,11.0,yes,buy,buy,,,,,2026-01-21T09:37:14.436993Z,Lose
13394d74-ad3c-6a72-453b-6fb448068b44,6cd3e8fd-414f-4743-be05-a05b1d7c98a5,KXMIASNOWM-26JAN-0.5,2,0.02,6,6.0,yes,sell,buy,,,,,2026-01-21T09:37:14.436993Z,Lose
1b27e9b3-92d0-4bfb-6d1f-0c3d50fd05fd,573ec7d5-48a9-49c8-9915-2f25fa1fe143,KXMIASNOWM-26JAN-0.1,3,0.03,15,15.0,yes,buy,buy,,,,,2026-01-21T09:37:03.602179Z,Lose
cb567061-5702-4683-60bd-e05ef489d87c,6cd3e8fd-414f-4743-be05-a05b1d7c98a5,KXMIASNOWM-26JAN-0.5,2,0.02,15,15.0,no,buy,buy,,Blue1234,,ac3e8ae3-74f9-7341-aaaa-6f77fb8ceda0,2026-01-21T09:20:44.646385Z,Win
6e6bfa97-7792-6a9f-08a2-cba1dc820958,6cd3e8fd-414f-4743-be05-a05b1d7c98a5,KXMIASNOWM-26JAN-0.5,2,0.02,8,8.0,no,buy,buy,,Blue1234,,ac3e8ae3-74f9-7341-aaaa-6f77fb8ceda0,2026-01-21T09:20:14.215276Z,Win
eb0766b1-1b89-4326-deab-3add0985e694,6cd3e8fd-414f-4743-be05-a05b1d7c98a5,KXMIASNOWM-26JAN-0.5,2,0.02,30,30.0,no,buy,sell,,realmambi,,0bd696b7-a72e-4395-9cf2-c4258d5864b1,2026-01-21T08:53:44.901304Z,Lose
7c7f1d72-1f36-4f07-d08c-7f0dcd598eec,6cd3e8fd-414f-4743-be05-a05b1d7c98a5,KXMIASNOWM-26JAN-0.5,1,0.01,170,170.0,no,sell,sell,,realmambi,,0bd696b7-a72e-4395-9cf2-c4258d5864b1,2026-01-21T08:53:44.901304Z,Lose
70943f16-11b7-5873-400d-e2071632fcce,6cd3e8fd-414f-4743-be05-a05b1d7c98a5,KXMIASNOWM-26JAN-0.5,2,0.02,200,200.0,yes,sell,buy,,realmambi,,0bd696b7-a72e-4395-9cf2-c4258d5864b1,2026-01-21T08:53:21.912386Z,Lose
2aec35c1-737c-67f7-1b46-5f4aeed85511,573ec7d5-48a9-49c8-9915-2f25fa1fe143,KXMIASNOWM-26JAN-0.1,3,0.03,1560,1560.0,yes,buy,buy,,,,,2026-01-21T08:36:48.531291Z,Lose
4b454c3a-0f1a-66cb-75ac-21f6a58aab20,6cd3e8fd-414f-4743-be05-a05b1d7c98a5,KXMIASNOWM-26JAN-0.5,1,0.01,37,37.0,no,sell,buy,,Blue1234,,ac3e8ae3-74f9-7341-aaaa-6f77fb8ceda0,2026-01-21T08:35:04.833789Z,Win
8b11de3d-10f2-5fbf-e768-854656e86060,6cd3e8fd-414f-4743-be05-a05b1d7c98a5,KXMIASNOWM-26JAN-0.5,1,0.01,14,14.0,no,sell,buy,,Blue1234,,ac3e8ae3-74f9-7341-aaaa-6f77fb8ceda0,2026-01-21T08:33:03.517407Z,Win
54d107f5-51f2-5123-b9b3-8fef418cbb88,6cd3e8fd-414f-4743-be05-a05b1d7c98a5,KXMIASNOWM-26JAN-0.5,1,0.01,42,42.0,no,sell,buy,,Blue1234,,ac3e8ae3-74f9-7341-aaaa-6f77fb8ceda0,2026-01-21T08:32:47.336632Z,Win
06fc4c85-de88-6e73-b5a4-d4c816c77e25,573ec7d5-48a9-49c8-9915-2f25fa1fe143,KXMIASNOWM-26JAN-0.1,3,0.03,31,31.0,yes,buy,buy,,,,,2026-01-21T08:19:25.607587Z,Lose
1cbbca07-fc1c-68a3-8484-bf88ca4723d1,573ec7d5-48a9-49c8-9915-2f25fa1fe143,KXMIASNOWM-26JAN-0.1,3,0.03,156,156.0,yes,buy,buy,,,,,2026-01-21T07:46:37.85354Z,Lose
307787c5-8675-7a8e-8b66-541f8d841062,6cd3e8fd-414f-4743-be05-a05b1d7c98a5,KXMIASNOWM-26JAN-0.5,2,0.02,208,208.0,yes,sell,buy,,,,,2026-01-21T07:46:18.290027Z,Lose
1caf9536-1be0-75a7-8931-a147f89f27a6,6cd3e8fd-414f-4743-be05-a05b1d7c98a5,KXMIASNOWM-26JAN-0.5,3,0.03,17,17.0,yes,buy,buy,,,,,2026-01-21T07:46:18.290027Z,Lose
b2d9f80c-b9a5-7f02-bab5-fcb9e39cd0fe,6cd3e8fd-414f-4743-be05-a05b1d7c98a5,KXMIASNOWM-26JAN-0.5,2,0.02,46,46.0,yes,sell,buy,,,,,2026-01-21T07:15:34.999992Z,Lose
4c166f4f-63e0-678f-04f7-f792d8de39d1,573ec7d5-48a9-49c8-9915-2f25fa1fe143,KXMIASNOWM-26JAN-0.1,3,0.03,31,31.0,yes,buy,buy,,,,,2026-01-21T07:15:06.584748Z,Lose
ea831acd-2bc3-79b2-e460-11e0cdc7a0ec,573ec7d5-48a9-49c8-9915-2f25fa1fe143,KXMIASNOWM-26JAN-0.1,2,0.02,56,56.0,yes,sell,buy,,,,,2026-01-21T06:14:14.159227Z,Lose
b81602d6-7274-7b27-c47d-2b830025d675,573ec7d5-48a9-49c8-9915-2f25fa1fe143,KXMIASNOWM-26JAN-0.1,3,0.03,56,56.0,yes,buy,buy,,,,,2026-01-21T06:14:14.159227Z,Lose
f26a5f27-100d-75a2-23d0-d3e6f2b39ca9,573ec7d5-48a9-49c8-9915-2f25fa1fe143,KXMIASNOWM-26JAN-0.1,2,0.02,20,20.0,no,buy,sell,,kratos776,,c07ff4c1-b0e2-4fc5-96b2-1ad5e2776d9c,2026-01-21T05:57:05.874351Z,Lose
20cc5455-3f31-797e-31a2-1f88b47324a8,573ec7d5-48a9-49c8-9915-2f25fa1fe143,KXMIASNOWM-26JAN-0.1,2,0.02,42,42.0,no,buy,sell,,kratos776,,c07ff4c1-b0e2-4fc5-96b2-1ad5e2776d9c,2026-01-21T05:57:05.874351Z,Lose
284ca988-86fd-5fba-0bb1-e88c2b22685a,6cd3e8fd-414f-4743-be05-a05b1d7c98a5,KXMIASNOWM-26JAN-0.5,2,0.02,46,46.0,yes,sell,buy,,,,,2026-01-21T05:52:11.214921Z,Lose
7f54d7ce-4ac4-6c53-d2fe-2fcb6117efb9,573ec7d5-48a9-49c8-9915-2f25fa1fe143,KXMIASNOWM-26JAN-0.1,3,0.03,15,15.0,yes,buy,buy,,CashBackDude,,f9129443-ca7c-4f2b-9597-c1456fe5b1d6,2026-01-21T05:13:30.927564Z,Lose
4f8ee801-bd34-60f7-bc3c-b18b4c572555,573ec7d5-48a9-49c8-9915-2f25fa1fe143,KXMIASNOWM-26JAN-0.1,3,0.03,31,31.0,yes,buy,buy,,,,,2026-01-21T05:12:41.191189Z,Lose
53add446-16dc-70cb-2fac-cec00dd3332d,573ec7d5-48a9-49c8-9915-2f25fa1fe143,KXMIASNOWM-26JAN-0.1,3,0.03,124,124.0,yes,buy,buy,,,,,2026-01-21T04:33:42.590115Z,Lose
2b1516c2-2cd0-4fa7-6f77-ced3e3db8a01,573ec7d5-48a9-49c8-9915-2f25fa1fe143,KXMIASNOWM-26JAN-0.1,3,0.03,156,156.0,yes,buy,buy,,,,,2026-01-21T04:27:39.478912Z,Lose
e3c3d6a1-081c-60c1-c1b6-ea8a6cd12738,573ec7d5-48a9-49c8-9915-2f25fa1fe143,KXMIASNOWM-26JAN-0.1,2,0.02,414,414.0,yes,buy,buy,,db117,,2fa270b4-d08c-4a94-91e4-3b20a44f038e,2026-01-21T04:06:31.256145Z,Lose
6fa284ec-b2e0-6baf-d597-8bf154933f91,573ec7d5-48a9-49c8-9915-2f25fa1fe143,KXMIASNOWM-26JAN-0.1,3,0.03,214,214.0,yes,buy,buy,,db117,,2fa270b4-d08c-4a94-91e4-3b20a44f038e,2026-01-21T04:06:31.256145Z,Lose
eab99a00-a6cc-5e70-6db7-8917fb97e1ad,6cd3e8fd-414f-4743-be05-a05b1d7c98a5,KXMIASNOWM-26JAN-0.5,2,0.02,8,8.0,yes,buy,buy,,tamashii,,3c71e25a-b282-4527-a76a-18e7609dcb6a,2026-01-21T04:00:18.711123Z,Lose
0f305bff-cb5c-586b-578f-2e03afed288a,6cd3e8fd-414f-4743-be05-a05b1d7c98a5,KXMIASNOWM-26JAN-0.5,2,0.02,459,459.0,yes,buy,buy,,tamashii,,3c71e25a-b282-4527-a76a-18e7609dcb6a,2026-01-21T04:00:18.711123Z,Lose
fed50641-24a8-7509-60ad-0511fd2d37c8,573ec7d5-48a9-49c8-9915-2f25fa1fe143,KXMIASNOWM-26JAN-0.1,2,0.02,187,187.0,yes,buy,buy,,,,,2026-01-21T03:32:27.098418Z,Lose
e5a8ae36-33b4-6a89-4fce-b03165d944f0,573ec7d5-48a9-49c8-9915-2f25fa1fe143,KXMIASNOWM-26JAN-0.1,2,0.02,399,399.0,yes,buy,buy,,,,,2026-01-21T03:21:29.575441Z,Lose
bd834c9a-4cc5-635a-5ded-164da21e5c77,573ec7d5-48a9-49c8-9915-2f25fa1fe143,KXMIASNOWM-26JAN-0.1,2,0.02,68,68.0,yes,sell,buy,,,,,2026-01-21T03:21:29.575441Z,Lose
60ed862e-942b-5f0e-6542-1dc3e1a29452,573ec7d5-48a9-49c8-9915-2f25fa1fe143,KXMIASNOWM-26JAN-0.1,2,0.02,23,23.0,no,buy,buy,,juicyweather,,f07b64de-e976-42f7-92f6-a825570b081f,2026-01-21T03:05:17.713464Z,Win
5809081a-37f2-5f9f-6b78-279fa27dd1ab,573ec7d5-48a9-49c8-9915-2f25fa1fe143,KXMIASNOWM-26JAN-0.1,2,0.02,1,1.0,no,buy,buy,,juicyweather,,f07b64de-e976-42f7-92f6-a825570b081f,2026-01-21T03:05:17.713464Z,Win
2dc6f8a9-c5f3-5d49-5091-a649d966c9b1,573ec7d5-48a9-49c8-9915-2f25fa1fe143,KXMIASNOWM-26JAN-0.1,2,0.02,26,26.0,no,buy,buy,,juicyweather,,f07b64de-e976-42f7-92f6-a825570b081f,2026-01-21T03:05:17.713464Z,Win
4ecc8e63-87c3-65ad-d33e-0d258753ab9d,573ec7d5-48a9-49c8-9915-2f25fa1fe143,KXMIASNOWM-26JAN-0.1,2,0.02,15,15.0,no,buy,sell,,,,,2026-01-21T03:00:08.720879Z,Lose
1af164d1-c880-4547-448f-dd09e9a5149d,573ec7d5-48a9-49c8-9915-2f25fa1fe143,KXMIASNOWM-26JAN-0.1,3,0.03,62,62.0,yes,buy,buy,,kratos776,,c07ff4c1-b0e2-4fc5-96b2-1ad5e2776d9c,2026-01-21T02:47:12.494218Z,Lose
ed57617e-66bc-762b-8d69-d18248f90339,573ec7d5-48a9-49c8-9915-2f25fa1fe143,KXMIASNOWM-26JAN-0.1,3,0.03,15,15.0,yes,buy,buy,,pain.cry,,02b50475-5176-42f0-a901-31148aba2739,2026-01-21T02:38:09.052489Z,Lose
f8e1d42c-62f4-71bf-c98b-e69f0b437175,573ec7d5-48a9-49c8-9915-2f25fa1fe143,KXMIASNOWM-26JAN-0.1,3,0.03,22,22.0,yes,buy,buy,,,,,2026-01-21T02:29:25.906819Z,Lose
903dbe41-9594-7682-e61f-cb75f8dd6ca7,573ec7d5-48a9-49c8-9915-2f25fa1fe143,KXMIASNOWM-26JAN-0.1,2,0.02,17,17.0,yes,sell,buy,,,,,2026-01-21T02:29:25.906819Z,Lose
4609c470-2dbc-7c95-d802-76396dea0642,573ec7d5-48a9-49c8-9915-2f25fa1fe143,KXMIASNOWM-26JAN-0.1,2,0.02,1817,1817.0,yes,buy,buy,,,,,2026-01-21T02:29:25.906819Z,Lose
396ec61b-8017-7b2d-caf6-063c2e03ddea,573ec7d5-48a9-49c8-9915-2f25fa1fe143,KXMIASNOWM-26JAN-0.1,2,0.02,4,4.0,yes,sell,buy,,,,,2026-01-21T02:29:25.906819Z,Lose
e576e573-6989-489b-5567-5a77da52b05c,573ec7d5-48a9-49c8-9915-2f25fa1fe143,KXMIASNOWM-26JAN-0.1,1,0.01,125,125.0,no,sell,sell,,,,,2026-01-21T02:28:39.32997Z,Lose
c16aa865-2785-47d7-5976-00f22041254d,573ec7d5-48a9-49c8-9915-2f25fa1fe143,KXMIASNOWM-26JAN-0.1,1,0.01,1,1.0,no,buy,sell,,,,,2026-01-21T02:28:39.32997Z,Lose
9bd24d17-ca59-4d8c-47d6-f7fd5bf28907,573ec7d5-48a9-49c8-9915-2f25fa1fe143,KXMIASNOWM-26JAN-0.1,1,0.01,9,9.0,no,buy,sell,,,,,2026-01-21T02:28:39.32997Z,Lose
2148fe88-bb1f-447c-7bad-edb929fce05e,573ec7d5-48a9-49c8-9915-2f25fa1fe143,KXMIASNOWM-26JAN-0.1,1,0.01,5,5.0,no,buy,sell,,,,,2026-01-21T02:28:39.32997Z,Lose
74143ae8-827d-7e38-3ba6-e677eff29597,573ec7d5-48a9-49c8-9915-2f25fa1fe143,KXMIASNOWM-26JAN-0.1,1,0.01,62,62.0,no,buy,sell,,,,,2026-01-21T01:53:35.504707Z,Lose
0d1835d8-0268-5cf5-ee7a-38d276145c5e,573ec7d5-48a9-49c8-9915-2f25fa1fe143,KXMIASNOWM-26JAN-0.1,2,0.02,280,280.0,yes,buy,buy,,,,,2026-01-21T01:44:31.869208Z,Lose
142bba0b-eb0c-40bd-fc89-0001b84ca71a,573ec7d5-48a9-49c8-9915-2f25fa1fe143,KXMIASNOWM-26JAN-0.1,2,0.02,4606,4606.0,yes,buy,buy,,,,,2026-01-21T01:38:54.783582Z,Lose
056c3169-5531-40c0-48a4-da4d61213ea7,573ec7d5-48a9-49c8-9915-2f25fa1fe143,KXMIASNOWM-26JAN-0.1,1,0.01,156,156.0,no,buy,sell,,snow.brick,,9871f995-c967-451e-aeaf-3671612fe506,2026-01-21T01:11:05.551652Z,Lose
67250b65-f134-6125-9f6c-2338d89ac81e,573ec7d5-48a9-49c8-9915-2f25fa1fe143,KXMIASNOWM-26JAN-0.1,2,0.02,467,467.0,yes,buy,buy,,,,,2026-01-21T00:25:05.382138Z,Lose
42c08a5b-afc5-7c34-c586-67b7c0d08403,573ec7d5-48a9-49c8-9915-2f25fa1fe143,KXMIASNOWM-26JAN-0.1,1,0.01,93,93.0,no,buy,sell,,,,,2026-01-21T00:09:22.216868Z,Lose
3befa079-55cc-6a35-4ec2-d9bcf240efba,573ec7d5-48a9-49c8-9915-2f25fa1fe143,KXMIASNOWM-26JAN-0.1,2,0.02,46,46.0,yes,buy,buy,,seabas56,,513793fd-9fe5-4008-b814-eb7881dc09d0,2026-01-20T23:59:50.734601Z,Lose
d91c8b7f-a8ac-4960-4615-76624a542cc9,6cd3e8fd-414f-4743-be05-a05b1d7c98a5,KXMIASNOWM-26JAN-0.5,2,0.02,46,46.0,yes,buy,buy,,seabas56,,513793fd-9fe5-4008-b814-eb7881dc09d0,2026-01-20T23:59:11.830278Z,Lose
e4f91864-c245-6e64-e821-74159e16d2c5,864405f4-6eb2-4335-8dc9-f658913b3905,KXMIASNOWM-26JAN-1.0,2,0.02,46,46.0,yes,buy,buy,,seabas56,,513793fd-9fe5-4008-b814-eb7881dc09d0,2026-01-20T23:58:52.664827Z,Lose
2c357adc-0434-6004-cc6f-920c389d6001,6cd3e8fd-414f-4743-be05-a05b1d7c98a5,KXMIASNOWM-26JAN-0.5,2,0.02,46,46.0,yes,buy,buy,,seabas56,,513793fd-9fe5-4008-b814-eb7881dc09d0,2026-01-20T23:57:11.935199Z,Lose
dd88e329-1fc4-7ef5-e652-e9ea8336c32e,573ec7d5-48a9-49c8-9915-2f25fa1fe143,KXMIASNOWM-26JAN-0.1,2,0.02,46,46.0,yes,buy,buy,,seabas56,,513793fd-9fe5-4008-b814-eb7881dc09d0,2026-01-20T23:57:01.16442Z,Lose
3a73f8f3-d150-6ad9-65fb-d4f06905a02d,864405f4-6eb2-4335-8dc9-f658913b3905,KXMIASNOWM-26JAN-1.0,1,0.01,93,93.0,yes,sell,buy,miami.p,seabas56,c678509b-9cf3-4d74-a9d7-c8e14a2b403a,513793fd-9fe5-4008-b814-eb7881dc09d0,2026-01-20T23:56:48.345343Z,Lose
b0911199-6904-4969-6056-08601b8f0432,573ec7d5-48a9-49c8-9915-2f25fa1fe143,KXMIASNOWM-26JAN-0.1,2,0.02,93,93.0,yes,buy,buy,,,,,2026-01-20T23:44:42.102153Z,Lose
77f1e7b1-3d3b-56ac-326a-5afccdff6e52,573ec7d5-48a9-49c8-9915-2f25fa1fe143,KXMIASNOWM-26JAN-0.1,1,0.01,42,42.0,no,buy,sell,,,,,2026-01-20T23:19:13.630415Z,Lose
5d1f39de-5849-5eac-1947-4547ef37dbeb,573ec7d5-48a9-49c8-9915-2f25fa1fe143,KXMIASNOWM-26JAN-0.1,1,0.01,893,893.0,no,buy,sell,,,,,2026-01-20T23:19:13.630415Z,Lose
088ac568-44e8-5575-64b0-3f5861ba45aa,573ec7d5-48a9-49c8-9915-2f25fa1fe143,KXMIASNOWM-26JAN-0.1,2,0.02,935,935.0,yes,buy,buy,,,,,2026-01-20T23:18:47.698746Z,Lose
bca8edc7-9fc4-631d-58c9-dff0bb128a66,573ec7d5-48a9-49c8-9915-2f25fa1fe143,KXMIASNOWM-26JAN-0.1,2,0.02,93,93.0,yes,buy,buy,,mild.slice,,93cbfc87-d102-49fc-b888-d7acbd3dd90a,2026-01-20T23:12:08.049305Z,Lose
393aa05e-ff60-5f6c-b130-7f87923173c1,6cd3e8fd-414f-4743-be05-a05b1d7c98a5,KXMIASNOWM-26JAN-0.5,2,0.02,46,46.0,yes,buy,buy,,Goatmom2Brosef,,228020c1-19b6-4e34-b28e-d7a43429f19c,2026-01-20T22:50:55.068801Z,Lose
982e7991-6104-67b5-fe6d-bceadd319b96,573ec7d5-48a9-49c8-9915-2f25fa1fe143,KXMIASNOWM-26JAN-0.1,2,0.02,46,46.0,yes,buy,buy,,,,,2026-01-20T22:42:46.217124Z,Lose
d129d442-1ec4-4ba9-b644-8792db6aa19a,573ec7d5-48a9-49c8-9915-2f25fa1fe143,KXMIASNOWM-26JAN-0.1,2,0.02,46,46.0,yes,buy,buy,,,,,2026-01-20T22:36:39.659731Z,Lose
c077c9ce-9ca3-40e4-ff24-70b5df2ac04a,573ec7d5-48a9-49c8-9915-2f25fa1fe143,KXMIASNOWM-26JAN-0.1,1,0.01,5,5.0,no,buy,buy,,,,,2026-01-20T21:13:40.120268Z,Win
b9bd4f0f-1074-4f61-82aa-551a8604b842,573ec7d5-48a9-49c8-9915-2f25fa1fe143,KXMIASNOWM-26JAN-0.1,2,0.02,46,46.0,yes,buy,buy,,FrankNBeans1889,,ac97aaf5-bf27-44e4-868f-9a2ef08aa85d,2026-01-20T20:33:47.734457Z,Lose
7129b4dc-c450-4d28-fb32-63b385629a19,6cd3e8fd-414f-4743-be05-a05b1d7c98a5,KXMIASNOWM-26JAN-0.5,2,0.02,46,46.0,yes,buy,buy,,tacticalvudu,,68a9b146-006c-4b51-85de-d4254aae2659,2026-01-20T19:56:07.539271Z,Lose
e14dedff-7e6d-6fc8-40db-82e4ed849231,864405f4-6eb2-4335-8dc9-f658913b3905,KXMIASNOWM-26JAN-1.0,2,0.02,46,46.0,yes,buy,buy,,,,,2026-01-20T19:02:29.742474Z,Lose
36bcae92-e505-6374-c557-076923a69681,864405f4-6eb2-4335-8dc9-f658913b3905,KXMIASNOWM-26JAN-1.0,2,0.02,46,46.0,yes,buy,buy,,,,,2026-01-20T18:48:31.440001Z,Lose
55e545f1-61a0-4261-4580-71a464dce83e,573ec7d5-48a9-49c8-9915-2f25fa1fe143,KXMIASNOWM-26JAN-0.1,2,0.02,46,46.0,yes,buy,buy,,,,,2026-01-20T18:48:17.058631Z,Lose
ebd3d1e3-a5b8-65dc-9593-e5cc6ad9537d,6cd3e8fd-414f-4743-be05-a05b1d7c98a5,KXMIASNOWM-26JAN-0.5,2,0.02,46,46.0,yes,buy,buy,,,,,2026-01-20T18:48:00.291162Z,Lose
9d2730e0-262c-78cd-e450-3c4cfcd3fe96,573ec7d5-48a9-49c8-9915-2f25fa1fe143,KXMIASNOWM-26JAN-0.1,2,0.02,46,46.0,yes,buy,buy,,slow.folk,,27f57d79-4505-4082-b73f-1b9a116a2a96,2026-01-20T17:59:53.395067Z,Lose
505d9da2-1428-5591-14bc-7b7fbfc4d7f2,573ec7d5-48a9-49c8-9915-2f25fa1fe143,KXMIASNOWM-26JAN-0.1,2,0.02,46,46.0,yes,buy,buy,,slow.folk,,27f57d79-4505-4082-b73f-1b9a116a2a96,2026-01-20T17:59:06.251361Z,Lose
d5ec7607-8dd2-7907-92e3-71a2859e8874,6cd3e8fd-414f-4743-be05-a05b1d7c98a5,KXMIASNOWM-26JAN-0.5,1,0.01,304,304.0,no,sell,sell,,,,,2026-01-20T17:47:17.376388Z,Lose
c72b54b6-ddf4-4414-e61d-345e3e8ea76d,6cd3e8fd-414f-4743-be05-a05b1d7c98a5,KXMIASNOWM-26JAN-0.5,2,0.02,46,46.0,yes,buy,buy,,,,,2026-01-20T17:45:48.220191Z,Lose
56f7ec37-37a7-4b40-1c98-7229781578ae,573ec7d5-48a9-49c8-9915-2f25fa1fe143,KXMIASNOWM-26JAN-0.1,1,0.01,459,459.0,no,buy,sell,,HolidayFartCruise,,2f7c7d5f-b7b8-4767-9ee4-3e89c85023de,2026-01-20T17:24:21.327817Z,Lose
0afcef70-39d7-6b18-2804-4baa09159e7a,573ec7d5-48a9-49c8-9915-2f25fa1fe143,KXMIASNOWM-26JAN-0.1,1,0.01,46,46.0,no,buy,sell,,bugg56778,,04b8cb10-7730-4d11-81e7-9c4c46389a3d,2026-01-20T17:11:45.10221Z,Lose
3b82d593-9138-7e01-25c6-60e3b9c828ca,573ec7d5-48a9-49c8-9915-2f25fa1fe143,KXMIASNOWM-26JAN-0.1,2,0.02,327,327.0,yes,buy,buy,,,,,2026-01-20T15:56:14.338319Z,Lose
b14b7842-24a7-5d88-cbc9-06d0a9806d7e,573ec7d5-48a9-49c8-9915-2f25fa1fe143,KXMIASNOWM-26JAN-0.1,1,0.01,20,20.0,no,buy,buy,,,,,2026-01-20T15:50:14.562057Z,Win
12a4501a-12a4-5209-50d4-ff656ece38b2,573ec7d5-48a9-49c8-9915-2f25fa1fe143,KXMIASNOWM-26JAN-0.1,2,0.02,46,46.0,yes,buy,buy,,,,,2026-01-20T15:19:54.944209Z,Lose
68928f16-84d6-62a7-3e09-9c0d091b7e24,6cd3e8fd-414f-4743-be05-a05b1d7c98a5,KXMIASNOWM-26JAN-0.5,1,0.01,500,500.0,no,sell,buy,,,,,2026-01-20T15:08:57.127583Z,Win
1cef7cae-c51c-5dd5-a48f-b0543f5386fa,573ec7d5-48a9-49c8-9915-2f25fa1fe143,KXMIASNOWM-26JAN-0.1,2,0.02,701,701.0,yes,buy,buy,,,,,2026-01-20T14:56:15.42301Z,Lose
5ba3e787-52fc-5fdc-932b-795f56857579,6cd3e8fd-414f-4743-be05-a05b1d7c98a5,KXMIASNOWM-26JAN-0.5,2,0.02,23,23.0,yes,buy,buy,,,,,2026-01-20T13:53:34.628545Z,Lose
a3b18303-0fbe-574b-6746-5e72ddae07ec,6cd3e8fd-414f-4743-be05-a05b1d7c98a5,KXMIASNOWM-26JAN-0.5,1,0.01,10,10.0,no,sell,buy,,,,,2026-01-20T13:47:05.974109Z,Win
824d413c-0105-7bfc-b63c-0860b991a1e1,864405f4-6eb2-4335-8dc9-f658913b3905,KXMIASNOWM-26JAN-1.0,2,0.02,327,327.0,yes,buy,buy,,cartibarti,,0daf842e-5a4c-4f11-924f-f27b065bbbf4,2026-01-20T13:46:34.88619Z,Lose
c419a7c4-d630-447c-a9e9-1fd7a6c91dc1,6cd3e8fd-414f-4743-be05-a05b1d7c98a5,KXMIASNOWM-26JAN-0.5,2,0.02,327,327.0,yes,buy,buy,,cartibarti,,0daf842e-5a4c-4f11-924f-f27b065bbbf4,2026-01-20T13:46:16.897673Z,Lose
bba5079a-3fb5-5a77-fd5b-0a8ef3b5e312,573ec7d5-48a9-49c8-9915-2f25fa1fe143,KXMIASNOWM-26JAN-0.1,2,0.02,60,60.0,yes,sell,buy,,cartibarti,,0daf842e-5a4c-4f11-924f-f27b065bbbf4,2026-01-20T13:46:06.557073Z,Lose
29216a33-c4d4-5fe1-f25e-5776039d0c02,573ec7d5-48a9-49c8-9915-2f25fa1fe143,KXMIASNOWM-26JAN-0.1,2,0.02,267,267.0,yes,buy,buy,,cartibarti,,0daf842e-5a4c-4f11-924f-f27b065bbbf4,2026-01-20T13:46:06.557073Z,Lose
c8f02522-959d-4f76-6b66-0756fb76bda5,573ec7d5-48a9-49c8-9915-2f25fa1fe143,KXMIASNOWM-26JAN-0.1,2,0.02,171,171.0,yes,buy,buy,,bowl.cheese,,b31f38ae-46be-446e-a498-e5de5bd6f906,2026-01-20T13:44:55.993496Z,Lose
060b21e0-e579-4da3-575f-3b1fe1ed6f5e,573ec7d5-48a9-49c8-9915-2f25fa1fe143,KXMIASNOWM-26JAN-0.1,2,0.02,62,62.0,yes,sell,buy,,bowl.cheese,,b31f38ae-46be-446e-a498-e5de5bd6f906,2026-01-20T13:44:55.993496Z,Lose
a18164f8-79da-7f87-35a1-4fa4c62a75d0,6cd3e8fd-414f-4743-be05-a05b1d7c98a5,KXMIASNOWM-26JAN-0.5,1,0.01,140,140.0,no,sell,sell,,,,,2026-01-20T13:13:57.529688Z,Lose
d51545c7-6a7d-5004-bb01-aa9a59142cdd,864405f4-6eb2-4335-8dc9-f658913b3905,KXMIASNOWM-26JAN-1.0,2,0.02,46,46.0,yes,buy,buy,,,,,2026-01-20T13:06:45.285492Z,Lose
b28f2ebc-e51d-7f30-1d78-a544d7174fdd,864405f4-6eb2-4335-8dc9-f658913b3905,KXMIASNOWM-26JAN-1.0,2,0.02,93,93.0,yes,buy,buy,,jessi.louise,,c17382d0-34c7-4f5a-8551-deb67e37fd50,2026-01-20T12:56:59.785358Z,Lose
6a0704b6-e17f-57f4-9286-18a534009e7e,573ec7d5-48a9-49c8-9915-2f25fa1fe143,KXMIASNOWM-26JAN-0.1,1,0.01,93,93.0,no,buy,sell,,,,,2026-01-20T08:52:35.412478Z,Lose
65f25e95-65df-674c-56ae-eb94160c00ce,573ec7d5-48a9-49c8-9915-2f25fa1fe143,KXMIASNOWM-26JAN-0.1,1,0.01,373,373.0,no,buy,sell,,world.luck,,d1aa4fe4-8fc3-4023-bfbe-5fd9b6431afa,2026-01-20T07:20:01.63514Z,Lose
b3ebf76d-5423-5ecc-4fc7-fdfa65bf3be2,573ec7d5-48a9-49c8-9915-2f25fa1fe143,KXMIASNOWM-26JAN-0.1,1,0.01,65,65.0,no,buy,buy,,,,,2026-01-20T07:18:05.561686Z,Win
72b28961-59c2-5513-4c56-b74bfe2ed86c,6cd3e8fd-414f-4743-be05-a05b1d7c98a5,KXMIASNOWM-26JAN-0.5,1,0.01,233,233.0,no,sell,sell,,sun.catch,,576bc515-17f1-4ace-b533-8825eb3f9248,2026-01-20T06:47:51.143042Z,Lose
47a87775-247d-413c-858a-40611bff0499,864405f4-6eb2-4335-8dc9-f658913b3905,KXMIASNOWM-26JAN-1.0,2,0.02,22,22.0,yes,buy,buy,,woccington,,d6f52270-ffa9-4426-88c4-2d41c7daa5e5,2026-01-20T05:34:00.739608Z,Lose
4dadbea3-c518-7724-2ed8-0ff73d07b6e9,6cd3e8fd-414f-4743-be05-a05b1d7c98a5,KXMIASNOWM-26JAN-0.5,2,0.02,31,31.0,yes,buy,buy,,woccington,,d6f52270-ffa9-4426-88c4-2d41c7daa5e5,2026-01-20T05:33:50.393345Z,Lose
4462994d-80ed-4db2-c934-81a918a9a91d,573ec7d5-48a9-49c8-9915-2f25fa1fe143,KXMIASNOWM-26JAN-0.1,2,0.02,54,54.0,yes,buy,buy,,woccington,,d6f52270-ffa9-4426-88c4-2d41c7daa5e5,2026-01-20T05:33:16.824534Z,Lose
57ecd3c6-daac-6834-3350-69d8d2348c81,6cd3e8fd-414f-4743-be05-a05b1d7c98a5,KXMIASNOWM-26JAN-0.5,2,0.02,233,233.0,yes,buy,buy,,,,,2026-01-20T04:59:26.173553Z,Lose
2f93fa30-2cc1-5674-e991-4dd23b83d0a9,864405f4-6eb2-4335-8dc9-f658913b3905,KXMIASNOWM-26JAN-1.0,2,0.02,23,23.0,yes,buy,buy,,,,,2026-01-20T04:43:20.630395Z,Lose
4296496f-4070-506c-82ef-700beeca86a1,6cd3e8fd-414f-4743-be05-a05b1d7c98a5,KXMIASNOWM-26JAN-0.5,2,0.02,23,23.0,yes,buy,buy,,,,,2026-01-20T04:43:09.555291Z,Lose
2af6451d-0355-4ee6-d6c6-98740f943819,573ec7d5-48a9-49c8-9915-2f25fa1fe143,KXMIASNOWM-26JAN-0.1,2,0.02,23,23.0,yes,buy,buy,,,,,2026-01-20T04:42:56.338929Z,Lose
9d14465a-eb01-49d6-213c-0320f85ec0a1,573ec7d5-48a9-49c8-9915-2f25fa1fe143,KXMIASNOWM-26JAN-0.1,2,0.02,12,12.0,yes,buy,buy,,seabas56,,513793fd-9fe5-4008-b814-eb7881dc09d0,2026-01-20T04:38:43.27471Z,Lose
9928426b-eb15-519c-ef33-8280a50d1b35,864405f4-6eb2-4335-8dc9-f658913b3905,KXMIASNOWM-26JAN-1.0,2,0.02,12,12.0,yes,buy,buy,,seabas56,,513793fd-9fe5-4008-b814-eb7881dc09d0,2026-01-20T04:38:13.381645Z,Lose
d6254c5c-0405-5ebe-d256-8789def8e8c9,573ec7d5-48a9-49c8-9915-2f25fa1fe143,KXMIASNOWM-26JAN-0.1,2,0.02,28,28.0,yes,buy,buy,,seabas56,,513793fd-9fe5-4008-b814-eb7881dc09d0,2026-01-20T04:37:15.689914Z,Lose
de25fa50-bf74-4fb8-c7ce-ca25fcc8664d,6cd3e8fd-414f-4743-be05-a05b1d7c98a5,KXMIASNOWM-26JAN-0.5,2,0.02,33,33.0,yes,buy,buy,,seabas56,,513793fd-9fe5-4008-b814-eb7881dc09d0,2026-01-20T04:36:40.120412Z,Lose
c7d2b54a-e7d1-7e34-c659-997e630b4925,864405f4-6eb2-4335-8dc9-f658913b3905,KXMIASNOWM-26JAN-1.0,2,0.02,93,93.0,yes,buy,buy,,seabas56,,513793fd-9fe5-4008-b814-eb7881dc09d0,2026-01-20T04:31:29.842272Z,Lose
baece48f-7441-4dde-e61a-e45764815219,573ec7d5-48a9-49c8-9915-2f25fa1fe143,KXMIASNOWM-26JAN-0.1,2,0.02,93,93.0,yes,buy,buy,,seabas56,,513793fd-9fe5-4008-b814-eb7881dc09d0,2026-01-20T04:30:02.362648Z,Lose
900d37c4-b3f9-4b46-3207-edc8ab40e9b5,573ec7d5-48a9-49c8-9915-2f25fa1fe143,KXMIASNOWM-26JAN-0.1,2,0.02,46,46.0,yes,buy,buy,,forthewin4,,5f70adcf-67b3-43c5-bc98-e42f111f4cbf,2026-01-20T03:38:46.986299Z,Lose
8955bb1b-916b-5c34-c9d7-8d43eb18dbbe,573ec7d5-48a9-49c8-9915-2f25fa1fe143,KXMIASNOWM-26JAN-0.1,1,0.01,540,540.0,no,buy,sell,,coffeeman1738,,2d302345-f3fe-4ac1-8743-49b1766250ea,2026-01-20T03:37:54.805074Z,Lose
7b0823af-a9f5-50d5-ce66-d39ee521aaed,573ec7d5-48a9-49c8-9915-2f25fa1fe143,KXMIASNOWM-26JAN-0.1,1,0.01,722,722.0,no,buy,sell,,coffeeman1738,,2d302345-f3fe-4ac1-8743-49b1766250ea,2026-01-20T03:37:54.805074Z,Lose
93c57542-7275-515d-74ff-6186f36d0299,573ec7d5-48a9-49c8-9915-2f25fa1fe143,KXMIASNOWM-26JAN-0.1,1,0.01,62,62.0,no,buy,sell,,,,,2026-01-20T03:33:30.457341Z,Lose
5703210c-e438-7918-f96e-4b203ca3256d,6cd3e8fd-414f-4743-be05-a05b1d7c98a5,KXMIASNOWM-26JAN-0.5,2,0.02,46,46.0,yes,buy,buy,,LezbianwholovesTrump,,91f8cc18-9882-410d-9422-aab47cda6219,2026-01-20T03:26:14.52639Z,Lose
826cb561-7107-4f56-3305-1d988e667fe3,573ec7d5-48a9-49c8-9915-2f25fa1fe143,KXMIASNOWM-26JAN-0.1,2,0.02,5,5.0,yes,sell,buy,,,,,2026-01-20T03:14:56.777962Z,Lose
5443ff9e-a15c-44a9-1f69-72f56e9451fb,573ec7d5-48a9-49c8-9915-2f25fa1fe143,KXMIASNOWM-26JAN-0.1,2,0.02,351,351.0,yes,sell,buy,,,,,2026-01-20T03:14:56.777962Z,Lose
0bbdaa24-1ec9-457e-1c62-1d0f7e692a35,573ec7d5-48a9-49c8-9915-2f25fa1fe143,KXMIASNOWM-26JAN-0.1,2,0.02,573,573.0,yes,buy,buy,,,,,2026-01-20T03:14:56.777962Z,Lose
d94ffe91-33e9-5181-ce7f-eb4305b8245d,573ec7d5-48a9-49c8-9915-2f25fa1fe143,KXMIASNOWM-26JAN-0.1,1,0.01,233,233.0,no,buy,sell,,bad.waist,,287a21cf-182a-4b50-8308-e343ba9384ba,2026-01-20T02:47:22.842491Z,Lose
14039c70-01ea-55a3-0a9f-8eb8dce669ed,573ec7d5-48a9-49c8-9915-2f25fa1fe143,KXMIASNOWM-26JAN-0.1,2,0.02,5000,5000.0,yes,buy,sell,,,,,2026-01-20T02:34:13.07406Z,Win
b649abcf-f232-42f3-2eb8-816024194311,573ec7d5-48a9-49c8-9915-2f25fa1fe143,KXMIASNOWM-26JAN-0.1,2,0.02,21,21.0,yes,buy,buy,,,,,2026-01-20T02:33:43.027394Z,Lose
83347c5b-f02a-75e7-79ae-a8324705ec09,573ec7d5-48a9-49c8-9915-2f25fa1fe143,KXMIASNOWM-26JAN-0.1,2,0.02,294,294.0,yes,buy,buy,,,,,2026-01-20T02:11:02.200484Z,Lose
098739c9-ca8a-58ab-76a6-482c74925701,573ec7d5-48a9-49c8-9915-2f25fa1fe143,KXMIASNOWM-26JAN-0.1,2,0.02,93,93.0,yes,buy,buy,,usrbennn,,d70ab402-5983-4162-8199-b38538140886,2026-01-20T01:59:19.368861Z,Lose
b15ea57d-522b-4634-7fbd-32194cee1d14,6cd3e8fd-414f-4743-be05-a05b1d7c98a5,KXMIASNOWM-26JAN-0.5,2,0.02,46,46.0,yes,buy,buy,,mom.land,,876e70bc-e11a-418c-a2c0-180b85db3357,2026-01-20T01:56:54.745114Z,Lose
3f8d13f8-7da6-41cb-0005-44faf93bc355,573ec7d5-48a9-49c8-9915-2f25fa1fe143,KXMIASNOWM-26JAN-0.1,2,0.02,46,46.0,yes,buy,buy,,mom.land,,876e70bc-e11a-418c-a2c0-180b85db3357,2026-01-20T01:53:24.225598Z,Lose
87c7a6c8-bed5-6acd-8616-aa50897a9bb4,573ec7d5-48a9-49c8-9915-2f25fa1fe143,KXMIASNOWM-26JAN-0.1,2,0.02,297,297.0,yes,buy,buy,,,,,2026-01-20T00:43:00.26611Z,Lose
3b444320-a31e-6e27-9afe-eb168d7ebf5d,573ec7d5-48a9-49c8-9915-2f25fa1fe143,KXMIASNOWM-26JAN-0.1,2,0.02,545,545.0,yes,buy,buy,,,,,2026-01-20T00:43:00.26611Z,Lose
7425b94f-05a1-68c9-4ed2-b27d9aa59780,573ec7d5-48a9-49c8-9915-2f25fa1fe143,KXMIASNOWM-26JAN-0.1,2,0.02,37,37.0,yes,buy,buy,,aidenbubble,,47a01a23-91eb-4402-9aae-7a20434881ba,2026-01-20T00:42:22.688829Z,Lose
486cf1a6-cb49-6591-2d23-5e870cf3fbb1,573ec7d5-48a9-49c8-9915-2f25fa1fe143,KXMIASNOWM-26JAN-0.1,1,0.01,11,11.0,no,buy,sell,,,,,2026-01-20T00:33:48.303871Z,Lose
ce9ad9dc-54ed-5145-c47c-3c082e79c5e4,573ec7d5-48a9-49c8-9915-2f25fa1fe143,KXMIASNOWM-26JAN-0.1,2,0.02,11,11.0,yes,buy,buy,,,,,2026-01-20T00:32:17.982338Z,Lose
8dcf8e82-28a1-4e85-1a2a-09c4b518c2c8,573ec7d5-48a9-49c8-9915-2f25fa1fe143,KXMIASNOWM-26JAN-0.1,2,0.02,46,46.0,yes,buy,buy,,,,,2026-01-20T00:05:55.977806Z,Lose
198b7245-876b-4f3c-f4f8-c6b279b02020,6cd3e8fd-414f-4743-be05-a05b1d7c98a5,KXMIASNOWM-26JAN-0.5,2,0.02,46,46.0,yes,buy,buy,,,,,2026-01-20T00:01:31.772281Z,Lose
ac0cf6c6-ce39-4f71-0253-b41b2d77b860,573ec7d5-48a9-49c8-9915-2f25fa1fe143,KXMIASNOWM-26JAN-0.1,2,0.02,46,46.0,yes,buy,buy,,,,,2026-01-20T00:01:16.988262Z,Lose
8b770cdd-0501-6851-1445-f5aab0ae29dc,573ec7d5-48a9-49c8-9915-2f25fa1fe143,KXMIASNOWM-26JAN-0.1,2,0.02,233,233.0,yes,buy,buy,,,,,2026-01-19T23:51:55.089519Z,Lose
8c985783-d961-75f1-40cc-fc0865fa2a94,573ec7d5-48a9-49c8-9915-2f25fa1fe143,KXMIASNOWM-26JAN-0.1,2,0.02,7,7.0,yes,buy,buy,,,,,2026-01-19T23:32:06.348515Z,Lose
c0e280b9-792d-4575-6526-270c76324430,573ec7d5-48a9-49c8-9915-2f25fa1fe143,KXMIASNOWM-26JAN-0.1,2,0.02,105,105.0,yes,buy,buy,,clue.skin,,185e32d6-33e0-4dc6-83c6-92e8f3580e04,2026-01-19T23:18:47.050552Z,Lose
3395ed20-0afd-7abc-f67c-85417f6d27b4,864405f4-6eb2-4335-8dc9-f658913b3905,KXMIASNOWM-26JAN-1.0,1,0.01,467,467.0,yes,buy,buy,,,,,2026-01-19T23:12:14.418353Z,Lose
df8e788a-74fb-6c2c-24b7-e2fd43059d98,6cd3e8fd-414f-4743-be05-a05b1d7c98a5,KXMIASNOWM-26JAN-0.5,2,0.02,233,233.0,yes,buy,buy,,,,,2026-01-19T23:11:58.056058Z,Lose
2278d8f2-dd2d-44e5-f07c-6f905bafb348,573ec7d5-48a9-49c8-9915-2f25fa1fe143,KXMIASNOWM-26JAN-0.1,2,0.02,233,233.0,yes,buy,buy,,,,,2026-01-19T23:08:54.418925Z,Lose
1fc861be-0ce5-4f25-19df-49e3926f9d98,573ec7d5-48a9-49c8-9915-2f25fa1fe143,KXMIASNOWM-26JAN-0.1,2,0.02,25,25.0,yes,buy,buy,,,,,2026-01-19T23:07:54.603316Z,Lose
2c398f6e-10a1-5895-6594-d739584a6ec4,573ec7d5-48a9-49c8-9915-2f25fa1fe143,KXMIASNOWM-26JAN-0.1,2,0.02,467,467.0,yes,buy,buy,,,,,2026-01-19T22:56:49.4491Z,Lose
6c66e519-ed89-4345-b033-e9960adfc0c8,573ec7d5-48a9-49c8-9915-2f25fa1fe143,KXMIASNOWM-26JAN-0.1,2,0.02,233,233.0,yes,buy,buy,,,,,2026-01-19T22:29:37.794472Z,Lose
ebafa378-df9d-46d1-1391-bfe8233b5ca8,573ec7d5-48a9-49c8-9915-2f25fa1fe143,KXMIASNOWM-26JAN-0.1,2,0.02,233,233.0,yes,buy,buy,,,,,2026-01-19T22:20:16.331268Z,Lose
591d78c7-b5c9-4fd8-8fec-8b0a04c6b248,864405f4-6eb2-4335-8dc9-f658913b3905,KXMIASNOWM-26JAN-1.0,1,0.01,93,93.0,yes,buy,buy,,staff.branch,,baf3217f-10fd-4d8e-9667-af83489bb6ff,2026-01-19T21:05:41.471969Z,Lose
33e24bec-60d5-650c-74d1-a180c3051c14,864405f4-6eb2-4335-8dc9-f658913b3905,KXMIASNOWM-26JAN-1.0,1,0.01,207,207.0,yes,buy,buy,,,,,2026-01-19T20:47:31.784639Z,Lose
39794219-37f5-68d5-5e2c-fc4bfe300f10,573ec7d5-48a9-49c8-9915-2f25fa1fe143,KXMIASNOWM-26JAN-0.1,2,0.02,467,467.0,yes,buy,buy,,SecretDiamond64,,bc68574a-10e0-4eff-99a6-038bd93dc4bc,2026-01-19T18:46:17.44014Z,Lose
b3c9ef7d-1dd9-7a01-1a54-2de6e1a4f718,573ec7d5-48a9-49c8-9915-2f25fa1fe143,KXMIASNOWM-26JAN-0.1,2,0.02,20,20.0,yes,buy,buy,,zazaboyss,,7104e2d7-cdf0-487a-97a5-e8d7d039ddda,2026-01-19T18:46:12.051255Z,Lose
65edd7aa-18f5-5559-bf78-ee48a2ab1bc8,573ec7d5-48a9-49c8-9915-2f25fa1fe143,KXMIASNOWM-26JAN-0.1,2,0.02,467,467.0,yes,buy,buy,,,,,2026-01-19T18:03:15.603759Z,Lose
bbd921e2-18f0-47a7-91f0-d922a37a5f1a,573ec7d5-48a9-49c8-9915-2f25fa1fe143,KXMIASNOWM-26JAN-0.1,1,0.01,46,46.0,no,sell,sell,,mild.kind,,38b597b1-aa23-4444-88fd-940097f3ca9e,2026-01-19T17:22:04.476319Z,Lose
67649690-3e19-64a9-de0d-8d1c24c6b844,573ec7d5-48a9-49c8-9915-2f25fa1fe143,KXMIASNOWM-26JAN-0.1,2,0.02,46,46.0,yes,buy,buy,,mild.kind,,38b597b1-aa23-4444-88fd-940097f3ca9e,2026-01-19T17:12:55.928421Z,Lose
6b7b17bf-9e99-60c0-13cc-92d988aa6948,864405f4-6eb2-4335-8dc9-f658913b3905,KXMIASNOWM-26JAN-1.0,1,0.01,561,561.0,yes,buy,buy,,trust.style,,b5fe963e-7f35-48c8-b22c-7cb0bb477913,2026-01-19T16:56:51.269215Z,Lose
58e64437-93e5-7add-85b8-d53952a23870,573ec7d5-48a9-49c8-9915-2f25fa1fe143,KXMIASNOWM-26JAN-0.1,2,0.02,233,233.0,yes,buy,buy,,,,,2026-01-19T16:25:51.080486Z,Lose
91240478-ddbd-77d9-7765-4bd199be60b0,573ec7d5-48a9-49c8-9915-2f25fa1fe143,KXMIASNOWM-26JAN-0.1,2,0.02,93,93.0,yes,buy,buy,,,,,2026-01-19T16:16:39.956685Z,Lose
75090224-8445-62c5-842d-e4bdc8012f8c,573ec7d5-48a9-49c8-9915-2f25fa1fe143,KXMIASNOWM-26JAN-0.1,2,0.02,93,93.0,yes,buy,buy,,,,,2026-01-19T16:10:29.609737Z,Lose
60152270-884b-69e4-164c-f0fe82345e54,6cd3e8fd-414f-4743-be05-a05b1d7c98a5,KXMIASNOWM-26JAN-0.5,2,0.02,39,39.0,yes,buy,buy,,,,,2026-01-19T15:36:27.460138Z,Lose
09e92e21-4854-5363-35c7-c66423ffc5ea,573ec7d5-48a9-49c8-9915-2f25fa1fe143,KXMIASNOWM-26JAN-0.1,1,0.01,38,38.0,no,sell,sell,,,,,2026-01-19T15:36:17.868243Z,Lose
b8d369c5-3094-62cf-cdf5-8a8d6819afde,573ec7d5-48a9-49c8-9915-2f25fa1fe143,KXMIASNOWM-26JAN-0.1,1,0.01,46,46.0,no,sell,sell,,rivera.arm,,e6eecdcc-f125-47a7-a5a2-38149992d814,2026-01-19T15:34:57.973009Z,Lose
18d9ecaa-ef45-7f05-ef92-a9fcaea94d54,573ec7d5-48a9-49c8-9915-2f25fa1fe143,KXMIASNOWM-26JAN-0.1,2,0.02,233,233.0,yes,buy,buy,,bad.waist,,287a21cf-182a-4b50-8308-e343ba9384ba,2026-01-19T15:27:06.117228Z,Lose
b5fa8cf5-8915-5d5d-4c49-89e3234ef168,573ec7d5-48a9-49c8-9915-2f25fa1fe143,KXMIASNOWM-26JAN-0.1,2,0.02,23,23.0,yes,buy,buy,,,,,2026-01-19T15:26:42.066874Z,Lose
0c982434-cee1-45a1-fbbe-74a1af4a6268,573ec7d5-48a9-49c8-9915-2f25fa1fe143,KXMIASNOWM-26JAN-0.1,2,0.02,467,467.0,yes,buy,buy,,iseeme,,3d3e4ade-4a65-40c7-b9e7-35a9a0891fd0,2026-01-19T15:21:33.246794Z,Lose
fe2b68da-72a5-53d1-e1bc-7aad4f77b8e0,573ec7d5-48a9-49c8-9915-2f25fa1fe143,KXMIASNOWM-26JAN-0.1,2,0.02,23,23.0,yes,buy,buy,,,,,2026-01-19T15:21:29.215356Z,Lose
e33b89b6-d50d-6ec1-96b9-67f575e8e0cc,573ec7d5-48a9-49c8-9915-2f25fa1fe143,KXMIASNOWM-26JAN-0.1,2,0.02,46,46.0,yes,buy,buy,,,,,2026-01-19T14:40:29.148846Z,Lose
3a579a5a-aed5-478d-89cb-4ebbac00a5cc,573ec7d5-48a9-49c8-9915-2f25fa1fe143,KXMIASNOWM-26JAN-0.1,2,0.02,233,233.0,yes,buy,buy,,,,,2026-01-19T14:39:36.90866Z,Lose
a86028cf-dac5-62b0-f1e2-1d1be02ffb4c,864405f4-6eb2-4335-8dc9-f658913b3905,KXMIASNOWM-26JAN-1.0,1,0.01,1028,1028.0,yes,buy,buy,,,,,2026-01-19T13:49:43.822114Z,Lose
90b1b034-f608-7f3f-b429-8de4796c305e,573ec7d5-48a9-49c8-9915-2f25fa1fe143,KXMIASNOWM-26JAN-0.1,1,0.01,93,93.0,no,sell,sell,,,,,2026-01-19T13:42:21.001743Z,Lose
d28f9f50-f5f8-40fb-a180-762b64fe2a62,573ec7d5-48a9-49c8-9915-2f25fa1fe143,KXMIASNOWM-26JAN-0.1,1,0.01,60,60.0,no,sell,sell,,,,,2026-01-19T13:39:28.462968Z,Lose
93a10086-0ce1-70d9-10e8-d6c3a81d48ac,573ec7d5-48a9-49c8-9915-2f25fa1fe143,KXMIASNOWM-26JAN-0.1,2,0.02,46,46.0,yes,buy,buy,,,,,2026-01-19T13:31:38.118793Z,Lose
7d0adaa1-b47d-72fd-89f3-c25cf2d6fb08,573ec7d5-48a9-49c8-9915-2f25fa1fe143,KXMIASNOWM-26JAN-0.1,2,0.02,46,46.0,yes,buy,buy,,,,,2026-01-19T13:27:17.817673Z,Lose
a3a7bbcb-cf86-6834-475c-e15bec894945,573ec7d5-48a9-49c8-9915-2f25fa1fe143,KXMIASNOWM-26JAN-0.1,2,0.02,18,18.0,no,buy,buy,,,,,2026-01-19T13:05:21.749751Z,Win
89761bd8-320f-649e-5057-93742c3a87cf,573ec7d5-48a9-49c8-9915-2f25fa1fe143,KXMIASNOWM-26JAN-0.1,2,0.02,473,473.0,no,buy,buy,,,,,2026-01-19T13:05:21.749751Z,Win
22844e17-1a79-6ea0-264a-477bf2d1696c,864405f4-6eb2-4335-8dc9-f658913b3905,KXMIASNOWM-26JAN-1.0,1,0.01,93,93.0,yes,buy,buy,,,,,2026-01-19T13:01:49.516523Z,Lose
35bf247c-081c-44cf-528c-486937ac1c65,573ec7d5-48a9-49c8-9915-2f25fa1fe143,KXMIASNOWM-26JAN-0.1,3,0.03,31,31.0,yes,buy,buy,,rich.nametun,,c14229ec-4c7b-4463-914b-cd93c93d2968,2026-01-19T12:42:01.371363Z,Lose
d57b8483-ad48-6037-5e8c-0364b8b6c07d,573ec7d5-48a9-49c8-9915-2f25fa1fe143,KXMIASNOWM-26JAN-0.1,3,0.03,62,62.0,yes,buy,buy,,tacticalvudu,,68a9b146-006c-4b51-85de-d4254aae2659,2026-01-19T12:30:29.314266Z,Lose
3e48071a-d76d-5b04-d679-311a5d63c95c,864405f4-6eb2-4335-8dc9-f658913b3905,KXMIASNOWM-26JAN-1.0,1,0.01,187,187.0,yes,buy,buy,,,,,2026-01-19T11:53:42.958318Z,Lose
afdfeaf1-8250-5af3-21d3-0399d6840709,573ec7d5-48a9-49c8-9915-2f25fa1fe143,KXMIASNOWM-26JAN-0.1,3,0.03,936,936.0,yes,buy,buy,,,,,2026-01-19T11:43:48.187253Z,Lose
2eb38c5d-c34c-6c97-c266-8410f16205c5,573ec7d5-48a9-49c8-9915-2f25fa1fe143,KXMIASNOWM-26JAN-0.1,3,0.03,1058,1058.0,yes,buy,buy,,deanster,,608c30b8-bff9-4c51-926e-ef1f70e400af,2026-01-19T11:08:29.905897Z,Lose
95c0c5cc-1d40-59fb-f1f2-e00dac37f6e5,573ec7d5-48a9-49c8-9915-2f25fa1fe143,KXMIASNOWM-26JAN-0.1,2,0.02,105,105.0,yes,sell,buy,,stackCheese,,93b9a5c7-49af-4737-b444-0fca78b9e5da,2026-01-19T10:06:27.245968Z,Lose
ed67016e-c720-53a3-592f-e690e8d05e76,6cd3e8fd-414f-4743-be05-a05b1d7c98a5,KXMIASNOWM-26JAN-0.5,3,0.03,31,31.0,yes,buy,buy,,,,,2026-01-19T09:46:50.788273Z,Lose
a677d786-2eb0-7aef-29b9-9cd8cc86481d,573ec7d5-48a9-49c8-9915-2f25fa1fe143,KXMIASNOWM-26JAN-0.1,2,0.02,93,93.0,yes,sell,buy,,jessi.louise,,c17382d0-34c7-4f5a-8551-deb67e37fd50,2026-01-19T09:45:13.398842Z,Lose
ccc17509-2b24-6cf3-91f8-df097ce5bffe,6cd3e8fd-414f-4743-be05-a05b1d7c98a5,KXMIASNOWM-26JAN-0.5,3,0.03,62,62.0,yes,buy,buy,,jessi.louise,,c17382d0-34c7-4f5a-8551-deb67e37fd50,2026-01-19T09:44:56.303236Z,Lose
f61bc721-d788-59af-dc2a-b2f73a658805,573ec7d5-48a9-49c8-9915-2f25fa1fe143,KXMIASNOWM-26JAN-0.1,3,0.03,95,95.0,yes,buy,buy,,,,,2026-01-19T09:39:10.121693Z,Lose
3f1be93e-1b83-5531-d750-1ee7d6a0e180,573ec7d5-48a9-49c8-9915-2f25fa1fe143,KXMIASNOWM-26JAN-0.1,2,0.02,90,90.0,yes,sell,buy,,,,,2026-01-19T09:39:10.121693Z,Lose
1cc82228-858d-5cd4-11ec-9b7a213705a0,864405f4-6eb2-4335-8dc9-f658913b3905,KXMIASNOWM-26JAN-1.0,1,0.01,93,93.0,yes,buy,buy,,,,,2026-01-19T08:50:17.714926Z,Lose
ca7fbe2b-e2cf-71a9-9d3f-1e4e100c73e4,573ec7d5-48a9-49c8-9915-2f25fa1fe143,KXMIASNOWM-26JAN-0.1,2,0.02,93,93.0,yes,sell,buy,,,,,2026-01-19T08:39:28.908794Z,Lose
d2fbf044-8989-50c4-a1a2-ffd1ca3c5ccc,864405f4-6eb2-4335-8dc9-f658913b3905,KXMIASNOWM-26JAN-1.0,1,0.01,93,93.0,yes,buy,buy,,,,,2026-01-19T08:39:18.94632Z,Lose
f3b12957-1949-6d74-c493-34c6a9fc16d0,864405f4-6eb2-4335-8dc9-f658913b3905,KXMIASNOWM-26JAN-1.0,1,0.01,93,93.0,yes,buy,buy,,,,,2026-01-19T08:33:51.40417Z,Lose
f98d1c18-f7fb-4f4d-cdcd-8e626522da88,573ec7d5-48a9-49c8-9915-2f25fa1fe143,KXMIASNOWM-26JAN-0.1,2,0.02,70,70.0,yes,buy,buy,,path.straw,,c78a6a34-4d49-4a85-8107-88a5e5ccaf36,2026-01-19T08:30:36.163149Z,Lose
f860e054-e0a0-4d49-e489-c54be1d811cb,573ec7d5-48a9-49c8-9915-2f25fa1fe143,KXMIASNOWM-26JAN-0.1,2,0.02,303,303.0,yes,sell,buy,,path.straw,,c78a6a34-4d49-4a85-8107-88a5e5ccaf36,2026-01-19T08:30:36.163149Z,Lose
d9796778-3650-4c33-d916-ce8822c673f9,573ec7d5-48a9-49c8-9915-2f25fa1fe143,KXMIASNOWM-26JAN-0.1,3,0.03,63,63.0,yes,buy,buy,,path.straw,,c78a6a34-4d49-4a85-8107-88a5e5ccaf36,2026-01-19T08:30:36.163149Z,Lose
cfefa45f-39f0-4143-ec3a-34d4686be862,6cd3e8fd-414f-4743-be05-a05b1d7c98a5,KXMIASNOWM-26JAN-0.5,3,0.03,15,15.0,yes,buy,buy,,,,,2026-01-19T08:20:01.397177Z,Lose
fd99cb74-9bf1-71b0-c484-077d610ec720,864405f4-6eb2-4335-8dc9-f658913b3905,KXMIASNOWM-26JAN-1.0,1,0.01,467,467.0,yes,buy,buy,,Kaan.ozturk,,d7ed2893-3958-45b0-923d-25132947e39e,2026-01-19T08:09:05.066519Z,Lose
3623a7ff-a5bf-5ded-8c03-32b0b0527d74,573ec7d5-48a9-49c8-9915-2f25fa1fe143,KXMIASNOWM-26JAN-0.1,2,0.02,93,93.0,yes,buy,buy,,MaxBetXz,,fb09c3a1-dc71-4ab1-be65-98cebc4eb386,2026-01-19T07:21:02.565846Z,Lose
e3e16a7e-f667-5b85-1fe8-4d797c6543a4,573ec7d5-48a9-49c8-9915-2f25fa1fe143,KXMIASNOWM-26JAN-0.1,2,0.02,467,467.0,yes,buy,buy,,door.league,,bf864ea2-b33b-4cd6-afd4-9b226905fe4b,2026-01-19T07:19:09.973868Z,Lose
bb453b84-6707-66fd-a6a9-40cc9121da70,573ec7d5-48a9-49c8-9915-2f25fa1fe143,KXMIASNOWM-26JAN-0.1,2,0.02,211,211.0,yes,buy,buy,,Hyperbole.Investments,,2381cb4e-48e6-4ee9-8040-1ae8a5bf8cf7,2026-01-19T06:32:02.710427Z,Lose
53ea6452-742d-52f0-e329-ae9b545e7e2c,864405f4-6eb2-4335-8dc9-f658913b3905,KXMIASNOWM-26JAN-1.0,1,0.01,187,187.0,yes,buy,buy,,,,,2026-01-19T06:28:08.240064Z,Lose
0373cef3-5d4f-5dad-6b1d-fc9184f9fae4,573ec7d5-48a9-49c8-9915-2f25fa1fe143,KXMIASNOWM-26JAN-0.1,2,0.02,93,93.0,yes,buy,buy,,,,,2026-01-19T06:27:57.399868Z,Lose
114e77d4-4d37-5a3d-5f8c-9a0b92803cf4,573ec7d5-48a9-49c8-9915-2f25fa1fe143,KXMIASNOWM-26JAN-0.1,2,0.02,187,187.0,yes,buy,buy,,,,,2026-01-19T06:26:02.822897Z,Lose
dea55f0a-3d07-77c5-a939-687439ab44e8,573ec7d5-48a9-49c8-9915-2f25fa1fe143,KXMIASNOWM-26JAN-0.1,2,0.02,467,467.0,yes,buy,buy,,,,,2026-01-19T06:04:25.443246Z,Lose
4ad8c7ac-0925-432c-3e57-1b2f278307d4,864405f4-6eb2-4335-8dc9-f658913b3905,KXMIASNOWM-26JAN-1.0,1,0.01,93,93.0,yes,buy,buy,,rivera.arm,,e6eecdcc-f125-47a7-a5a2-38149992d814,2026-01-19T05:48:40.287514Z,Lose
6602a458-b0c7-5e4d-7ae9-1e22d48649a8,573ec7d5-48a9-49c8-9915-2f25fa1fe143,KXMIASNOWM-26JAN-0.1,2,0.02,46,46.0,yes,buy,buy,,rivera.arm,,e6eecdcc-f125-47a7-a5a2-38149992d814,2026-01-19T05:48:30.343342Z,Lose
5f38a360-74e7-483d-c282-c6b23725d2c0,573ec7d5-48a9-49c8-9915-2f25fa1fe143,KXMIASNOWM-26JAN-0.1,2,0.02,233,233.0,yes,buy,buy,,,,,2026-01-19T05:09:09.099221Z,Lose
7a416700-1410-6a0f-69d0-f117cd322fa2,573ec7d5-48a9-49c8-9915-2f25fa1fe143,KXMIASNOWM-26JAN-0.1,1,0.01,62,62.0,no,sell,sell,,AA27,,777a39be-a930-4868-ab93-4f7f77e3a776,2026-01-19T05:05:26.405426Z,Lose
081c5df5-72b3-7bfd-f793-5673ff22f972,6cd3e8fd-414f-4743-be05-a05b1d7c98a5,KXMIASNOWM-26JAN-0.5,2,0.02,7,7.0,yes,buy,buy,,seabas56,,513793fd-9fe5-4008-b814-eb7881dc09d0,2026-01-19T05:02:04.77066Z,Lose
ea5a89aa-9399-781c-f212-f68f6c250110,864405f4-6eb2-4335-8dc9-f658913b3905,KXMIASNOWM-26JAN-1.0,1,0.01,13,13.0,yes,buy,buy,,seabas56,,513793fd-9fe5-4008-b814-eb7881dc09d0,2026-01-19T05:01:50.051889Z,Lose
4d8d6d19-403f-5689-eaa9-6239641bc780,573ec7d5-48a9-49c8-9915-2f25fa1fe143,KXMIASNOWM-26JAN-0.1,2,0.02,15,15.0,yes,buy,buy,,seabas56,,513793fd-9fe5-4008-b814-eb7881dc09d0,2026-01-19T05:01:18.433287Z,Lose
06be77d7-0d8b-4375-480f-d4af64dd2be8,573ec7d5-48a9-49c8-9915-2f25fa1fe143,KXMIASNOWM-26JAN-0.1,2,0.02,140,140.0,yes,buy,buy,,world.luck,,d1aa4fe4-8fc3-4023-bfbe-5fd9b6431afa,2026-01-19T04:48:41.37975Z,Lose
70862a22-c57f-4225-5810-3e6aa43439d8,573ec7d5-48a9-49c8-9915-2f25fa1fe143,KXMIASNOWM-26JAN-0.1,2,0.02,33,33.0,yes,buy,buy,,jitlithim,,be5ff9b2-945d-4b7f-9dc4-cbbd4d324e09,2026-01-19T04:47:52.164587Z,Lose
ea2fdb67-1457-4eed-027e-3e7ff426dd74,573ec7d5-48a9-49c8-9915-2f25fa1fe143,KXMIASNOWM-26JAN-0.1,2,0.02,93,93.0,yes,buy,buy,,world.luck,,d1aa4fe4-8fc3-4023-bfbe-5fd9b6431afa,2026-01-19T04:43:08.946974Z,Lose
8a69f8e0-4ed7-6ec9-9244-427f7f77e5e0,573ec7d5-48a9-49c8-9915-2f25fa1fe143,KXMIASNOWM-26JAN-0.1,2,0.02,140,140.0,yes,buy,buy,,world.luck,,d1aa4fe4-8fc3-4023-bfbe-5fd9b6431afa,2026-01-19T04:39:32.705897Z,Lose
bea0a455-f7b7-76f1-1d8e-e27c59a85812,6cd3e8fd-414f-4743-be05-a05b1d7c98a5,KXMIASNOWM-26JAN-0.5,2,0.02,233,233.0,yes,buy,buy,,,,,2026-01-19T04:03:09.83575Z,Lose
d310c4cd-3d0b-5bcd-ddde-02b00218947c,573ec7d5-48a9-49c8-9915-2f25fa1fe143,KXMIASNOWM-26JAN-0.1,2,0.02,2433,2433.0,yes,buy,buy,,dancingdave,,6154db0b-5f80-460c-91c9-e3200402ee72,2026-01-19T04:02:04.728008Z,Lose
87e24ce6-4303-5435-38bd-02c254c1b3c4,573ec7d5-48a9-49c8-9915-2f25fa1fe143,KXMIASNOWM-26JAN-0.1,2,0.02,46,46.0,yes,buy,buy,,just.bug,,069bc490-8cc0-4558-a8e7-429095006218,2026-01-19T03:54:09.163081Z,Lose
23a5fcb1-8cfb-7785-6872-09d142553e0c,573ec7d5-48a9-49c8-9915-2f25fa1fe143,KXMIASNOWM-26JAN-0.1,2,0.02,233,233.0,yes,buy,buy,,,,,2026-01-19T03:10:31.287884Z,Lose
d6ef5a1a-96af-5bd9-c915-a3437d5779be,6cd3e8fd-414f-4743-be05-a05b1d7c98a5,KXMIASNOWM-26JAN-0.5,2,0.02,46,46.0,yes,buy,buy,,look.hitlana,,9c701e46-a708-453f-a23a-fd34d4a0c4f4,2026-01-19T03:07:56.14756Z,Lose
60c3898d-9ecb-53e5-bd17-65ce31afc416,6cd3e8fd-414f-4743-be05-a05b1d7c98a5,KXMIASNOWM-26JAN-0.5,2,0.02,233,233.0,yes,buy,buy,,,,,2026-01-19T03:03:50.96899Z,Lose
39c6805f-d9f0-66a3-8619-bf061cd9c0b9,573ec7d5-48a9-49c8-9915-2f25fa1fe143,KXMIASNOWM-26JAN-0.1,3,0.03,62,62.0,yes,buy,buy,,,,,2026-01-19T02:38:25.942792Z,Lose
fa3f2368-a345-709f-7a04-53bee83ed1e7,864405f4-6eb2-4335-8dc9-f658913b3905,KXMIASNOWM-26JAN-1.0,1,0.01,702,702.0,yes,buy,buy,,,,,2026-01-19T02:35:35.877966Z,Lose
6f771b56-9d9d-7138-5296-7fa05397c458,864405f4-6eb2-4335-8dc9-f658913b3905,KXMIASNOWM-26JAN-1.0,1,0.01,215,215.0,yes,buy,buy,,,,,2026-01-19T02:35:35.877966Z,Lose
5a9a4ddc-00a2-7668-7d2c-f55b29a9021e,864405f4-6eb2-4335-8dc9-f658913b3905,KXMIASNOWM-26JAN-1.0,1,0.01,18,18.0,yes,sell,buy,wallstreetwolf88,,9f9e51d6-fe98-4e42-b239-762b8a42f4a1,,2026-01-19T02:35:35.877966Z,Lose
328ba74d-1010-468b-e9a1-ffc07cf65209,573ec7d5-48a9-49c8-9915-2f25fa1fe143,KXMIASNOWM-26JAN-0.1,3,0.03,31,31.0,yes,buy,buy,,dbiiird,,f3275e57-e8f6-4efb-88c2-c8a3e44451e2,2026-01-19T02:35:06.608864Z,Lose
632b7623-9de1-7097-a671-d1be66ec3d1f,864405f4-6eb2-4335-8dc9-f658913b3905,KXMIASNOWM-26JAN-1.0,1,0.01,187,187.0,yes,buy,buy,,dbiiird,,f3275e57-e8f6-4efb-88c2-c8a3e44451e2,2026-01-19T02:34:25.397931Z,Lose
df69becf-edf4-6c27-dd36-00df1b6dfcf1,573ec7d5-48a9-49c8-9915-2f25fa1fe143,KXMIASNOWM-26JAN-0.1,3,0.03,23,23.0,yes,buy,buy,,,,,2026-01-19T02:29:33.362129Z,Lose
653f79bf-0f90-549f-c44b-5fad93dc9af2,6cd3e8fd-414f-4743-be05-a05b1d7c98a5,KXMIASNOWM-26JAN-0.5,3,0.03,15,15.0,yes,buy,buy,,pain.cry,,02b50475-5176-42f0-a901-31148aba2739,2026-01-19T02:22:11.817081Z,Lose
67eeff97-5219-57af-d03d-6c77b84dfabf,864405f4-6eb2-4335-8dc9-f658913b3905,KXMIASNOWM-26JAN-1.0,1,0.01,10,10.0,yes,buy,buy,,,,,2026-01-19T02:06:47.241322Z,Lose
d1cdbe91-f484-4077-d5c6-db4e6a13dbf9,573ec7d5-48a9-49c8-9915-2f25fa1fe143,KXMIASNOWM-26JAN-0.1,3,0.03,15,15.0,yes,buy,buy,,seabas56,,513793fd-9fe5-4008-b814-eb7881dc09d0,2026-01-19T02:03:55.479559Z,Lose
e920b5e0-96f8-52cb-7435-9934f8837a7e,6cd3e8fd-414f-4743-be05-a05b1d7c98a5,KXMIASNOWM-26JAN-0.5,3,0.03,15,15.0,yes,buy,buy,,seabas56,,513793fd-9fe5-4008-b814-eb7881dc09d0,2026-01-19T02:03:34.223831Z,Lose
3f1fe87f-bd69-415f-2322-bc0d727ed417,864405f4-6eb2-4335-8dc9-f658913b3905,KXMIASNOWM-26JAN-1.0,1,0.01,93,93.0,yes,buy,buy,,seabas56,,513793fd-9fe5-4008-b814-eb7881dc09d0,2026-01-19T02:02:52.999339Z,Lose
4b8b882c-8ee8-54bb-69fc-9951c025d41d,573ec7d5-48a9-49c8-9915-2f25fa1fe143,KXMIASNOWM-26JAN-0.1,3,0.03,156,156.0,yes,buy,buy,,,,,2026-01-19T01:50:39.199097Z,Lose
5fcb2cd6-3560-5363-23d4-379c5896aac2,6cd3e8fd-414f-4743-be05-a05b1d7c98a5,KXMIASNOWM-26JAN-0.5,3,0.03,312,312.0,yes,buy,buy,,,,,2026-01-19T01:49:49.015449Z,Lose
d095551c-151c-49c7-3510-b6ea19daf759,573ec7d5-48a9-49c8-9915-2f25fa1fe143,KXMIASNOWM-26JAN-0.1,3,0.03,15,15.0,yes,buy,buy,,pain.cry,,02b50475-5176-42f0-a901-31148aba2739,2026-01-19T01:36:38.713485Z,Lose
509fb774-54cc-442f-8497-ee59939ff8ee,6cd3e8fd-414f-4743-be05-a05b1d7c98a5,KXMIASNOWM-26JAN-0.5,3,0.03,15,15.0,yes,buy,buy,,pain.cry,,02b50475-5176-42f0-a901-31148aba2739,2026-01-19T01:36:23.495713Z,Lose
d7282f81-309e-78d9-4be9-8a2e473d2848,6cd3e8fd-414f-4743-be05-a05b1d7c98a5,KXMIASNOWM-26JAN-0.5,2,0.02,1997,1997.0,yes,buy,buy,,,,,2026-01-19T01:36:15.612646Z,Lose
647155da-7a5c-7eb3-4160-fe8bbac24dba,6cd3e8fd-414f-4743-be05-a05b1d7c98a5,KXMIASNOWM-26JAN-0.5,3,0.03,228,228.0,yes,buy,buy,,,,,2026-01-19T01:36:15.612646Z,Lose
129707db-7806-40d9-4e51-e2b183913b50,6cd3e8fd-414f-4743-be05-a05b1d7c98a5,KXMIASNOWM-26JAN-0.5,2,0.02,46,46.0,yes,buy,buy,,new.quest,,4b4c6db4-9480-4312-aa37-e5d6703334af,2026-01-19T01:26:18.601077Z,Lose
31d00e00-2ce5-5e33-fa24-2eaa049ffa0b,864405f4-6eb2-4335-8dc9-f658913b3905,KXMIASNOWM-26JAN-1.0,1,0.01,93,93.0,yes,buy,buy,,new.quest,,4b4c6db4-9480-4312-aa37-e5d6703334af,2026-01-19T01:26:04.087269Z,Lose
59e8fbf5-03b1-601b-1e88-e5fa65663f27,864405f4-6eb2-4335-8dc9-f658913b3905,KXMIASNOWM-26JAN-1.0,1,0.01,187,187.0,yes,buy,buy,,,,,2026-01-19T01:23:13.026901Z,Lose
31cf6333-8e84-7b83-f00e-04547ff69125,573ec7d5-48a9-49c8-9915-2f25fa1fe143,KXMIASNOWM-26JAN-0.1,3,0.03,60,60.0,yes,buy,buy,,,,,2026-01-19T00:25:21.777709Z,Lose
57f50b20-ca9c-467b-3fa2-081e8461789d,573ec7d5-48a9-49c8-9915-2f25fa1fe143,KXMIASNOWM-26JAN-0.1,3,0.03,156,156.0,yes,buy,buy,,snow.brick,,9871f995-c967-451e-aeaf-3671612fe506,2026-01-19T00:25:10.044178Z,Lose
64575c22-6078-4803-3516-f8f380d87441,573ec7d5-48a9-49c8-9915-2f25fa1fe143,KXMIASNOWM-26JAN-0.1,3,0.03,62,62.0,yes,buy,buy,,AA27,,777a39be-a930-4868-ab93-4f7f77e3a776,2026-01-19T00:24:35.999206Z,Lose
974554da-88a5-5fa3-36ba-632ffdd2246b,864405f4-6eb2-4335-8dc9-f658913b3905,KXMIASNOWM-26JAN-1.0,1,0.01,93,93.0,yes,buy,buy,,,,,2026-01-18T23:46:07.784689Z,Lose
a72b6707-57aa-7961-e009-fa3edbfca1dc,6cd3e8fd-414f-4743-be05-a05b1d7c98a5,KXMIASNOWM-26JAN-0.5,2,0.02,93,93.0,yes,buy,buy,,,,,2026-01-18T23:36:34.207821Z,Lose
dc02b9fa-885c-7d37-d26d-9fb924ac5b4d,573ec7d5-48a9-49c8-9915-2f25fa1fe143,KXMIASNOWM-26JAN-0.1,3,0.03,312,312.0,yes,buy,buy,,south.town,,9d958bcb-7c50-4ad3-b4ac-a7ac8ee3c6fe,2026-01-18T23:11:59.732538Z,Lose
09040b08-c928-751f-ab9d-1190454a4f91,573ec7d5-48a9-49c8-9915-2f25fa1fe143,KXMIASNOWM-26JAN-0.1,3,0.03,10,10.0,yes,buy,buy,,,,,2026-01-18T23:10:49.989132Z,Lose
3b03c5ea-ec78-5a8b-344d-d8fe9d574ac1,573ec7d5-48a9-49c8-9915-2f25fa1fe143,KXMIASNOWM-26JAN-0.1,3,0.03,62,62.0,yes,buy,buy,,,,,2026-01-18T23:10:43.811708Z,Lose
e8c14142-6340-7b77-2451-a3a62ce5c7c5,573ec7d5-48a9-49c8-9915-2f25fa1fe143,KXMIASNOWM-26JAN-0.1,3,0.03,499,499.0,yes,buy,buy,,,,,2026-01-18T22:04:10.433688Z,Lose
8c8011d4-896c-435b-2aba-9a3a6dfc0c59,573ec7d5-48a9-49c8-9915-2f25fa1fe143,KXMIASNOWM-26JAN-0.1,3,0.03,156,156.0,yes,buy,buy,,sun.catch,,576bc515-17f1-4ace-b533-8825eb3f9248,2026-01-18T22:02:03.670589Z,Lose
9afdb18b-d48a-6fb9-cae4-464765e72154,6cd3e8fd-414f-4743-be05-a05b1d7c98a5,KXMIASNOWM-26JAN-0.5,2,0.02,233,233.0,yes,buy,buy,,sun.catch,,576bc515-17f1-4ace-b533-8825eb3f9248,2026-01-18T22:01:56.314458Z,Lose
07c17c9b-ce59-7de7-e277-7e027e16d5b3,864405f4-6eb2-4335-8dc9-f658913b3905,KXMIASNOWM-26JAN-1.0,1,0.01,467,467.0,yes,buy,buy,,sun.catch,,576bc515-17f1-4ace-b533-8825eb3f9248,2026-01-18T22:01:46.565724Z,Lose
b8bf7b19-eb6c-442f-eb4c-8a12d8434591,573ec7d5-48a9-49c8-9915-2f25fa1fe143,KXMIASNOWM-26JAN-0.1,3,0.03,312,312.0,yes,buy,buy,,,,,2026-01-18T21:55:25.289405Z,Lose
d4657fe4-d426-7cf5-6d09-e7b1c729936b,573ec7d5-48a9-49c8-9915-2f25fa1fe143,KXMIASNOWM-26JAN-0.1,3,0.03,6,6.0,yes,sell,buy,,,,,2026-01-18T21:53:33.593795Z,Lose
910817f6-28e8-730b-4629-b883a65926f1,573ec7d5-48a9-49c8-9915-2f25fa1fe143,KXMIASNOWM-26JAN-0.1,3,0.03,384,384.0,yes,buy,buy,,,,,2026-01-18T21:53:33.593795Z,Lose
79476dd8-da4d-7f3a-6fee-fed57e0e1d98,573ec7d5-48a9-49c8-9915-2f25fa1fe143,KXMIASNOWM-26JAN-0.1,3,0.03,314,314.0,yes,sell,buy,,,,,2026-01-18T21:53:33.593795Z,Lose
5e4bd94e-f7c0-712a-559e-6a63040fa22f,573ec7d5-48a9-49c8-9915-2f25fa1fe143,KXMIASNOWM-26JAN-0.1,3,0.03,5,5.0,yes,sell,buy,,,,,2026-01-18T21:53:33.593795Z,Lose
40d015f0-d71c-7904-446a-8484f2bd829f,573ec7d5-48a9-49c8-9915-2f25fa1fe143,KXMIASNOWM-26JAN-0.1,3,0.03,8,8.0,yes,sell,buy,,,,,2026-01-18T21:53:33.593795Z,Lose
c0d87d38-f23d-75de-f6b5-646685ff5fa4,573ec7d5-48a9-49c8-9915-2f25fa1fe143,KXMIASNOWM-26JAN-0.1,3,0.03,31,31.0,yes,sell,buy,,,,,2026-01-18T21:51:40.532029Z,Lose
39555a18-a48d-5df2-24fc-2e0c4ed719d4,573ec7d5-48a9-49c8-9915-2f25fa1fe143,KXMIASNOWM-26JAN-0.1,3,0.03,31,31.0,yes,sell,buy,,,,,2026-01-18T21:34:20.878868Z,Lose
a361150f-dec9-780f-1a42-ed6e6f75f66b,864405f4-6eb2-4335-8dc9-f658913b3905,KXMIASNOWM-26JAN-1.0,1,0.01,93,93.0,yes,buy,buy,,,,,2026-01-18T21:20:39.65228Z,Lose
e78d6d9c-384a-4e51-67b6-e42bd6df41a0,6cd3e8fd-414f-4743-be05-a05b1d7c98a5,KXMIASNOWM-26JAN-0.5,2,0.02,46,46.0,yes,buy,buy,,,,,2026-01-18T21:20:30.081245Z,Lose
0047a614-8fe5-6936-57ac-76acdd355854,573ec7d5-48a9-49c8-9915-2f25fa1fe143,KXMIASNOWM-26JAN-0.1,3,0.03,31,31.0,yes,sell,buy,,,,,2026-01-18T21:20:19.784152Z,Lose
fed05841-af26-5e01-29d8-bdc46ff004ec,6cd3e8fd-414f-4743-be05-a05b1d7c98a5,KXMIASNOWM-26JAN-0.5,2,0.02,18,18.0,yes,buy,buy,,,,,2026-01-18T21:17:39.826106Z,Lose
2d719c82-f851-7cfa-d072-db968c3dc908,573ec7d5-48a9-49c8-9915-2f25fa1fe143,KXMIASNOWM-26JAN-0.1,3,0.03,31,31.0,yes,sell,buy,,,,,2026-01-18T20:32:19.649524Z,Lose
54ba75de-bdbd-7f06-38d7-2c5bc0bf67a0,573ec7d5-48a9-49c8-9915-2f25fa1fe143,KXMIASNOWM-26JAN-0.1,3,0.03,31,31.0,yes,sell,buy,,,,,2026-01-18T20:06:10.445487Z,Lose
f69fc195-071a-5cf9-7aca-c22aeba2c7e4,6cd3e8fd-414f-4743-be05-a05b1d7c98a5,KXMIASNOWM-26JAN-0.5,2,0.02,46,46.0,yes,buy,buy,,,,,2026-01-18T20:05:54.641195Z,Lose
3dd125fd-62e5-510b-c0da-cb44bca1b14f,864405f4-6eb2-4335-8dc9-f658913b3905,KXMIASNOWM-26JAN-1.0,1,0.01,93,93.0,yes,buy,buy,,,,,2026-01-18T20:05:43.173992Z,Lose
de39a856-aced-64ef-0099-5e460581255b,864405f4-6eb2-4335-8dc9-f658913b3905,KXMIASNOWM-26JAN-1.0,1,0.01,42,42.0,yes,buy,buy,,,,,2026-01-18T19:55:40.872995Z,Lose
3a8037cd-ebf6-6d41-854e-de9c2128549c,6cd3e8fd-414f-4743-be05-a05b1d7c98a5,KXMIASNOWM-26JAN-0.5,2,0.02,46,46.0,yes,buy,buy,,,,,2026-01-18T19:38:04.03861Z,Lose
487438dc-0f01-6be6-8c6b-1959da31d8d4,573ec7d5-48a9-49c8-9915-2f25fa1fe143,KXMIASNOWM-26JAN-0.1,3,0.03,31,31.0,yes,sell,buy,,,,,2026-01-18T19:37:53.077121Z,Lose
5ae5676a-2819-47e7-ecf2-36070feec97f,864405f4-6eb2-4335-8dc9-f658913b3905,KXMIASNOWM-26JAN-1.0,1,0.01,9,9.0,yes,buy,buy,,cut.mess,,6683023c-a153-4aa4-ba6a-8565f2cc2bdb,2026-01-18T19:32:24.478876Z,Lose
3a87338f-6b3c-40af-4642-74490723a0f1,573ec7d5-48a9-49c8-9915-2f25fa1fe143,KXMIASNOWM-26JAN-0.1,2,0.02,3000,3000.0,yes,buy,buy,,,,,2026-01-18T19:08:47.078288Z,Lose
0fa10764-1d90-5e6f-2a6c-a55c8e98a8d1,573ec7d5-48a9-49c8-9915-2f25fa1fe143,KXMIASNOWM-26JAN-0.1,2,0.02,93,93.0,yes,buy,buy,,betterluck,,088b69d6-c142-41fd-9e2c-853f359bd934,2026-01-18T19:00:13.596616Z,Lose
0ff424c5-97a4-4131-24b3-8943f5f7cec8,6cd3e8fd-414f-4743-be05-a05b1d7c98a5,KXMIASNOWM-26JAN-0.5,1,0.01,5,5.0,no,sell,buy,heirjordan,,01c701f0-80d8-4087-821f-3d75528b575d,,2026-01-18T18:34:58.835229Z,Win
bd8a8bc6-0cbd-7c1f-93a0-f1055444b2cb,864405f4-6eb2-4335-8dc9-f658913b3905,KXMIASNOWM-26JAN-1.0,1,0.01,10,10.0,yes,buy,sell,,heirjordan,,01c701f0-80d8-4087-821f-3d75528b575d,2026-01-18T18:32:09.53373Z,Win
5eacedd2-2480-6f57-ac90-44d42111435d,573ec7d5-48a9-49c8-9915-2f25fa1fe143,KXMIASNOWM-26JAN-0.1,2,0.02,46,46.0,yes,buy,buy,,tacticalvudu,,68a9b146-006c-4b51-85de-d4254aae2659,2026-01-18T17:29:39.732317Z,Lose
9833e0a2-d589-51cb-5efe-8059745cced3,864405f4-6eb2-4335-8dc9-f658913b3905,KXMIASNOWM-26JAN-1.0,1,0.01,467,467.0,yes,buy,buy,,Clagee,,c75b4eb4-056b-4012-8943-299be83de59a,2026-01-18T17:29:28.70017Z,Lose
f6f5d4b2-241c-6d07-adfc-c99d8ca5afc9,573ec7d5-48a9-49c8-9915-2f25fa1fe143,KXMIASNOWM-26JAN-0.1,2,0.02,655,655.0,yes,buy,buy,,Eliteghost,,6695948b-d7e6-4c0e-bf67-475b906c630b,2026-01-18T17:23:18.963683Z,Lose
49f79dc7-9b44-76cb-326f-be3599658105,573ec7d5-48a9-49c8-9915-2f25fa1fe143,KXMIASNOWM-26JAN-0.1,2,0.02,467,467.0,yes,buy,buy,,,,,2026-01-18T17:20:58.113751Z,Lose
63a66a2b-7e24-71b3-4deb-2f2138fe3afd,573ec7d5-48a9-49c8-9915-2f25fa1fe143,KXMIASNOWM-26JAN-0.1,2,0.02,46,46.0,yes,buy,buy,,tacticalvudu,,68a9b146-006c-4b51-85de-d4254aae2659,2026-01-18T17:00:56.090515Z,Lose
dde1be50-fec5-7227-868d-33d25f9576e3,864405f4-6eb2-4335-8dc9-f658913b3905,KXMIASNOWM-26JAN-1.0,1,0.01,93,93.0,yes,buy,buy,,,,,2026-01-18T16:13:41.637072Z,Lose
69d28077-0b0c-74d3-3146-53d10ce68479,573ec7d5-48a9-49c8-9915-2f25fa1fe143,KXMIASNOWM-26JAN-0.1,2,0.02,46,46.0,yes,buy,buy,,glad.front,,5516d3f0-b532-4e1e-b5a2-21d68d901185,2026-01-18T16:06:29.115338Z,Lose
4a077d7a-9959-5c7f-b07f-dc45980f3f6b,864405f4-6eb2-4335-8dc9-f658913b3905,KXMIASNOWM-26JAN-1.0,1,0.01,187,187.0,yes,buy,buy,,,,,2026-01-18T15:24:20.250839Z,Lose
5d4ae703-eb8c-7077-38d9-46dc58289aad,573ec7d5-48a9-49c8-9915-2f25fa1fe143,KXMIASNOWM-26JAN-0.1,2,0.02,233,233.0,yes,buy,buy,,,,,2026-01-18T15:23:53.321799Z,Lose
eef50b7f-dca6-47bd-0a1a-f676b992d038,6cd3e8fd-414f-4743-be05-a05b1d7c98a5,KXMIASNOWM-26JAN-0.5,2,0.02,233,233.0,yes,buy,buy,,,,,2026-01-18T15:23:40.480661Z,Lose
857da013-1990-703b-cf1d-62889f744a59,573ec7d5-48a9-49c8-9915-2f25fa1fe143,KXMIASNOWM-26JAN-0.1,2,0.02,23,23.0,yes,buy,buy,,,,,2026-01-18T15:21:42.831542Z,Lose
fcd7100d-e97c-5a83-5d16-ec385ab11c31,573ec7d5-48a9-49c8-9915-2f25fa1fe143,KXMIASNOWM-26JAN-0.1,2,0.02,467,467.0,yes,buy,buy,,,,,2026-01-18T14:51:59.174519Z,Lose
929599e9-6c64-7a07-6cbf-3156b0f20769,573ec7d5-48a9-49c8-9915-2f25fa1fe143,KXMIASNOWM-26JAN-0.1,2,0.02,46,46.0,yes,buy,buy,,,,,2026-01-18T14:03:36.300973Z,Lose
da0a27f0-5b6c-458f-8913-72d02eca0b89,573ec7d5-48a9-49c8-9915-2f25fa1fe143,KXMIASNOWM-26JAN-0.1,2,0.02,46,46.0,yes,buy,buy,,,,,2026-01-18T13:51:50.713118Z,Lose
fa03c661-0492-6189-f8df-cdac4fac6460,6cd3e8fd-414f-4743-be05-a05b1d7c98a5,KXMIASNOWM-26JAN-0.5,2,0.02,46,46.0,yes,buy,buy,,seabas56,,513793fd-9fe5-4008-b814-eb7881dc09d0,2026-01-18T13:14:36.980035Z,Lose
0397f499-c6c8-7eef-7020-0a43baf83545,573ec7d5-48a9-49c8-9915-2f25fa1fe143,KXMIASNOWM-26JAN-0.1,2,0.02,40,40.0,yes,buy,buy,,seabas56,,513793fd-9fe5-4008-b814-eb7881dc09d0,2026-01-18T13:14:13.00683Z,Lose
115c6d91-0ee9-4d2b-7167-cc5341d3ce0f,864405f4-6eb2-4335-8dc9-f658913b3905,KXMIASNOWM-26JAN-1.0,1,0.01,93,93.0,yes,buy,buy,,seabas56,,513793fd-9fe5-4008-b814-eb7881dc09d0,2026-01-18T13:12:58.860585Z,Lose
28b9ab8c-b524-4eff-0849-b5827b02dfa9,573ec7d5-48a9-49c8-9915-2f25fa1fe143,KXMIASNOWM-26JAN-0.1,2,0.02,459,459.0,yes,buy,buy,,HolidayFartCruise,,2f7c7d5f-b7b8-4767-9ee4-3e89c85023de,2026-01-18T12:32:14.523952Z,Lose
2e20e307-91cc-59f3-9365-1ffecdf4e871,573ec7d5-48a9-49c8-9915-2f25fa1fe143,KXMIASNOWM-26JAN-0.1,2,0.02,233,233.0,yes,buy,buy,,clubberlang69,,2b879db2-b904-4c74-8492-252c8f0b32c4,2026-01-18T12:17:52.250009Z,Lose
4316068e-9e70-79db-34ca-9037f0bfb125,573ec7d5-48a9-49c8-9915-2f25fa1fe143,KXMIASNOWM-26JAN-0.1,2,0.02,46,46.0,yes,buy,buy,,,,,2026-01-18T11:05:56.848884Z,Lose
ee2b9ab9-44c0-6387-5d9d-669b1d1a01bd,573ec7d5-48a9-49c8-9915-2f25fa1fe143,KXMIASNOWM-26JAN-0.1,2,0.02,23,23.0,yes,buy,buy,,,,,2026-01-18T10:16:47.891982Z,Lose
499a6e2d-e9fc-624b-d54a-6e5bccc4ecb9,573ec7d5-48a9-49c8-9915-2f25fa1fe143,KXMIASNOWM-26JAN-0.1,2,0.02,5,5.0,yes,buy,buy,,seabas56,,513793fd-9fe5-4008-b814-eb7881dc09d0,2026-01-18T09:46:20.699156Z,Lose
9d42dda5-72e6-7055-7b1d-2191bf45cf50,6cd3e8fd-414f-4743-be05-a05b1d7c98a5,KXMIASNOWM-26JAN-0.5,2,0.02,187,187.0,yes,buy,buy,,spider0,,bc9a486b-e59c-4253-95e9-6288f0f8128b,2026-01-18T09:45:29.674156Z,Lose
cdf005c6-7685-5f93-4b62-77928e09bea7,864405f4-6eb2-4335-8dc9-f658913b3905,KXMIASNOWM-26JAN-1.0,1,0.01,9,9.0,yes,buy,buy,,seabas56,,513793fd-9fe5-4008-b814-eb7881dc09d0,2026-01-18T09:45:12.804154Z,Lose
fe0eae35-cb1c-788f-6dc2-d177caff1681,573ec7d5-48a9-49c8-9915-2f25fa1fe143,KXMIASNOWM-26JAN-0.1,2,0.02,233,233.0,yes,buy,buy,,spider0,,bc9a486b-e59c-4253-95e9-6288f0f8128b,2026-01-18T09:45:07.759185Z,Lose
a59e45ab-a6a9-7e83-e82e-e241d953da1f,864405f4-6eb2-4335-8dc9-f658913b3905,KXMIASNOWM-26JAN-1.0,1,0.01,467,467.0,yes,buy,buy,,spider0,,bc9a486b-e59c-4253-95e9-6288f0f8128b,2026-01-18T09:44:54.081121Z,Lose
aa7651f3-a76c-751b-d545-08c46a01eb45,573ec7d5-48a9-49c8-9915-2f25fa1fe143,KXMIASNOWM-26JAN-0.1,2,0.02,6,6.0,yes,buy,buy,,seabas56,,513793fd-9fe5-4008-b814-eb7881dc09d0,2026-01-18T09:33:41.950526Z,Lose
9df315aa-196d-6757-473a-806d47b72c47,864405f4-6eb2-4335-8dc9-f658913b3905,KXMIASNOWM-26JAN-1.0,1,0.01,25,25.0,yes,buy,buy,,seabas56,,513793fd-9fe5-4008-b814-eb7881dc09d0,2026-01-18T09:33:12.160644Z,Lose
06f5eeb1-e1a8-5723-88b0-2259d123d039,573ec7d5-48a9-49c8-9915-2f25fa1fe143,KXMIASNOWM-26JAN-0.1,2,0.02,6,6.0,yes,buy,buy,,seabas56,,513793fd-9fe5-4008-b814-eb7881dc09d0,2026-01-18T09:32:10.170451Z,Lose
97dce792-584a-68ed-5292-8db2a5fb33b0,6cd3e8fd-414f-4743-be05-a05b1d7c98a5,KXMIASNOWM-26JAN-0.5,2,0.02,4,4.0,yes,buy,buy,,seabas56,,513793fd-9fe5-4008-b814-eb7881dc09d0,2026-01-18T09:31:16.412222Z,Lose
d1a3b85a-9928-427b-0a5a-3071085ad601,573ec7d5-48a9-49c8-9915-2f25fa1fe143,KXMIASNOWM-26JAN-0.1,2,0.02,233,233.0,yes,buy,buy,,,,,2026-01-18T09:18:12.070065Z,Lose
6fa598c8-de20-7cdf-14b1-88ca352825d9,573ec7d5-48a9-49c8-9915-2f25fa1fe143,KXMIASNOWM-26JAN-0.1,2,0.02,46,46.0,yes,buy,buy,,,,,2026-01-18T09:17:49.269958Z,Lose
248ddc2e-bc74-6ce7-4151-841ca8a54105,573ec7d5-48a9-49c8-9915-2f25fa1fe143,KXMIASNOWM-26JAN-0.1,2,0.02,140,140.0,yes,buy,buy,,,,,2026-01-18T09:02:38.675478Z,Lose
120afd79-3b9e-554d-d519-a6bad2fd79ec,6cd3e8fd-414f-4743-be05-a05b1d7c98a5,KXMIASNOWM-26JAN-0.5,2,0.02,5,5.0,yes,buy,buy,,,,,2026-01-18T08:49:37.953992Z,Lose
5ad94256-1e84-7a8b-aa86-3231b7292c76,6cd3e8fd-414f-4743-be05-a05b1d7c98a5,KXMIASNOWM-26JAN-0.5,3,0.03,162,162.0,yes,buy,buy,,,,,2026-01-18T08:08:13.80332Z,Lose
4e78064e-2910-7086-bc94-c9fbb00645a7,6cd3e8fd-414f-4743-be05-a05b1d7c98a5,KXMIASNOWM-26JAN-0.5,2,0.02,2,2.0,yes,sell,buy,glitter,,5dea075a-f02a-46b6-9a4f-68683c57c13b,,2026-01-18T08:08:13.80332Z,Lose
08376f8a-fe30-7984-86d8-40c0d2a0e8cd,6cd3e8fd-414f-4743-be05-a05b1d7c98a5,KXMIASNOWM-26JAN-0.5,2,0.02,2094,2094.0,yes,buy,buy,,,,,2026-01-18T08:08:13.80332Z,Lose
b5de3755-a114-603c-732e-ef3c3f9eafb5,6cd3e8fd-414f-4743-be05-a05b1d7c98a5,KXMIASNOWM-26JAN-0.5,2,0.02,46,46.0,yes,buy,buy,,,,,2026-01-18T07:52:09.027693Z,Lose
1ad72ae3-8ebd-413b-4ffe-336ffc3259a3,864405f4-6eb2-4335-8dc9-f658913b3905,KXMIASNOWM-26JAN-1.0,1,0.01,93,93.0,yes,buy,buy,,,,,2026-01-18T07:51:59.195652Z,Lose
bd3e7ec7-8ac0-70cb-a4b0-3cf4d59df5a9,573ec7d5-48a9-49c8-9915-2f25fa1fe143,KXMIASNOWM-26JAN-0.1,2,0.02,46,46.0,yes,buy,buy,,,,,2026-01-18T07:51:48.601459Z,Lose
d1a3abd6-0475-523f-3d73-a4a2497b5c37,864405f4-6eb2-4335-8dc9-f658913b3905,KXMIASNOWM-26JAN-1.0,1,0.01,93,93.0,yes,buy,buy,,,,,2026-01-18T07:33:37.025325Z,Lose
37edd47b-b63c-4d87-6e32-262806ba2065,573ec7d5-48a9-49c8-9915-2f25fa1fe143,KXMIASNOWM-26JAN-0.1,2,0.02,233,233.0,yes,buy,buy,,,,,2026-01-18T07:10:52.421844Z,Lose
66daeb1f-9b64-52fb-9c69-54720d523f51,573ec7d5-48a9-49c8-9915-2f25fa1fe143,KXMIASNOWM-26JAN-0.1,2,0.02,46,46.0,yes,buy,buy,,,,,2026-01-18T07:03:36.990715Z,Lose
24b5642a-8e75-5adf-1eda-ab319c783d13,864405f4-6eb2-4335-8dc9-f658913b3905,KXMIASNOWM-26JAN-1.0,1,0.01,93,93.0,yes,buy,buy,,way.gene,,af1cf5d0-2e61-4829-b4f9-3375cf9c26b9,2026-01-18T06:51:34.946076Z,Lose
00abf03d-7944-4903-f34c-c96847d7aa1d,573ec7d5-48a9-49c8-9915-2f25fa1fe143,KXMIASNOWM-26JAN-0.1,2,0.02,8,8.0,yes,buy,buy,,,,,2026-01-18T06:40:15.230533Z,Lose
0c32d8c2-b4f5-5323-a9f5-a8de19a7b2bf,864405f4-6eb2-4335-8dc9-f658913b3905,KXMIASNOWM-26JAN-1.0,1,0.01,18,18.0,yes,buy,buy,,blessedtobejess,,8a69e733-2996-4bf5-9220-ddc01f1d6e1b,2026-01-18T06:35:15.965204Z,Lose
b18e5919-4b0c-5268-69f4-75cf64f45eed,6cd3e8fd-414f-4743-be05-a05b1d7c98a5,KXMIASNOWM-26JAN-0.5,2,0.02,89,89.0,yes,buy,buy,,kateprch,,63357bfa-95f5-44d7-9213-988a1ede1443,2026-01-18T06:03:34.756702Z,Lose
6f8c2db8-f868-49df-821f-8445f55b9055,573ec7d5-48a9-49c8-9915-2f25fa1fe143,KXMIASNOWM-26JAN-0.1,2,0.02,46,46.0,yes,buy,buy,,kingbob78,,bea99002-fb4f-4a82-9b50-af19bd401f83,2026-01-18T05:49:07.143708Z,Lose
7b4fb192-db8c-72b3-c731-cd3cecd0dd19,573ec7d5-48a9-49c8-9915-2f25fa1fe143,KXMIASNOWM-26JAN-0.1,2,0.02,93,93.0,yes,buy,buy,,,,,2026-01-18T04:49:15.138529Z,Lose
a3bd3b8f-2250-7b6c-a2b3-1b03af351109,6cd3e8fd-414f-4743-be05-a05b1d7c98a5,KXMIASNOWM-26JAN-0.5,2,0.02,93,93.0,yes,buy,buy,,,,,2026-01-18T04:25:34.540427Z,Lose
c5af5508-ffb4-70f7-d940-1d4c085281c1,573ec7d5-48a9-49c8-9915-2f25fa1fe143,KXMIASNOWM-26JAN-0.1,2,0.02,5,5.0,yes,buy,buy,,,,,2026-01-18T03:48:17.064545Z,Lose
2243bbad-bd90-7a88-8c9b-49d2c1bca579,6cd3e8fd-414f-4743-be05-a05b1d7c98a5,KXMIASNOWM-26JAN-0.5,2,0.02,5,5.0,yes,buy,buy,,,,,2026-01-18T03:48:17.017568Z,Lose
372a8944-74f5-5967-5a8f-03a75f65c35b,864405f4-6eb2-4335-8dc9-f658913b3905,KXMIASNOWM-26JAN-1.0,1,0.01,5,5.0,yes,buy,buy,,,,,2026-01-18T03:48:16.972969Z,Lose
b141814c-8f24-52cb-36a3-f3a6330af0f5,573ec7d5-48a9-49c8-9915-2f25fa1fe143,KXMIASNOWM-26JAN-0.1,2,0.02,5,5.0,yes,buy,buy,,,,,2026-01-18T03:47:03.233138Z,Lose
826541aa-a7bc-56c8-d2f6-dafd9da9a745,6cd3e8fd-414f-4743-be05-a05b1d7c98a5,KXMIASNOWM-26JAN-0.5,2,0.02,5,5.0,yes,buy,buy,,,,,2026-01-18T03:47:03.190483Z,Lose
39e40b6d-a7c9-5a83-1fa8-fb9cf0091dc3,864405f4-6eb2-4335-8dc9-f658913b3905,KXMIASNOWM-26JAN-1.0,1,0.01,5,5.0,yes,buy,buy,,,,,2026-01-18T03:47:03.147222Z,Lose
216bf49e-c5f8-67eb-347f-015263064109,573ec7d5-48a9-49c8-9915-2f25fa1fe143,KXMIASNOWM-26JAN-0.1,2,0.02,46,46.0,yes,buy,buy,,,,,2026-01-18T03:39:49.492889Z,Lose
7cad83c9-ddfd-417b-bc01-dea208bb2747,864405f4-6eb2-4335-8dc9-f658913b3905,KXMIASNOWM-26JAN-1.0,1,0.01,935,935.0,yes,buy,buy,,Carson.Hogue,,48c6a8a4-3a5a-4596-892a-aed8f6b4479c,2026-01-18T03:30:16.56789Z,Lose
ad56bfb3-cd60-4e13-e61f-f34aa2f7449d,573ec7d5-48a9-49c8-9915-2f25fa1fe143,KXMIASNOWM-26JAN-0.1,2,0.02,46,46.0,yes,buy,buy,,bugg56778,,04b8cb10-7730-4d11-81e7-9c4c46389a3d,2026-01-18T03:00:14.831683Z,Lose
e9c14437-9be9-65cb-8208-0b54c9713173,864405f4-6eb2-4335-8dc9-f658913b3905,KXMIASNOWM-26JAN-1.0,1,0.01,93,93.0,yes,buy,buy,,DBHouston,,8b35ab5a-4927-4ec2-b67f-66e8f3df2ca5,2026-01-18T02:48:14.657181Z,Lose
0c37cdc8-f3c8-7373-fc6e-3e1e36ba3745,573ec7d5-48a9-49c8-9915-2f25fa1fe143,KXMIASNOWM-26JAN-0.1,2,0.02,93,93.0,yes,buy,buy,,,,,2026-01-18T02:43:11.900743Z,Lose
f6c47168-798c-73bb-0656-3dacff48c0f9,573ec7d5-48a9-49c8-9915-2f25fa1fe143,KXMIASNOWM-26JAN-0.1,2,0.02,46,46.0,yes,buy,buy,,billyhargrove10,,cebea047-19d1-415d-98bc-f52d8cfdc10c,2026-01-18T01:33:59.549686Z,Lose
6777d089-4718-4ba7-0971-290ea49e4435,573ec7d5-48a9-49c8-9915-2f25fa1fe143,KXMIASNOWM-26JAN-0.1,2,0.02,46,46.0,yes,buy,buy,,,,,2026-01-18T01:00:54.064191Z,Lose
c703aa86-2ffc-49bf-f6ee-188cfb89cb7d,573ec7d5-48a9-49c8-9915-2f25fa1fe143,KXMIASNOWM-26JAN-0.1,2,0.02,4,4.0,yes,buy,buy,,,,,2026-01-17T23:50:04.565132Z,Lose
344d149d-1678-77ff-bfa8-fd2fe308ea69,573ec7d5-48a9-49c8-9915-2f25fa1fe143,KXMIASNOWM-26JAN-0.1,2,0.02,1169,1169.0,yes,buy,buy,,coffeeman1738,,2d302345-f3fe-4ac1-8743-49b1766250ea,2026-01-17T23:24:07.809595Z,Lose
18da5684-77a4-5933-ac77-05df39b6554d,573ec7d5-48a9-49c8-9915-2f25fa1fe143,KXMIASNOWM-26JAN-0.1,2,0.02,93,93.0,yes,buy,buy,,coffeeman1738,,2d302345-f3fe-4ac1-8743-49b1766250ea,2026-01-17T23:15:58.288419Z,Lose
22771a6d-53d0-7328-6bd4-9d8e3972308d,6cd3e8fd-414f-4743-be05-a05b1d7c98a5,KXMIASNOWM-26JAN-0.5,2,0.02,93,93.0,yes,buy,buy,,coffeeman1738,,2d302345-f3fe-4ac1-8743-49b1766250ea,2026-01-17T23:15:24.628537Z,Lose
6538cd6f-9ab8-6c23-31b2-c07e2827a7ad,573ec7d5-48a9-49c8-9915-2f25fa1fe143,KXMIASNOWM-26JAN-0.1,2,0.02,93,93.0,yes,buy,buy,,,,,2026-01-17T22:18:25.586078Z,Lose
1309ce83-93d4-54b7-e7fc-115b0990662d,573ec7d5-48a9-49c8-9915-2f25fa1fe143,KXMIASNOWM-26JAN-0.1,2,0.02,9,9.0,yes,buy,buy,,,,,2026-01-17T21:26:12.997883Z,Lose
d4bb3789-06d4-73f7-f195-c95bb79aecc5,573ec7d5-48a9-49c8-9915-2f25fa1fe143,KXMIASNOWM-26JAN-0.1,2,0.02,701,701.0,yes,buy,buy,,,,,2026-01-17T21:06:23.21029Z,Lose
1c9ca687-0d60-651f-e8fc-aa3c470a67f1,573ec7d5-48a9-49c8-9915-2f25fa1fe143,KXMIASNOWM-26JAN-0.1,2,0.02,225,225.0,yes,buy,buy,,dinodann,,bba2a43e-37e7-44e1-b223-15fdbba49afe,2026-01-17T20:36:29.537307Z,Lose
712a4cd4-6198-6118-d3c6-594123601a25,6cd3e8fd-414f-4743-be05-a05b1d7c98a5,KXMIASNOWM-26JAN-0.5,2,0.02,46,46.0,yes,buy,buy,,pain.cry,,02b50475-5176-42f0-a901-31148aba2739,2026-01-17T20:01:04.46082Z,Lose
8b628550-8bb8-7ae7-e28a-0395d2029769,573ec7d5-48a9-49c8-9915-2f25fa1fe143,KXMIASNOWM-26JAN-0.1,2,0.02,46,46.0,yes,buy,buy,,pain.cry,,02b50475-5176-42f0-a901-31148aba2739,2026-01-17T19:40:26.255433Z,Lose
4300ea4b-aa61-44db-d7f0-d6dafb28cfe3,864405f4-6eb2-4335-8dc9-f658913b3905,KXMIASNOWM-26JAN-1.0,1,0.01,93,93.0,yes,buy,buy,,pain.cry,,02b50475-5176-42f0-a901-31148aba2739,2026-01-17T19:40:12.677687Z,Lose
29d3e67a-1a7c-4800-fd2a-ab2557ff1bf5,6cd3e8fd-414f-4743-be05-a05b1d7c98a5,KXMIASNOWM-26JAN-0.5,2,0.02,233,233.0,yes,buy,buy,,,,,2026-01-17T19:09:26.810751Z,Lose
7afeb1aa-d80c-6c3b-b476-f05a3a1af24d,573ec7d5-48a9-49c8-9915-2f25fa1fe143,KXMIASNOWM-26JAN-0.1,2,0.02,467,467.0,yes,buy,buy,,,,,2026-01-17T18:44:42.661985Z,Lose
bc5a6ff6-bfe0-48ff-9c7e-d831f928f2fd,573ec7d5-48a9-49c8-9915-2f25fa1fe143,KXMIASNOWM-26JAN-0.1,2,0.02,93,93.0,yes,buy,buy,,,,,2026-01-17T18:08:30.568558Z,Lose
6ee836f3-27dc-77e7-9231-5962c4452809,573ec7d5-48a9-49c8-9915-2f25fa1fe143,KXMIASNOWM-26JAN-0.1,2,0.02,233,233.0,yes,buy,buy,,,,,2026-01-17T17:16:54.290522Z,Lose
30eb592e-1dac-5b87-b7f2-b630ebea6fad,573ec7d5-48a9-49c8-9915-2f25fa1fe143,KXMIASNOWM-26JAN-0.1,2,0.02,93,93.0,yes,buy,buy,,,,,2026-01-17T16:22:24.473641Z,Lose
71ede023-bc58-796b-5840-3c2b5998177d,573ec7d5-48a9-49c8-9915-2f25fa1fe143,KXMIASNOWM-26JAN-0.1,2,0.02,15,15.0,yes,buy,buy,,,,,2026-01-17T14:23:27.1279Z,Lose
e8977770-d647-4eb0-6db0-ecf706215be3,573ec7d5-48a9-49c8-9915-2f25fa1fe143,KXMIASNOWM-26JAN-0.1,1,0.01,186,186.0,no,buy,sell,,Danova28,,84c41c86-9b7e-4823-8f0b-5c7ca3077da8,2026-01-17T14:08:20.66908Z,Lose
8a9ad14b-5ad6-4a77-61f2-7b7d9be556f3,573ec7d5-48a9-49c8-9915-2f25fa1fe143,KXMIASNOWM-26JAN-0.1,1,0.01,5,5.0,no,sell,sell,heirjordan,Danova28,01c701f0-80d8-4087-821f-3d75528b575d,84c41c86-9b7e-4823-8f0b-5c7ca3077da8,2026-01-17T14:08:20.66908Z,Lose
4b39823b-d15d-4cab-4b1d-318223f69ff5,573ec7d5-48a9-49c8-9915-2f25fa1fe143,KXMIASNOWM-26JAN-0.1,1,0.01,3722,3722.0,no,sell,sell,,Danova28,,84c41c86-9b7e-4823-8f0b-5c7ca3077da8,2026-01-17T14:08:20.66908Z,Lose
64c29b24-2809-4a13-1021-29814e3ac99b,864405f4-6eb2-4335-8dc9-f658913b3905,KXMIASNOWM-26JAN-1.0,1,0.01,187,187.0,yes,buy,buy,,Scarlett.Visionary,,dc7e0c06-2d85-4412-9a8f-de8f190455b0,2026-01-17T13:58:33.439107Z,Lose
a671675b-b468-7de7-4661-061ce21ec3fd,573ec7d5-48a9-49c8-9915-2f25fa1fe143,KXMIASNOWM-26JAN-0.1,2,0.02,2339,2339.0,yes,buy,buy,,,,,2026-01-17T13:36:40.515289Z,Lose
d36e4252-88a4-6137-6894-c9725f3822ed,573ec7d5-48a9-49c8-9915-2f25fa1fe143,KXMIASNOWM-26JAN-0.1,2,0.02,65,65.0,yes,buy,buy,,,,,2026-01-17T11:43:13.684582Z,Lose
1f0ef044-2f1c-4ff3-f950-acfbbe7aa405,573ec7d5-48a9-49c8-9915-2f25fa1fe143,KXMIASNOWM-26JAN-0.1,2,0.02,46,46.0,yes,buy,buy,,,,,2026-01-17T11:06:46.966561Z,Lose
d0b19afc-6eb0-489f-5c39-4c52b88704c5,573ec7d5-48a9-49c8-9915-2f25fa1fe143,KXMIASNOWM-26JAN-0.1,2,0.02,857,857.0,yes,buy,buy,,buy.tip,,0864d9bc-e47a-410f-bd01-4e172bb9b249,2026-01-17T10:50:44.019845Z,Lose
35d4e970-d3b4-6ff3-8e18-c6e36bbf19e5,573ec7d5-48a9-49c8-9915-2f25fa1fe143,KXMIASNOWM-26JAN-0.1,2,0.02,46,46.0,yes,buy,buy,,sky.bean,,568de09a-85bf-4980-88b7-c3cc3285b4c8,2026-01-17T09:21:53.740613Z,Lose
b716cb4e-eb65-64db-3b52-393b15927373,864405f4-6eb2-4335-8dc9-f658913b3905,KXMIASNOWM-26JAN-1.0,1,0.01,93,93.0,yes,buy,buy,,sky.bean,,568de09a-85bf-4980-88b7-c3cc3285b4c8,2026-01-17T09:21:03.761578Z,Lose
e304d3be-4ed0-5bcb-0c25-1daaffb3af59,573ec7d5-48a9-49c8-9915-2f25fa1fe143,KXMIASNOWM-26JAN-0.1,2,0.02,608,608.0,yes,buy,buy,,TheNerdiest,,176ef6f7-5a39-4f04-977d-0aeb97e6129f,2026-01-17T05:53:51.78703Z,Lose
9f9e9259-6150-7547-b428-776ce5c149fd,573ec7d5-48a9-49c8-9915-2f25fa1fe143,KXMIASNOWM-26JAN-0.1,2,0.02,327,327.0,yes,buy,buy,,,,,2026-01-17T02:54:47.991774Z,Lose
752cfcc2-0ac4-6e23-4c5c-415bb91cbd7d,573ec7d5-48a9-49c8-9915-2f25fa1fe143,KXMIASNOWM-26JAN-0.1,2,0.02,46,46.0,yes,buy,buy,,grand.edge,,217ca919-86e2-487b-be68-44702bb62777,2026-01-16T23:46:42.486529Z,Lose
e40cdb01-cc68-6673-e6f0-052b729542bd,573ec7d5-48a9-49c8-9915-2f25fa1fe143,KXMIASNOWM-26JAN-0.1,2,0.02,280,280.0,yes,buy,buy,,,,,2026-01-16T22:35:45.171809Z,Lose
e4905a67-4fcc-4107-8238-c2f2ca2be035,573ec7d5-48a9-49c8-9915-2f25fa1fe143,KXMIASNOWM-26JAN-0.1,2,0.02,46,46.0,yes,buy,buy,,awax00G,,654a9adf-4b20-4f05-af02-8cecfdc69874,2026-01-16T17:58:07.279121Z,Lose
4e27bf8a-d014-7748-1d84-0aac3a349159,6cd3e8fd-414f-4743-be05-a05b1d7c98a5,KXMIASNOWM-26JAN-0.5,2,0.02,15,15.0,yes,buy,buy,,,,,2026-01-16T17:01:49.116752Z,Lose
b9b46286-5ad0-7cbc-7416-44a0962e2451,6cd3e8fd-414f-4743-be05-a05b1d7c98a5,KXMIASNOWM-26JAN-0.5,2,0.02,46,46.0,yes,buy,buy,,KRAZYxNICKOLAI,,f96abb0d-9727-4f7b-a2e5-0f771f61540d,2026-01-16T16:11:16.392142Z,Lose
fc389e32-264d-5ab7-fd0f-b0ba266193d3,864405f4-6eb2-4335-8dc9-f658913b3905,KXMIASNOWM-26JAN-1.0,1,0.01,93,93.0,yes,buy,buy,,KRAZYxNICKOLAI,,f96abb0d-9727-4f7b-a2e5-0f771f61540d,2026-01-16T16:11:03.46412Z,Lose
c1167854-8714-7673-a0d9-78f8a5894419,573ec7d5-48a9-49c8-9915-2f25fa1fe143,KXMIASNOWM-26JAN-0.1,2,0.02,46,46.0,yes,buy,buy,,KRAZYxNICKOLAI,,f96abb0d-9727-4f7b-a2e5-0f771f61540d,2026-01-16T16:10:50.474803Z,Lose
09c2e22f-1d11-599f-3f73-5c39cf652e21,573ec7d5-48a9-49c8-9915-2f25fa1fe143,KXMIASNOWM-26JAN-0.1,1,0.01,93,93.0,no,sell,sell,,,,,2026-01-16T15:35:50.716636Z,Lose
b2360d57-745c-4a9f-2751-e44f4e09957d,573ec7d5-48a9-49c8-9915-2f25fa1fe143,KXMIASNOWM-26JAN-0.1,2,0.02,140,140.0,yes,buy,buy,,,,,2026-01-16T15:22:47.593326Z,Lose
caa97337-ad81-76bf-fc04-a577f1c0cd49,573ec7d5-48a9-49c8-9915-2f25fa1fe143,KXMIASNOWM-26JAN-0.1,1,0.01,46,46.0,no,sell,sell,,,,,2026-01-16T08:48:46.467213Z,Lose
3269e9b9-be04-5db3-148b-b46fac56936d,573ec7d5-48a9-49c8-9915-2f25fa1fe143,KXMIASNOWM-26JAN-0.1,2,0.02,467,467.0,yes,buy,buy,,swingman,,c2e249f8-42fb-45b2-8130-de771db48586,2026-01-16T07:15:38.123443Z,Lose
375dd5ff-3001-620f-7c2f-8debe640d9db,864405f4-6eb2-4335-8dc9-f658913b3905,KXMIASNOWM-26JAN-1.0,1,0.01,93,93.0,yes,buy,buy,,abhi.speaks,,544c119e-1676-427d-ad9d-1d04d1556547,2026-01-16T06:08:11.003139Z,Lose
8c7a4cff-9f94-519b-8bd7-b91a067f6d51,573ec7d5-48a9-49c8-9915-2f25fa1fe143,KXMIASNOWM-26JAN-0.1,2,0.02,93,93.0,yes,buy,buy,,,,,2026-01-16T06:03:25.694472Z,Lose
ba71d5cb-12e1-5817-d913-63f8a608ff69,573ec7d5-48a9-49c8-9915-2f25fa1fe143,KXMIASNOWM-26JAN-0.1,1,0.01,56,56.0,no,sell,buy,,,,,2026-01-16T03:58:47.931024Z,Win
099c9500-0da8-66ef-6acd-352a7c7f9529,573ec7d5-48a9-49c8-9915-2f25fa1fe143,KXMIASNOWM-26JAN-0.1,2,0.02,935,935.0,yes,buy,buy,,,,,2026-01-16T01:59:08.419829Z,Lose
75778477-d629-5b13-6645-0e068814f851,573ec7d5-48a9-49c8-9915-2f25fa1fe143,KXMIASNOWM-26JAN-0.1,1,0.01,56,56.0,no,sell,buy,,,,,2026-01-16T00:26:35.820468Z,Win
3e15a877-2928-5dc3-cd38-e9814be94731,573ec7d5-48a9-49c8-9915-2f25fa1fe143,KXMIASNOWM-26JAN-0.1,2,0.02,93,93.0,yes,buy,buy,,rim.job,,93d32a7f-a19a-45b9-a7a9-fbbc5c0d58f8,2026-01-16T00:20:24.82042Z,Lose
0250acf1-9008-77e3-7f82-005dc1f0bc61,573ec7d5-48a9-49c8-9915-2f25fa1fe143,KXMIASNOWM-26JAN-0.1,2,0.02,46,46.0,yes,buy,buy,,,,,2026-01-15T22:35:37.363442Z,Lose
7b059fec-b5c9-7843-79c7-6f78b825c7ed,573ec7d5-48a9-49c8-9915-2f25fa1fe143,KXMIASNOWM-26JAN-0.1,1,0.01,27,27.0,no,sell,buy,,,,,2026-01-15T22:02:50.133558Z,Win
3fdac139-666b-728f-4d3d-0292590c09e7,573ec7d5-48a9-49c8-9915-2f25fa1fe143,KXMIASNOWM-26JAN-0.1,1,0.01,73,73.0,no,sell,buy,,,,,2026-01-15T22:02:50.133558Z,Win
9fe9b14b-ce9c-7733-252b-e59240097fbd,573ec7d5-48a9-49c8-9915-2f25fa1fe143,KXMIASNOWM-26JAN-0.1,2,0.02,23,23.0,yes,buy,buy,,,,,2026-01-15T18:20:18.332623Z,Lose
ec14d5ed-8c80-40b0-9fb5-2fd995af02c5,6cd3e8fd-414f-4743-be05-a05b1d7c98a5,KXMIASNOWM-26JAN-0.5,2,0.02,13,13.0,yes,buy,buy,,,,,2026-01-15T17:17:18.854307Z,Lose
2fd87ba4-dc10-696f-5635-f0b835dcca19,573ec7d5-48a9-49c8-9915-2f25fa1fe143,KXMIASNOWM-26JAN-0.1,2,0.02,233,233.0,yes,buy,buy,,club.gun,,d3d7e30b-a9c8-48c7-ac13-c99cc064e821,2026-01-15T17:03:32.975325Z,Lose
cb97747b-fbc0-6c7c-53a2-e28ce2e0fbf5,6cd3e8fd-414f-4743-be05-a05b1d7c98a5,KXMIASNOWM-26JAN-0.5,2,0.02,9,9.0,yes,buy,buy,,,,,2026-01-15T15:16:25.576357Z,Lose
9a318a16-f124-53af-8243-24e7e273b721,573ec7d5-48a9-49c8-9915-2f25fa1fe143,KXMIASNOWM-26JAN-0.1,2,0.02,23,23.0,yes,buy,buy,,,,,2026-01-15T03:37:20.120856Z,Lose
b31cc93f-4f14-6318-7c23-eb095ac9e961,6cd3e8fd-414f-4743-be05-a05b1d7c98a5,KXMIASNOWM-26JAN-0.5,2,0.02,46,46.0,yes,buy,buy,,mami.bee,,a6ae1301-93a5-4598-8580-ee256ad6a9b2,2026-01-15T02:40:48.024307Z,Lose
f5f0c569-a455-49df-a02d-f696c6ad8fab,864405f4-6eb2-4335-8dc9-f658913b3905,KXMIASNOWM-26JAN-1.0,1,0.01,93,93.0,yes,buy,buy,,mami.bee,,a6ae1301-93a5-4598-8580-ee256ad6a9b2,2026-01-15T02:40:30.875174Z,Lose
61d6e3ae-2e57-76af-37b6-5d888c0ba567,573ec7d5-48a9-49c8-9915-2f25fa1fe143,KXMIASNOWM-26JAN-0.1,1,0.01,93,93.0,no,sell,sell,,faint.race,,f6c67a23-d926-4fad-a69b-d68e0009dc30,2026-01-15T02:23:03.759388Z,Lose
1fc07215-8133-6df7-db5b-bd40751f3737,573ec7d5-48a9-49c8-9915-2f25fa1fe143,KXMIASNOWM-26JAN-0.1,1,0.01,46,46.0,no,sell,sell,,brush.nike,,05898705-db50-4daa-876a-c001f631def8,2026-01-14T23:24:12.660211Z,Lose
273b2102-8a11-74eb-1862-2bc6d80cb45f,864405f4-6eb2-4335-8dc9-f658913b3905,KXMIASNOWM-26JAN-1.0,1,0.01,24,24.0,yes,buy,buy,,brush.nike,,05898705-db50-4daa-876a-c001f631def8,2026-01-14T23:23:54.751521Z,Lose
2371053e-258f-479f-a65c-5657e8717027,573ec7d5-48a9-49c8-9915-2f25fa1fe143,KXMIASNOWM-26JAN-0.1,1,0.01,467,467.0,no,sell,sell,,,,,2026-01-14T22:56:38.991405Z,Lose
47449d95-ecfd-5edf-9133-e21b9178cacf,864405f4-6eb2-4335-8dc9-f658913b3905,KXMIASNOWM-26JAN-1.0,1,0.01,935,935.0,yes,buy,buy,,,,,2026-01-14T20:36:38.884024Z,Lose
6f4f9364-2624-56bc-b10b-8ad55ab9caed,6cd3e8fd-414f-4743-be05-a05b1d7c98a5,KXMIASNOWM-26JAN-0.5,2,0.02,14,14.0,yes,buy,buy,,,,,2026-01-14T17:10:06.42458Z,Lose
daec8c75-2307-4873-333d-93b562c8396f,573ec7d5-48a9-49c8-9915-2f25fa1fe143,KXMIASNOWM-26JAN-0.1,1,0.01,1,1.0,no,sell,buy,,,,,2026-01-14T16:09:58.218353Z,Win
b1ebc1a9-7eaf-4c67-07a9-5d3f553d4427,573ec7d5-48a9-49c8-9915-2f25fa1fe143,KXMIASNOWM-26JAN-0.1,1,0.01,46,46.0,no,sell,sell,,,,,2026-01-14T13:47:49.587072Z,Lose
6354b534-61d7-5a6f-7598-ca2f24dcdc83,573ec7d5-48a9-49c8-9915-2f25fa1fe143,KXMIASNOWM-26JAN-0.1,1,0.01,93,93.0,no,sell,sell,,plain.chip,,1c889b73-0b45-49ca-8d30-cc95c8fa1cfc,2026-01-14T07:41:44.567961Z,Lose
6cfd232f-c9cd-4743-0fbc-877479a49697,864405f4-6eb2-4335-8dc9-f658913b3905,KXMIASNOWM-26JAN-1.0,1,0.01,255,255.0,yes,buy,buy,,,,,2026-01-14T04:08:52.331791Z,Lose
f78e40b5-c19f-7fef-6581-7f669bdf26cb,573ec7d5-48a9-49c8-9915-2f25fa1fe143,KXMIASNOWM-26JAN-0.1,1,0.01,14,14.0,no,sell,buy,,,,,2026-01-14T03:44:03.52806Z,Win
cc13d687-ad73-406b-0b18-bd5abedd86fb,573ec7d5-48a9-49c8-9915-2f25fa1fe143,KXMIASNOWM-26JAN-0.1,1,0.01,28,28.0,no,sell,buy,,,,,2026-01-14T02:54:44.900082Z,Win
9749592d-b499-52bb-412f-d5bb1479041b,864405f4-6eb2-4335-8dc9-f658913b3905,KXMIASNOWM-26JAN-1.0,1,0.01,291,291.0,yes,buy,buy,,,,,2026-01-14T02:53:23.066727Z,Lose
3dda6909-9461-55db-08c3-c276bfa30e6b,864405f4-6eb2-4335-8dc9-f658913b3905,KXMIASNOWM-26JAN-1.0,1,0.01,93,93.0,yes,buy,buy,,,,,2026-01-14T01:00:55.021042Z,Lose
5a7c551c-f6af-48eb-41a7-6d559c33fbcf,573ec7d5-48a9-49c8-9915-2f25fa1fe143,KXMIASNOWM-26JAN-0.1,1,0.01,46,46.0,no,sell,sell,,young.play,,0d6ffe72-728c-4d8f-a749-11f511165ecf,2026-01-13T23:55:24.823201Z,Lose
fed59b0a-9175-6edb-ba78-438452239b6b,864405f4-6eb2-4335-8dc9-f658913b3905,KXMIASNOWM-26JAN-1.0,1,0.01,93,93.0,yes,buy,buy,,,,,2026-01-13T23:15:32.778816Z,Lose
d5965815-9f40-77d7-dd02-99d071af98e1,573ec7d5-48a9-49c8-9915-2f25fa1fe143,KXMIASNOWM-26JAN-0.1,2,0.02,935,935.0,yes,buy,buy,,,,,2026-01-13T21:56:48.066881Z,Lose
1bf78604-9aa8-4aff-2475-f0e1de5c2bc1,573ec7d5-48a9-49c8-9915-2f25fa1fe143,KXMIASNOWM-26JAN-0.1,2,0.02,46,46.0,yes,buy,buy,,,,,2026-01-13T20:30:23.17665Z,Lose
5ff340a5-ffd3-7173-3f06-3ed11eb046ab,573ec7d5-48a9-49c8-9915-2f25fa1fe143,KXMIASNOWM-26JAN-0.1,1,0.01,93,93.0,no,sell,sell,,,,,2026-01-13T19:46:50.536319Z,Lose
489c0939-f970-6be7-1085-8560cef6e07d,573ec7d5-48a9-49c8-9915-2f25fa1fe143,KXMIASNOWM-26JAN-0.1,2,0.02,233,233.0,yes,buy,buy,,,,,2026-01-13T19:44:16.550377Z,Lose
4bc0fc1a-3f3b-546b-3347-da806e8e1d1f,573ec7d5-48a9-49c8-9915-2f25fa1fe143,KXMIASNOWM-26JAN-0.1,1,0.01,85,85.0,no,sell,sell,,,,,2026-01-13T19:05:26.934829Z,Lose
8a2724d3-d494-40ef-695e-5cf74dabd149,573ec7d5-48a9-49c8-9915-2f25fa1fe143,KXMIASNOWM-26JAN-0.1,2,0.02,461,461.0,yes,buy,buy,,wilbal,,ad70d812-1c87-4b69-a759-625032ac0812,2026-01-13T17:51:49.412496Z,Lose
a66fca05-f887-5d67-492d-b7661f94357b,573ec7d5-48a9-49c8-9915-2f25fa1fe143,KXMIASNOWM-26JAN-0.1,1,0.01,233,233.0,no,sell,sell,,,,,2026-01-13T17:05:19.594835Z,Lose
b91c981d-09a7-498f-927d-f68e587b83ff,573ec7d5-48a9-49c8-9915-2f25fa1fe143,KXMIASNOWM-26JAN-0.1,1,0.01,5,5.0,no,sell,buy,,,,,2026-01-13T15:19:09.918741Z,Win
162ec825-f1cc-71cb-03be-cccd5e7467a9,573ec7d5-48a9-49c8-9915-2f25fa1fe143,KXMIASNOWM-26JAN-0.1,2,0.02,233,233.0,yes,buy,buy,,,,,2026-01-13T11:49:57.065701Z,Lose
fbf2d6d7-c0a8-42eb-25cb-f3a989a49481,573ec7d5-48a9-49c8-9915-2f25fa1fe143,KXMIASNOWM-26JAN-0.1,2,0.02,51,51.0,yes,buy,buy,,,,,2026-01-13T11:02:01.26463Z,Lose
4d139066-c898-4517-2aa4-c0ee282d7075,573ec7d5-48a9-49c8-9915-2f25fa1fe143,KXMIASNOWM-26JAN-0.1,2,0.02,416,416.0,yes,buy,buy,,,,,2026-01-13T11:02:01.26463Z,Lose
3f2b86a5-9520-48db-2688-808e7a617001,573ec7d5-48a9-49c8-9915-2f25fa1fe143,KXMIASNOWM-26JAN-0.1,2,0.02,46,46.0,yes,buy,buy,,,,,2026-01-13T07:27:14.727192Z,Lose
c58803f0-631c-6878-a5d8-2c3bd06cc31d,6cd3e8fd-414f-4743-be05-a05b1d7c98a5,KXMIASNOWM-26JAN-0.5,2,0.02,676,676.0,yes,buy,buy,,,,,2026-01-13T06:46:18.990566Z,Lose
28ae7627-e333-61c3-15be-b592cd77dd5b,573ec7d5-48a9-49c8-9915-2f25fa1fe143,KXMIASNOWM-26JAN-0.1,1,0.01,93,93.0,no,sell,sell,,,,,2026-01-13T05:43:11.493241Z,Lose
b330cbac-211c-502f-8446-cd0bd23a7905,573ec7d5-48a9-49c8-9915-2f25fa1fe143,KXMIASNOWM-26JAN-0.1,2,0.02,140,140.0,yes,buy,buy,,,,,2026-01-13T05:38:28.315452Z,Lose
11b8b9b3-2c18-49c7-9263-03098172c6c9,573ec7d5-48a9-49c8-9915-2f25fa1fe143,KXMIASNOWM-26JAN-0.1,2,0.02,46,46.0,yes,buy,buy,,brush.nike,,05898705-db50-4daa-876a-c001f631def8,2026-01-13T05:26:57.824682Z,Lose
f6218556-3ac4-62d7-f65e-0a6488ba3415,573ec7d5-48a9-49c8-9915-2f25fa1fe143,KXMIASNOWM-26JAN-0.1,2,0.02,93,93.0,yes,buy,buy,,flat.bulb,,3771654b-bb37-4645-9055-222155317889,2026-01-13T04:28:08.921656Z,Lose
673326f0-3874-7fdb-91d2-beec993d1285,573ec7d5-48a9-49c8-9915-2f25fa1fe143,KXMIASNOWM-26JAN-0.1,2,0.02,46,46.0,yes,buy,buy,,,,,2026-01-13T04:10:17.027253Z,Lose
e72367bd-2230-652b-4d99-bc10961b60a9,573ec7d5-48a9-49c8-9915-2f25fa1fe143,KXMIASNOWM-26JAN-0.1,2,0.02,23,23.0,yes,buy,buy,,,,,2026-01-13T03:41:25.635126Z,Lose
7070297a-bf2c-4667-2c6f-b9d82fd27dad,573ec7d5-48a9-49c8-9915-2f25fa1fe143,KXMIASNOWM-26JAN-0.1,2,0.02,46,46.0,yes,buy,buy,,,,,2026-01-13T03:10:13.012706Z,Lose
90c0e8ce-fb83-43c7-1b71-c6169c52a6df,573ec7d5-48a9-49c8-9915-2f25fa1fe143,KXMIASNOWM-26JAN-0.1,1,0.01,46,46.0,no,sell,sell,,,,,2026-01-13T03:02:45.173132Z,Lose
8dd06a24-f888-5e57-3a24-c4f0eeda3061,573ec7d5-48a9-49c8-9915-2f25fa1fe143,KXMIASNOWM-26JAN-0.1,2,0.02,46,46.0,yes,buy,buy,,,,,2026-01-13T00:59:49.117907Z,Lose
fb9f62d8-68b1-680b-f685-9a79568a0ab3,864405f4-6eb2-4335-8dc9-f658913b3905,KXMIASNOWM-26JAN-1.0,1,0.01,222,222.0,yes,buy,buy,,,,,2026-01-13T00:36:40.863748Z,Lose
d3fcc0b3-98e3-7d17-4693-9208f719b2a7,573ec7d5-48a9-49c8-9915-2f25fa1fe143,KXMIASNOWM-26JAN-0.1,1,0.01,467,467.0,no,sell,sell,,heathenhabits,,7ca388b7-8825-4bac-b4b5-186f5885aefb,2026-01-12T22:17:25.638432Z,Lose
62deb39c-31e4-55c8-e654-7da73893148d,6cd3e8fd-414f-4743-be05-a05b1d7c98a5,KXMIASNOWM-26JAN-0.5,2,0.02,46,46.0,yes,buy,buy,,,,,2026-01-12T22:15:56.589004Z,Lose
ee75a646-9691-48e7-ac13-3269dbd435e3,864405f4-6eb2-4335-8dc9-f658913b3905,KXMIASNOWM-26JAN-1.0,1,0.01,93,93.0,yes,buy,buy,,,,,2026-01-12T22:15:42.865213Z,Lose
5133c3c5-3a08-7a4f-25c7-76acd2422129,573ec7d5-48a9-49c8-9915-2f25fa1fe143,KXMIASNOWM-26JAN-0.1,2,0.02,46,46.0,yes,buy,buy,,,,,2026-01-12T22:02:33.995803Z,Lose
adcccf60-476d-6243-b4ed-8ccb80428b47,864405f4-6eb2-4335-8dc9-f658913b3905,KXMIASNOWM-26JAN-1.0,1,0.01,1870,1870.0,yes,buy,buy,,,,,2026-01-12T21:36:16.956465Z,Lose
d3929eb5-ccf7-46e3-34fe-45f7cb4428d7,573ec7d5-48a9-49c8-9915-2f25fa1fe143,KXMIASNOWM-26JAN-0.1,1,0.01,93,93.0,no,sell,sell,,crop.toll,,a90680e0-a86a-4b36-a181-f7e3ec1a4071,2026-01-12T20:51:54.748337Z,Lose
f5d9cf59-e31c-564b-e6d4-620e83b3e90d,573ec7d5-48a9-49c8-9915-2f25fa1fe143,KXMIASNOWM-26JAN-0.1,2,0.02,46,46.0,yes,buy,buy,,,,,2026-01-12T20:43:15.589928Z,Lose
9c0c758d-cc64-6527-85e3-b8ee5147a115,573ec7d5-48a9-49c8-9915-2f25fa1fe143,KXMIASNOWM-26JAN-0.1,2,0.02,467,467.0,yes,buy,buy,,,,,2026-01-12T19:11:39.111664Z,Lose
e5f2f3fa-aa4b-6b2f-c82a-dc7751913ebf,573ec7d5-48a9-49c8-9915-2f25fa1fe143,KXMIASNOWM-26JAN-0.1,1,0.01,280,280.0,no,sell,sell,,,,,2026-01-12T19:10:10.941272Z,Lose
d62233c1-ff94-503f-0880-4647172090f5,573ec7d5-48a9-49c8-9915-2f25fa1fe143,KXMIASNOWM-26JAN-0.1,2,0.02,4,4.0,yes,buy,buy,,,,,2026-01-12T18:24:25.472376Z,Lose
2a0654f1-9bdc-728f-eadb-a3b2642be3dd,573ec7d5-48a9-49c8-9915-2f25fa1fe143,KXMIASNOWM-26JAN-0.1,2,0.02,196,196.0,yes,buy,buy,,,,,2026-01-12T17:52:01.324795Z,Lose
7535a25c-3b44-78c7-7976-79e0d4180229,573ec7d5-48a9-49c8-9915-2f25fa1fe143,KXMIASNOWM-26JAN-0.1,2,0.02,233,233.0,yes,buy,buy,,,,,2026-01-12T16:32:13.083709Z,Lose
8c1d5e7b-d791-4fa3-09c7-981d35715853,864405f4-6eb2-4335-8dc9-f658913b3905,KXMIASNOWM-26JAN-1.0,1,0.01,93,93.0,yes,buy,buy,,,,,2026-01-12T16:02:04.510212Z,Lose
d2c0c1eb-76f0-4784-3ea7-86310b5a98f9,6cd3e8fd-414f-4743-be05-a05b1d7c98a5,KXMIASNOWM-26JAN-0.5,2,0.02,187,187.0,yes,buy,buy,,,,,2026-01-12T15:57:00.050605Z,Lose
de010621-224d-6edf-bdd5-22b29bda16f3,864405f4-6eb2-4335-8dc9-f658913b3905,KXMIASNOWM-26JAN-1.0,1,0.01,93,93.0,yes,buy,buy,,miami.p,,c678509b-9cf3-4d74-a9d7-c8e14a2b403a,2026-01-12T15:12:50.888877Z,Lose
64fd2197-aeec-4eab-fdeb-b86dbbf113b9,573ec7d5-48a9-49c8-9915-2f25fa1fe143,KXMIASNOWM-26JAN-0.1,2,0.02,93,93.0,yes,buy,buy,,,,,2026-01-12T14:54:14.563525Z,Lose
e9d519d0-cc08-5f5b-2848-367bf2c2ff05,573ec7d5-48a9-49c8-9915-2f25fa1fe143,KXMIASNOWM-26JAN-0.1,2,0.02,93,93.0,yes,buy,buy,,,,,2026-01-12T14:12:06.048216Z,Lose
ed88e7c9-9aa5-7cd3-9a00-1cb0c2fc8ffb,864405f4-6eb2-4335-8dc9-f658913b3905,KXMIASNOWM-26JAN-1.0,1,0.01,18,18.0,yes,buy,buy,,wallstreetwolf88,,9f9e51d6-fe98-4e42-b239-762b8a42f4a1,2026-01-12T13:55:15.441682Z,Lose
70209cc1-b401-6e9f-b918-abf93352109b,864405f4-6eb2-4335-8dc9-f658913b3905,KXMIASNOWM-26JAN-1.0,1,0.01,374,374.0,yes,buy,buy,,blank.pop,,977acda3-770d-4353-ada7-834ba98eeef8,2026-01-12T13:29:47.564946Z,Lose
31f71df5-25c4-4a07-1443-fc0c1c406469,573ec7d5-48a9-49c8-9915-2f25fa1fe143,KXMIASNOWM-26JAN-0.1,2,0.02,421,421.0,yes,buy,buy,,,,,2026-01-12T13:11:40.664565Z,Lose
e912d2b6-af74-47d3-57e0-31cc9bec1aa5,573ec7d5-48a9-49c8-9915-2f25fa1fe143,KXMIASNOWM-26JAN-0.1,2,0.02,233,233.0,yes,buy,buy,,,,,2026-01-12T11:46:06.466165Z,Lose
dafa2def-b2ac-602b-b303-e5f1819d7581,573ec7d5-48a9-49c8-9915-2f25fa1fe143,KXMIASNOWM-26JAN-0.1,2,0.02,46,46.0,yes,buy,buy,,,,,2026-01-12T09:56:26.931347Z,Lose
3b859862-b1f8-5e68-edd1-3d312d5ee7ad,6cd3e8fd-414f-4743-be05-a05b1d7c98a5,KXMIASNOWM-26JAN-0.5,2,0.02,140,140.0,yes,buy,buy,,,,,2026-01-12T09:55:06.234783Z,Lose
7e6c907b-22f0-4b30-1242-98f1f15f89a9,6cd3e8fd-414f-4743-be05-a05b1d7c98a5,KXMIASNOWM-26JAN-0.5,2,0.02,46,46.0,yes,buy,buy,,glitter,,5dea075a-f02a-46b6-9a4f-68683c57c13b,2026-01-12T09:50:50.267005Z,Lose
ab13d15f-c0a8-4144-9637-b16953e38711,6cd3e8fd-414f-4743-be05-a05b1d7c98a5,KXMIASNOWM-26JAN-0.5,2,0.02,46,46.0,yes,buy,buy,,,,,2026-01-12T09:32:53.440132Z,Lose
c3dae265-7dc1-525b-0b08-a58ceb131acb,864405f4-6eb2-4335-8dc9-f658913b3905,KXMIASNOWM-26JAN-1.0,1,0.01,93,93.0,yes,buy,buy,,,,,2026-01-12T09:32:41.541308Z,Lose
d5f342cd-1394-6797-ac35-12e3031ff5bd,573ec7d5-48a9-49c8-9915-2f25fa1fe143,KXMIASNOWM-26JAN-0.1,2,0.02,140,140.0,yes,buy,buy,,new.plateheroofgalia,,e2a699c9-c3cc-49b2-9567-d9e23be96070,2026-01-12T09:14:52.928753Z,Lose
f98aa042-8c20-5497-e83e-5e5aab73be30,573ec7d5-48a9-49c8-9915-2f25fa1fe143,KXMIASNOWM-26JAN-0.1,1,0.01,1000,1000.0,no,sell,sell,,,,,2026-01-12T09:01:06.333694Z,Lose
eb7f5eb4-c14f-566f-efd8-2446c1d2261b,573ec7d5-48a9-49c8-9915-2f25fa1fe143,KXMIASNOWM-26JAN-0.1,1,0.01,1698,1698.0,no,sell,sell,,,,,2026-01-12T09:01:06.333694Z,Lose
1be4c0b6-a185-743b-fa6e-b2cd4241ecdf,864405f4-6eb2-4335-8dc9-f658913b3905,KXMIASNOWM-26JAN-1.0,1,0.01,46,46.0,yes,buy,buy,,,,,2026-01-12T07:59:10.499913Z,Lose
db9f1a82-3a10-582b-3443-5941a9177451,573ec7d5-48a9-49c8-9915-2f25fa1fe143,KXMIASNOWM-26JAN-0.1,2,0.02,233,233.0,yes,buy,buy,,,,,2026-01-12T07:47:19.120865Z,Lose
6205787d-6b40-5897-40dc-d5858f9cd549,573ec7d5-48a9-49c8-9915-2f25fa1fe143,KXMIASNOWM-26JAN-0.1,2,0.02,140,140.0,yes,buy,buy,,,,,2026-01-12T06:54:47.71423Z,Lose
07371901-0a10-707f-f2ae-40b43a166349,573ec7d5-48a9-49c8-9915-2f25fa1fe143,KXMIASNOWM-26JAN-0.1,2,0.02,93,93.0,yes,buy,buy,,,,,2026-01-12T06:10:30.068396Z,Lose
3cd934be-2104-7977-44d1-39b0f5274915,573ec7d5-48a9-49c8-9915-2f25fa1fe143,KXMIASNOWM-26JAN-0.1,2,0.02,46,46.0,yes,buy,buy,,,,,2026-01-12T06:05:41.164706Z,Lose
aa1fc2a4-b85e-5abc-727d-794e306fc9a3,864405f4-6eb2-4335-8dc9-f658913b3905,KXMIASNOWM-26JAN-1.0,1,0.01,125,125.0,yes,buy,buy,,,,,2026-01-12T05:00:02.587505Z,Lose
94e923bc-4b08-5f23-6089-dd30cba5171d,864405f4-6eb2-4335-8dc9-f658913b3905,KXMIASNOWM-26JAN-1.0,2,0.02,405,405.0,yes,buy,buy,,,,,2026-01-12T05:00:02.587505Z,Lose
4b3ae3e8-8300-536f-ced0-f2d9252a14dd,573ec7d5-48a9-49c8-9915-2f25fa1fe143,KXMIASNOWM-26JAN-0.1,2,0.02,93,93.0,yes,buy,buy,,,,,2026-01-12T04:57:55.352693Z,Lose
0adddd45-0c00-7fcf-cb96-ab0dbc748819,573ec7d5-48a9-49c8-9915-2f25fa1fe143,KXMIASNOWM-26JAN-0.1,2,0.02,467,467.0,yes,buy,buy,,,,,2026-01-12T03:34:56.313123Z,Lose
c1dc8478-89fc-7107-a2af-84157707bf15,573ec7d5-48a9-49c8-9915-2f25fa1fe143,KXMIASNOWM-26JAN-0.1,2,0.02,8,8.0,yes,buy,buy,,,,,2026-01-12T03:29:46.214917Z,Lose
eb30b00f-092a-4524-9032-97cecfd42afb,864405f4-6eb2-4335-8dc9-f658913b3905,KXMIASNOWM-26JAN-1.0,1,0.01,93,93.0,yes,buy,buy,,,,,2026-01-12T03:08:06.598047Z,Lose
f6d9cd19-c758-7343-10ed-575a7c6efea9,573ec7d5-48a9-49c8-9915-2f25fa1fe143,KXMIASNOWM-26JAN-0.1,2,0.02,93,93.0,yes,buy,buy,,Elotz.17,,6610d903-7865-4078-a2e4-77a1c249a12e,2026-01-12T02:53:27.205317Z,Lose
01dee9e4-7c98-411b-dceb-e96a2d231811,573ec7d5-48a9-49c8-9915-2f25fa1fe143,KXMIASNOWM-26JAN-0.1,2,0.02,233,233.0,yes,buy,buy,,,,,2026-01-12T02:49:29.422408Z,Lose
84d254cb-24be-6ac8-d1f3-8ea3b8e427ff,864405f4-6eb2-4335-8dc9-f658913b3905,KXMIASNOWM-26JAN-1.0,1,0.01,935,935.0,yes,buy,buy,,,,,2026-01-12T02:08:56.906527Z,Lose
6888d968-3e1c-401f-0545-271a68fce73d,573ec7d5-48a9-49c8-9915-2f25fa1fe143,KXMIASNOWM-26JAN-0.1,2,0.02,46,46.0,yes,buy,buy,,,,,2026-01-12T02:08:28.999951Z,Lose
4cfbbd69-bfcc-6adf-a4c9-54d806605d8d,573ec7d5-48a9-49c8-9915-2f25fa1fe143,KXMIASNOWM-26JAN-0.1,2,0.02,93,93.0,yes,buy,buy,,bruh.bruh555,,3e9b8729-470c-4b26-99e7-c341f30fdea3,2026-01-12T02:05:08.833022Z,Lose
fec5fc55-4964-5a53-7d6e-16c99d7842cd,573ec7d5-48a9-49c8-9915-2f25fa1fe143,KXMIASNOWM-26JAN-0.1,2,0.02,46,46.0,yes,buy,buy,,,,,2026-01-12T01:58:55.745547Z,Lose
8738df58-c220-7dd3-7171-84aedcbe80dd,573ec7d5-48a9-49c8-9915-2f25fa1fe143,KXMIASNOWM-26JAN-0.1,2,0.02,93,93.0,yes,buy,buy,,faint.race,,f6c67a23-d926-4fad-a69b-d68e0009dc30,2026-01-12T01:46:25.227827Z,Lose
cb51c3ee-6f44-60d7-d673-efe4881157dd,573ec7d5-48a9-49c8-9915-2f25fa1fe143,KXMIASNOWM-26JAN-0.1,2,0.02,46,46.0,yes,buy,buy,,,,,2026-01-12T01:42:37.276486Z,Lose
7cc48c37-64ca-574c-2c14-a56809bcbd83,864405f4-6eb2-4335-8dc9-f658913b3905,KXMIASNOWM-26JAN-1.0,1,0.01,187,187.0,yes,buy,buy,,,,,2026-01-12T01:30:33.208789Z,Lose
c98f4cb1-aa0a-7a18-235d-f26f51ca5c53,864405f4-6eb2-4335-8dc9-f658913b3905,KXMIASNOWM-26JAN-1.0,1,0.01,1402,1402.0,yes,buy,buy,,,,,2026-01-12T01:25:17.804438Z,Lose
aa7ce9f7-5280-6e30-abfa-d6c9ee68de1d,6cd3e8fd-414f-4743-be05-a05b1d7c98a5,KXMIASNOWM-26JAN-0.5,2,0.02,46,46.0,yes,buy,buy,,,,,2026-01-12T01:21:39.540798Z,Lose
22d982ae-3594-5527-76be-8de5786384dd,573ec7d5-48a9-49c8-9915-2f25fa1fe143,KXMIASNOWM-26JAN-0.1,2,0.02,93,93.0,yes,buy,buy,,cloth.spoon,,f689c167-845b-4f65-a559-92e233f9c27c,2026-01-12T01:20:38.019949Z,Lose
d41e92ee-f784-746b-a298-dd5b15a3b1c5,573ec7d5-48a9-49c8-9915-2f25fa1fe143,KXMIASNOWM-26JAN-0.1,2,0.02,233,233.0,yes,buy,buy,,,,,2026-01-12T01:15:40.658177Z,Lose
57bb0bb1-6b8c-69b7-c34d-999c86a977d1,573ec7d5-48a9-49c8-9915-2f25fa1fe143,KXMIASNOWM-26JAN-0.1,2,0.02,233,233.0,yes,buy,buy,,fit.share,,a224b357-296e-47fc-bcb0-74395a966e8c,2026-01-12T00:41:42.760897Z,Lose
f020aa5f-96e0-742b-0faf-76efc6b240dd,573ec7d5-48a9-49c8-9915-2f25fa1fe143,KXMIASNOWM-26JAN-0.1,2,0.02,93,93.0,yes,buy,buy,,,,,2026-01-12T00:39:29.193456Z,Lose
cbc4f681-4b04-4d8f-0fef-7106991a7c85,573ec7d5-48a9-49c8-9915-2f25fa1fe143,KXMIASNOWM-26JAN-0.1,2,0.02,467,467.0,yes,buy,buy,,,,,2026-01-12T00:38:17.77103Z,Lose
1a18db42-a4b4-5e40-577f-b9d9dabe28d5,6cd3e8fd-414f-4743-be05-a05b1d7c98a5,KXMIASNOWM-26JAN-0.5,2,0.02,46,46.0,yes,buy,buy,,ydurdiyev,,d67870b4-9e58-4d92-89e8-695cb7661648,2026-01-12T00:24:58.771145Z,Lose
4bc57e4d-7100-4a0f-fd03-1f72866853f5,573ec7d5-48a9-49c8-9915-2f25fa1fe143,KXMIASNOWM-26JAN-0.1,2,0.02,46,46.0,yes,buy,buy,,ydurdiyev,,d67870b4-9e58-4d92-89e8-695cb7661648,2026-01-12T00:24:49.026287Z,Lose
eeb49a27-907a-41a4-fd5f-939a3942a663,864405f4-6eb2-4335-8dc9-f658913b3905,KXMIASNOWM-26JAN-1.0,1,0.01,93,93.0,yes,buy,buy,,ydurdiyev,,d67870b4-9e58-4d92-89e8-695cb7661648,2026-01-12T00:24:36.478354Z,Lose
2fbfff5c-d23c-599f-70b7-2367d48984e9,573ec7d5-48a9-49c8-9915-2f25fa1fe143,KXMIASNOWM-26JAN-0.1,2,0.02,46,46.0,yes,buy,buy,,,,,2026-01-12T00:07:20.076418Z,Lose
62f3442b-3b7a-5f7c-199e-cb9e85661ec7,864405f4-6eb2-4335-8dc9-f658913b3905,KXMIASNOWM-26JAN-1.0,1,0.01,18,18.0,yes,buy,buy,,Rey5D,,d5fc069b-e43b-47cd-b093-e4809889ac3a,2026-01-11T22:49:59.901936Z,Lose
47c939f7-fbde-69f0-8339-f70646ec276b,864405f4-6eb2-4335-8dc9-f658913b3905,KXMIASNOWM-26JAN-1.0,1,0.01,467,467.0,yes,buy,buy,,,,,2026-01-11T22:28:53.120438Z,Lose
9d263319-5f1c-636f-726c-105a1b380819,573ec7d5-48a9-49c8-9915-2f25fa1fe143,KXMIASNOWM-26JAN-0.1,2,0.02,46,46.0,yes,buy,buy,,word.praise,,27b4ba4c-d684-4eb4-bdc8-e391aff0037b,2026-01-11T22:22:28.740405Z,Lose
4c6506c0-9860-4607-7089-7b153510be01,573ec7d5-48a9-49c8-9915-2f25fa1fe143,KXMIASNOWM-26JAN-0.1,2,0.02,140,140.0,yes,buy,buy,,,,,2026-01-11T22:08:56.26556Z,Lose
d8f5c9ea-dcc8-689f-c086-3e3ba62ed221,573ec7d5-48a9-49c8-9915-2f25fa1fe143,KXMIASNOWM-26JAN-0.1,2,0.02,327,327.0,yes,buy,buy,,,,,2026-01-11T22:00:23.203093Z,Lose
6e2bb5a0-0c50-52e7-66f8-4ad6dd9b9f21,573ec7d5-48a9-49c8-9915-2f25fa1fe143,KXMIASNOWM-26JAN-0.1,2,0.02,46,46.0,yes,buy,buy,,,,,2026-01-11T21:28:54.681247Z,Lose
2bf47571-60e4-74bc-444c-2d212566eddd,6cd3e8fd-414f-4743-be05-a05b1d7c98a5,KXMIASNOWM-26JAN-0.5,2,0.02,233,233.0,yes,buy,buy,,rim.job,,93d32a7f-a19a-45b9-a7a9-fbbc5c0d58f8,2026-01-11T21:27:15.775691Z,Lose
999f8a70-b764-4158-29ba-dee4e053b03d,6cd3e8fd-414f-4743-be05-a05b1d7c98a5,KXMIASNOWM-26JAN-0.5,2,0.02,2339,2339.0,yes,buy,buy,,,,,2026-01-11T20:42:31.633492Z,Lose
f97b9794-6560-5847-1d16-f443a9f9e9b5,573ec7d5-48a9-49c8-9915-2f25fa1fe143,KXMIASNOWM-26JAN-0.1,2,0.02,16,16.0,yes,buy,buy,,,,,2026-01-11T20:35:06.706362Z,Lose
c0d5a97d-0502-4258-654f-e1a9571b6647,864405f4-6eb2-4335-8dc9-f658913b3905,KXMIASNOWM-26JAN-1.0,1,0.01,93,93.0,yes,buy,buy,,,,,2026-01-11T20:33:07.956589Z,Lose
8639b6d6-2328-574f-29cb-b64201526211,573ec7d5-48a9-49c8-9915-2f25fa1fe143,KXMIASNOWM-26JAN-0.1,2,0.02,46,46.0,yes,buy,buy,,ppsucking3,,57db3a6e-0ae3-4d2b-82f6-7bbe5f218291,2026-01-11T20:09:37.087595Z,Lose
dd8c59bf-a8ea-6cb8-fa5d-a313c8e39383,864405f4-6eb2-4335-8dc9-f658913b3905,KXMIASNOWM-26JAN-1.0,1,0.01,187,187.0,yes,buy,buy,,,,,2026-01-11T19:24:19.197513Z,Lose
0c934c8d-b2ec-7233-9d81-b7d6a06b6f11,573ec7d5-48a9-49c8-9915-2f25fa1fe143,KXMIASNOWM-26JAN-0.1,2,0.02,93,93.0,yes,buy,buy,,,,,2026-01-11T19:24:12.165062Z,Lose
ff44396c-d0d6-6cd5-da41-2a1549f9da9c,573ec7d5-48a9-49c8-9915-2f25fa1fe143,KXMIASNOWM-26JAN-0.1,1,0.01,3816,3816.0,yes,buy,buy,,Danova28,,84c41c86-9b7e-4823-8f0b-5c7ca3077da8,2026-01-11T19:19:18.826911Z,Lose
0bf873e0-fab0-6c57-e4d2-4a5ae28e4a09,573ec7d5-48a9-49c8-9915-2f25fa1fe143,KXMIASNOWM-26JAN-0.1,2,0.02,2535,2535.0,yes,buy,buy,,Danova28,,84c41c86-9b7e-4823-8f0b-5c7ca3077da8,2026-01-11T19:19:18.826911Z,Lose
00bc828a-c580-78bc-2fbe-436683b90dc9,6cd3e8fd-414f-4743-be05-a05b1d7c98a5,KXMIASNOWM-26JAN-0.5,2,0.02,46,46.0,yes,buy,buy,,,,,2026-01-11T19:05:44.742102Z,Lose
9dbb5cbb-e888-69ec-94cb-5924e53dacf1,6cd3e8fd-414f-4743-be05-a05b1d7c98a5,KXMIASNOWM-26JAN-0.5,2,0.02,46,46.0,yes,buy,buy,,,,,2026-01-11T17:59:58.960516Z,Lose
95680e4d-8276-73dd-cd2d-bba2be5100f4,573ec7d5-48a9-49c8-9915-2f25fa1fe143,KXMIASNOWM-26JAN-0.1,1,0.01,74,74.0,yes,buy,buy,,,,,2026-01-11T17:27:27.713585Z,Lose
64208ccb-bdc2-5a45-2426-8a48dbb0d210,573ec7d5-48a9-49c8-9915-2f25fa1fe143,KXMIASNOWM-26JAN-0.1,1,0.01,93,93.0,yes,buy,buy,,,,,2026-01-11T17:25:55.107306Z,Lose
13210e6c-4e12-5f09-52ec-75b1f57a1b6c,573ec7d5-48a9-49c8-9915-2f25fa1fe143,KXMIASNOWM-26JAN-0.1,1,0.01,85,85.0,yes,buy,buy,,,,,2026-01-11T17:24:46.583087Z,Lose
4bad1823-43c2-41f1-74c2-e8a156707420,573ec7d5-48a9-49c8-9915-2f25fa1fe143,KXMIASNOWM-26JAN-0.1,1,0.01,9,9.0,yes,buy,buy,,,,,2026-01-11T16:59:13.654078Z,Lose
aca481ee-ceb2-6105-6582-ddaa4949aa34,573ec7d5-48a9-49c8-9915-2f25fa1fe143,KXMIASNOWM-26JAN-0.1,1,0.01,467,467.0,yes,buy,buy,,ChaseEldridge,,63f7da43-bab7-435d-a96c-3dff9e60e76f,2026-01-11T16:20:14.015388Z,Lose
84dc217c-4e24-60e4-30fc-7ec94946bb5d,6cd3e8fd-414f-4743-be05-a05b1d7c98a5,KXMIASNOWM-26JAN-0.5,2,0.02,28,28.0,yes,buy,buy,,,,,2026-01-11T15:22:50.545335Z,Lose
6e8bc6ef-e98a-56d5-c9d1-bfaa10ec5cc4,573ec7d5-48a9-49c8-9915-2f25fa1fe143,KXMIASNOWM-26JAN-0.1,1,0.01,467,467.0,yes,buy,buy,,,,,2026-01-11T14:35:38.66326Z,Lose
5bdbc2ab-fcbc-47a0-c163-a187842aaecd,6cd3e8fd-414f-4743-be05-a05b1d7c98a5,KXMIASNOWM-26JAN-0.5,2,0.02,93,93.0,yes,buy,buy,,,,,2026-01-11T13:51:10.226498Z,Lose
67ed500b-2396-51a5-c119-9af77ed2a774,573ec7d5-48a9-49c8-9915-2f25fa1fe143,KXMIASNOWM-26JAN-0.1,1,0.01,93,93.0,yes,buy,buy,,,,,2026-01-11T11:59:44.669287Z,Lose
4bdf27c8-89e0-48a8-0e38-e70440107e2d,6cd3e8fd-414f-4743-be05-a05b1d7c98a5,KXMIASNOWM-26JAN-0.5,2,0.02,135,135.0,yes,buy,buy,,pudgypanda670,,9682c375-9e7b-4eb1-826a-538489cad613,2026-01-11T10:15:01.032906Z,Lose
5955519b-0d0e-7e09-9cad-94e788aa8c60,573ec7d5-48a9-49c8-9915-2f25fa1fe143,KXMIASNOWM-26JAN-0.1,1,0.01,93,93.0,yes,buy,buy,,,,,2026-01-11T08:57:16.69649Z,Lose
5d30d0fa-82d6-5f99-fa30-37bc506a5168,573ec7d5-48a9-49c8-9915-2f25fa1fe143,KXMIASNOWM-26JAN-0.1,1,0.01,467,467.0,yes,buy,buy,,,,,2026-01-11T08:03:10.886418Z,Lose
e158d9e9-ef12-7011-2025-2b84840f9510,573ec7d5-48a9-49c8-9915-2f25fa1fe143,KXMIASNOWM-26JAN-0.1,1,0.01,93,93.0,yes,buy,buy,,floki.nm,,88b0bd43-1eb4-4267-99d6-8defa405ddd7,2026-01-11T08:01:06.04131Z,Lose
498828fd-ee76-4025-7d46-b3b533239f9c,573ec7d5-48a9-49c8-9915-2f25fa1fe143,KXMIASNOWM-26JAN-0.1,1,0.01,93,93.0,yes,buy,buy,,plain.chip,,1c889b73-0b45-49ca-8d30-cc95c8fa1cfc,2026-01-11T06:47:09.987494Z,Lose
59d555ab-71ba-7e21-3508-e32794bcf7d0,573ec7d5-48a9-49c8-9915-2f25fa1fe143,KXMIASNOWM-26JAN-0.1,1,0.01,280,280.0,yes,buy,buy,,,,,2026-01-11T06:06:40.496046Z,Lose
1c951bac-84ca-4d41-509e-681206afece4,573ec7d5-48a9-49c8-9915-2f25fa1fe143,KXMIASNOWM-26JAN-0.1,1,0.01,1870,1870.0,yes,buy,buy,,,,,2026-01-11T06:02:31.956527Z,Lose
5af050d0-a150-4917-5199-06a82f6ebf45,573ec7d5-48a9-49c8-9915-2f25fa1fe143,KXMIASNOWM-26JAN-0.1,2,0.02,46,46.0,yes,buy,buy,,,,,2026-01-11T05:39:11.716613Z,Lose
f1596cfe-f698-6944-ac3c-00f036bc6968,573ec7d5-48a9-49c8-9915-2f25fa1fe143,KXMIASNOWM-26JAN-0.1,1,0.01,25,25.0,yes,buy,buy,,,,,2026-01-11T05:06:18.91585Z,Lose
f0c38d18-1950-71e8-5f9f-0fb3adc45d8c,573ec7d5-48a9-49c8-9915-2f25fa1fe143,KXMIASNOWM-26JAN-0.1,1,0.01,93,93.0,yes,buy,buy,,,,,2026-01-11T04:58:34.995017Z,Lose
a2b73dee-8814-6534-7464-989cdeacbbf4,573ec7d5-48a9-49c8-9915-2f25fa1fe143,KXMIASNOWM-26JAN-0.1,1,0.01,467,467.0,yes,buy,buy,,,,,2026-01-11T04:05:24.329509Z,Lose
0182057a-1d10-5653-b491-a6c9c89c101d,573ec7d5-48a9-49c8-9915-2f25fa1fe143,KXMIASNOWM-26JAN-0.1,2,0.02,46,46.0,yes,buy,buy,,young.play,,0d6ffe72-728c-4d8f-a749-11f511165ecf,2026-01-11T03:58:55.66815Z,Lose
ac82ab91-5924-479f-bc5e-3db3f69c8cea,6cd3e8fd-414f-4743-be05-a05b1d7c98a5,KXMIASNOWM-26JAN-0.5,3,0.03,31,31.0,yes,buy,buy,,,,,2026-01-11T03:39:13.564878Z,Lose
3108fcbb-0368-6ff7-aa12-0f511eb8d505,573ec7d5-48a9-49c8-9915-2f25fa1fe143,KXMIASNOWM-26JAN-0.1,2,0.02,46,46.0,yes,buy,buy,,,,,2026-01-11T03:39:00.929873Z,Lose
647ee177-af92-7ecc-88b8-1cd8768b061b,864405f4-6eb2-4335-8dc9-f658913b3905,KXMIASNOWM-26JAN-1.0,1,0.01,93,93.0,yes,buy,buy,,,,,2026-01-11T03:38:52.533723Z,Lose
9a981d79-743b-6dbe-e010-2ea33e16f08d,573ec7d5-48a9-49c8-9915-2f25fa1fe143,KXMIASNOWM-26JAN-0.1,1,0.01,74,74.0,yes,buy,buy,,,,,2026-01-11T02:51:50.567482Z,Lose
6d155242-09e8-6b6b-f145-c8e9d9e7aa15,573ec7d5-48a9-49c8-9915-2f25fa1fe143,KXMIASNOWM-26JAN-0.1,2,0.02,9,9.0,yes,buy,buy,,,,,2026-01-11T02:51:50.567482Z,Lose
0118ac25-9dcf-606e-c861-b3374bf27459,573ec7d5-48a9-49c8-9915-2f25fa1fe143,KXMIASNOWM-26JAN-0.1,1,0.01,467,467.0,yes,buy,buy,,,,,2026-01-11T02:24:10.398812Z,Lose
877eb46e-6750-5576-d385-5459e9a03ea7,6cd3e8fd-414f-4743-be05-a05b1d7c98a5,KXMIASNOWM-26JAN-0.5,2,0.02,46,46.0,yes,buy,buy,,muimui,,62dc8269-f96e-47e6-87ff-eae783a6abf0,2026-01-11T01:04:43.605473Z,Lose
894661ec-7c36-41dc-57e0-385b7f1d1347,864405f4-6eb2-4335-8dc9-f658913b3905,KXMIASNOWM-26JAN-1.0,1,0.01,93,93.0,yes,buy,buy,,muimui,,62dc8269-f96e-47e6-87ff-eae783a6abf0,2026-01-11T01:04:31.894202Z,Lose
04ad29e9-e0cb-7c1e-16c0-7f5cacb013b1,573ec7d5-48a9-49c8-9915-2f25fa1fe143,KXMIASNOWM-26JAN-0.1,1,0.01,93,93.0,yes,buy,buy,,muimui,,62dc8269-f96e-47e6-87ff-eae783a6abf0,2026-01-11T01:04:17.499394Z,Lose
4473e83d-a06f-69e6-502e-dc4ad513f3cd,573ec7d5-48a9-49c8-9915-2f25fa1fe143,KXMIASNOWM-26JAN-0.1,1,0.01,467,467.0,yes,buy,buy,,pasofino007,,6fa35084-da35-4429-b2e4-0fe17b9fa6da,2026-01-11T01:04:06.12571Z,Lose
1bd14cbf-dcd8-56fe-3206-eef235f9bc3b,6cd3e8fd-414f-4743-be05-a05b1d7c98a5,KXMIASNOWM-26JAN-0.5,2,0.02,93,93.0,yes,buy,buy,,,,,2026-01-11T00:53:32.389478Z,Lose
abaec406-ec7f-7c12-8fe9-1f5a25342c99,573ec7d5-48a9-49c8-9915-2f25fa1fe143,KXMIASNOWM-26JAN-0.1,1,0.01,25,25.0,yes,buy,buy,,,,,2026-01-10T23:56:10.063139Z,Lose
d2e1a3b9-ad02-5080-93e5-a845b357cc8b,864405f4-6eb2-4335-8dc9-f658913b3905,KXMIASNOWM-26JAN-1.0,1,0.01,93,93.0,yes,buy,buy,,,,,2026-01-10T22:57:08.592031Z,Lose
31026878-bbef-7112-5d9c-512860e88ab5,573ec7d5-48a9-49c8-9915-2f25fa1fe143,KXMIASNOWM-26JAN-0.1,1,0.01,93,93.0,yes,buy,buy,,,,,2026-01-10T22:41:43.544291Z,Lose
f23afd73-445b-5446-3eaf-2b9a58e21335,573ec7d5-48a9-49c8-9915-2f25fa1fe143,KXMIASNOWM-26JAN-0.1,1,0.01,187,187.0,yes,buy,buy,,,,,2026-01-10T22:05:24.544516Z,Lose
d9a241b2-e78f-6ac6-df30-6d7bf8d3ab41,573ec7d5-48a9-49c8-9915-2f25fa1fe143,KXMIASNOWM-26JAN-0.1,1,0.01,93,93.0,yes,buy,buy,,,,,2026-01-10T22:05:09.183501Z,Lose
5deac2a3-f6c0-4726-4a0a-39987051d6ab,6cd3e8fd-414f-4743-be05-a05b1d7c98a5,KXMIASNOWM-26JAN-0.5,2,0.02,93,93.0,yes,buy,buy,,,,,2026-01-10T21:30:10.986447Z,Lose
79dd3c10-291e-46e4-8069-da59a8ade95f,864405f4-6eb2-4335-8dc9-f658913b3905,KXMIASNOWM-26JAN-1.0,1,0.01,935,935.0,yes,buy,buy,,,,,2026-01-10T21:14:55.278429Z,Lose
c68e00a3-f8e4-6e2e-e74f-4f6f56c538cb,6cd3e8fd-414f-4743-be05-a05b1d7c98a5,KXMIASNOWM-26JAN-0.5,2,0.02,467,467.0,yes,buy,buy,,,,,2026-01-10T21:14:16.100389Z,Lose
486fd2a0-5ea7-7d0a-c5d3-11b35ff8202d,573ec7d5-48a9-49c8-9915-2f25fa1fe143,KXMIASNOWM-26JAN-0.1,1,0.01,935,935.0,yes,buy,buy,,,,,2026-01-10T21:12:44.38533Z,Lose
0a4e2bb9-e717-5592-6755-0c9bf0b4ebdd,573ec7d5-48a9-49c8-9915-2f25fa1fe143,KXMIASNOWM-26JAN-0.1,1,0.01,93,93.0,yes,buy,buy,,,,,2026-01-10T20:01:00.776612Z,Lose
ddec7c45-d417-5956-02ac-700610a8dd95,573ec7d5-48a9-49c8-9915-2f25fa1fe143,KXMIASNOWM-26JAN-0.1,1,0.01,187,187.0,yes,buy,buy,,,,,2026-01-10T17:26:17.652569Z,Lose
6a766b0d-70db-740e-6a35-f013fb1f3075,573ec7d5-48a9-49c8-9915-2f25fa1fe143,KXMIASNOWM-26JAN-0.1,1,0.01,93,93.0,yes,buy,buy,,mami.bee,,a6ae1301-93a5-4598-8580-ee256ad6a9b2,2026-01-10T16:01:06.927519Z,Lose
30c5bc48-2023-7fe2-b114-af66b08cc3d1,573ec7d5-48a9-49c8-9915-2f25fa1fe143,KXMIASNOWM-26JAN-0.1,1,0.01,93,93.0,yes,buy,buy,,xadsx11,,262d3832-d86a-4ba3-9c72-5949c80d586b,2026-01-10T15:22:31.459012Z,Lose
a5a17db9-c9ff-4f76-a834-abe5bffd725d,573ec7d5-48a9-49c8-9915-2f25fa1fe143,KXMIASNOWM-26JAN-0.1,1,0.01,93,93.0,yes,buy,buy,,fun.midst,,378e4079-b570-4869-8fa2-4ea8dbc8bf35,2026-01-10T14:05:34.21053Z,Lose
159b281b-6273-654e-ad7c-127c1b4d0489,573ec7d5-48a9-49c8-9915-2f25fa1fe143,KXMIASNOWM-26JAN-0.1,1,0.01,93,93.0,yes,buy,buy,,unconcsious,,b72b0ffc-2ad9-4e7c-abae-a8e72856f1e0,2026-01-10T10:43:34.418049Z,Lose
e39bfcec-50c7-6596-16bc-e9cbda2c2ee1,573ec7d5-48a9-49c8-9915-2f25fa1fe143,KXMIASNOWM-26JAN-0.1,1,0.01,93,93.0,yes,buy,buy,,class.wage,,a4d2e0d7-b389-4f51-a4f6-9ee4e1ff7951,2026-01-10T10:24:43.328976Z,Lose
e8142679-0ddf-55a1-7042-3c80df483cac,6cd3e8fd-414f-4743-be05-a05b1d7c98a5,KXMIASNOWM-26JAN-0.5,1,0.01,1254,1254.0,yes,buy,buy,,koolherc1984,,28b70578-6692-47eb-991f-6916db4b2a84,2026-01-10T06:39:08.223503Z,Lose
34d196bd-4ad7-5d63-7b62-21ce72842f8e,6cd3e8fd-414f-4743-be05-a05b1d7c98a5,KXMIASNOWM-26JAN-0.5,5,0.05,123,123.0,yes,buy,buy,,koolherc1984,,28b70578-6692-47eb-991f-6916db4b2a84,2026-01-10T06:39:08.223503Z,Lose
4eef4c6d-2b73-4902-7925-a595bb4ac229,573ec7d5-48a9-49c8-9915-2f25fa1fe143,KXMIASNOWM-26JAN-0.1,1,0.01,93,93.0,yes,buy,buy,,,,,2026-01-10T05:35:47.493229Z,Lose
ec7bf8a9-24eb-59e1-3ac2-7631bc5d1e60,6cd3e8fd-414f-4743-be05-a05b1d7c98a5,KXMIASNOWM-26JAN-0.5,1,0.01,93,93.0,yes,buy,buy,,Jaymt,,e46697bf-eac8-4b06-a571-86f903782c3e,2026-01-10T03:35:52.963123Z,Lose
3112b0f6-0287-7ff6-2e0f-b456e6c71759,573ec7d5-48a9-49c8-9915-2f25fa1fe143,KXMIASNOWM-26JAN-0.1,1,0.01,93,93.0,yes,buy,buy,,Jaymt,,e46697bf-eac8-4b06-a571-86f903782c3e,2026-01-10T03:35:29.250853Z,Lose
6df818b3-e303-4856-fa9d-dce6cdffd2f1,573ec7d5-48a9-49c8-9915-2f25fa1fe143,KXMIASNOWM-26JAN-0.1,1,0.01,93,93.0,yes,buy,buy,,,,,2026-01-10T02:56:44.998661Z,Lose
ccb8833a-3103-6fba-8f57-827299ef5f9d,573ec7d5-48a9-49c8-9915-2f25fa1fe143,KXMIASNOWM-26JAN-0.1,1,0.01,935,935.0,yes,buy,buy,,,,,2026-01-10T02:18:29.357734Z,Lose
8cbd9240-f197-6b7e-74b0-94cb72c90059,573ec7d5-48a9-49c8-9915-2f25fa1fe143,KXMIASNOWM-26JAN-0.1,1,0.01,187,187.0,yes,buy,buy,,,,,2026-01-10T01:34:16.015917Z,Lose
3d373acb-de2b-718e-7653-0abfcdf590a5,573ec7d5-48a9-49c8-9915-2f25fa1fe143,KXMIASNOWM-26JAN-0.1,1,0.01,46,46.0,yes,buy,buy,,,,,2026-01-10T01:18:06.38208Z,Lose
cb9e03f7-0ce3-7c02-946a-6b3a298b88b1,573ec7d5-48a9-49c8-9915-2f25fa1fe143,KXMIASNOWM-26JAN-0.1,1,0.01,187,187.0,yes,buy,buy,,vast.aid,,50059376-0d9a-4dd3-99af-8d7b1be4bbea,2026-01-10T00:45:00.825406Z,Lose
708e1935-b4ef-7c9e-d7c8-8aa7b104da19,573ec7d5-48a9-49c8-9915-2f25fa1fe143,KXMIASNOWM-26JAN-0.1,1,0.01,187,187.0,yes,buy,buy,,,,,2026-01-09T23:31:23.127243Z,Lose
4ea539a6-619b-5c11-ab68-29b8c90939e8,6cd3e8fd-414f-4743-be05-a05b1d7c98a5,KXMIASNOWM-26JAN-0.5,1,0.01,748,748.0,yes,buy,buy,,,,,2026-01-09T17:16:07.551912Z,Lose
4b392d13-3934-59bb-089c-bc71f755b239,573ec7d5-48a9-49c8-9915-2f25fa1fe143,KXMIASNOWM-26JAN-0.1,2,0.02,43,43.0,yes,buy,buy,,,,,2026-01-09T16:38:23.177723Z,Lose
a55e3816-7567-70b5-d5bf-d62fe620001c,6cd3e8fd-414f-4743-be05-a05b1d7c98a5,KXMIASNOWM-26JAN-0.5,1,0.01,935,935.0,yes,buy,buy,,nic0l35,,1c0cd9eb-655c-42dd-b26c-31bba12d89b1,2026-01-09T14:51:35.629673Z,Lose
09ac6d8c-fe34-61ef-820b-2110ea9eceed,573ec7d5-48a9-49c8-9915-2f25fa1fe143,KXMIASNOWM-26JAN-0.1,2,0.02,233,233.0,yes,buy,buy,,fault.flame,,936762a2-fb21-45fe-86ef-9431ebf36278,2026-01-09T14:01:42.41025Z,Lose
a102ce95-95a6-5ea4-215d-fdb07c7e68cf,864405f4-6eb2-4335-8dc9-f658913b3905,KXMIASNOWM-26JAN-1.0,1,0.01,93,93.0,yes,buy,buy,,,,,2026-01-09T13:24:12.75636Z,Lose
d8153c34-b034-5f67-cb8f-d19b3979462d,573ec7d5-48a9-49c8-9915-2f25fa1fe143,KXMIASNOWM-26JAN-0.1,2,0.02,467,467.0,yes,buy,buy,,,,,2026-01-09T01:21:31.714399Z,Lose
9643ecc5-bd36-5772-a8b9-9d67fc390518,573ec7d5-48a9-49c8-9915-2f25fa1fe143,KXMIASNOWM-26JAN-0.1,2,0.02,5,5.0,yes,buy,buy,heirjordan,,01c701f0-80d8-4087-821f-3d75528b575d,,2026-01-09T01:04:31.852612Z,Lose
44581ea6-6e5f-59d8-9679-5bd13d16e518,573ec7d5-48a9-49c8-9915-2f25fa1fe143,KXMIASNOWM-26JAN-0.1,1,0.01,1004,1004.0,yes,buy,buy,,,,,2026-01-09T01:04:31.852612Z,Lose
04d22860-b16c-514f-8904-924bf9ed7395,573ec7d5-48a9-49c8-9915-2f25fa1fe143,KXMIASNOWM-26JAN-0.1,3,0.03,1222,1222.0,yes,buy,buy,,,,,2026-01-09T01:04:31.852612Z,Lose
a2b51b38-8fcb-5654-349c-dec4c3d19618,573ec7d5-48a9-49c8-9915-2f25fa1fe143,KXMIASNOWM-26JAN-0.1,1,0.01,93,93.0,yes,buy,buy,,,,,2026-01-08T22:01:18.168969Z,Lose
1e62bd9b-8f33-45cc-a2a0-48753835e2c0,573ec7d5-48a9-49c8-9915-2f25fa1fe143,KXMIASNOWM-26JAN-0.1,1,0.01,187,187.0,yes,buy,buy,,,,,2026-01-08T20:39:52.328859Z,Lose
967aab92-cace-7f1c-7def-4cdf7a0d293f,864405f4-6eb2-4335-8dc9-f658913b3905,KXMIASNOWM-26JAN-1.0,1,0.01,93,93.0,yes,buy,buy,,,,,2026-01-08T14:36:44.349231Z,Lose
a6dc6bab-9d37-6075-bbae-d2f56a20e7e0,6cd3e8fd-414f-4743-be05-a05b1d7c98a5,KXMIASNOWM-26JAN-0.5,1,0.01,93,93.0,yes,buy,buy,,,,,2026-01-08T14:36:30.636518Z,Lose
fa9e5a59-7803-4640-c0a4-7f63b47dfd68,573ec7d5-48a9-49c8-9915-2f25fa1fe143,KXMIASNOWM-26JAN-0.1,1,0.01,93,93.0,yes,buy,buy,,,,,2026-01-08T14:36:10.124279Z,Lose
8a127937-4f13-7654-97df-8f2ecbe41d7c,573ec7d5-48a9-49c8-9915-2f25fa1fe143,KXMIASNOWM-26JAN-0.1,1,0.01,93,93.0,yes,buy,buy,,,,,2026-01-08T14:27:44.495212Z,Lose
24b34771-0637-421c-ca00-216a968a7678,573ec7d5-48a9-49c8-9915-2f25fa1fe143,KXMIASNOWM-26JAN-0.1,1,0.01,467,467.0,yes,buy,buy,,,,,2026-01-08T14:08:25.044922Z,Lose
e9243d9f-199b-4ef1-b96e-82309cbaf880,6cd3e8fd-414f-4743-be05-a05b1d7c98a5,KXMIASNOWM-26JAN-0.5,1,0.01,9,9.0,yes,buy,buy,,weed.cook,,e33dbe45-527e-4ee4-a56e-5138e0631666,2026-01-08T05:03:47.50088Z,Lose
b0f9b50f-81cb-474c-ac83-96a9abfcbe50,573ec7d5-48a9-49c8-9915-2f25fa1fe143,KXMIASNOWM-26JAN-0.1,1,0.01,467,467.0,yes,buy,buy,,heathenhabits,,7ca388b7-8825-4bac-b4b5-186f5885aefb,2026-01-08T04:04:28.988381Z,Lose
f34eba01-2c13-7224-a8b7-d84e64190afc,573ec7d5-48a9-49c8-9915-2f25fa1fe143,KXMIASNOWM-26JAN-0.1,1,0.01,187,187.0,yes,buy,buy,,,,,2026-01-08T01:57:38.261191Z,Lose
e3e435d6-065b-41ec-2d63-add7efbf5920,573ec7d5-48a9-49c8-9915-2f25fa1fe143,KXMIASNOWM-26JAN-0.1,1,0.01,500,500.0,yes,buy,buy,,,,,2026-01-08T01:50:16.781075Z,Lose
2e7b04a1-3623-7f98-f37e-2bb28afc227c,573ec7d5-48a9-49c8-9915-2f25fa1fe143,KXMIASNOWM-26JAN-0.1,1,0.01,93,93.0,yes,buy,buy,,,,,2026-01-07T22:40:39.969082Z,Lose
3c0471b6-27c3-4551-f852-3aa655105a74,6cd3e8fd-414f-4743-be05-a05b1d7c98a5,KXMIASNOWM-26JAN-0.5,1,0.01,841,841.0,yes,buy,buy,,,,,2026-01-07T07:29:20.814915Z,Lose
d83427f3-276f-4d1c-6911-07836d2d64d0,573ec7d5-48a9-49c8-9915-2f25fa1fe143,KXMIASNOWM-26JAN-0.1,1,0.01,467,467.0,yes,buy,buy,,,,,2026-01-07T01:39:10.475862Z,Lose
e676ec37-d613-4f40-0281-d2cd84ae1b48,573ec7d5-48a9-49c8-9915-2f25fa1fe143,KXMIASNOWM-26JAN-0.1,1,0.01,13,13.0,yes,buy,buy,,straight.grip,,0ad2ed31-6424-4ba6-8135-5bff0901cd6e,2026-01-06T17:14:04.319446Z,Lose
1f84d0fc-126b-4df8-a950-20d525502c20,573ec7d5-48a9-49c8-9915-2f25fa1fe143,KXMIASNOWM-26JAN-0.1,1,0.01,25,25.0,yes,buy,buy,,,,,2026-01-06T15:14:05.187886Z,Lose
b69daa40-ba53-5a1c-7dc3-994ab7cc75e8,573ec7d5-48a9-49c8-9915-2f25fa1fe143,KXMIASNOWM-26JAN-0.1,1,0.01,93,93.0,yes,buy,buy,,crop.toll,,a90680e0-a86a-4b36-a181-f7e3ec1a4071,2026-01-06T10:06:12.968924Z,Lose
8d906bfe-c757-5d99-c2ed-e57853013d90,6cd3e8fd-414f-4743-be05-a05b1d7c98a5,KXMIASNOWM-26JAN-0.5,1,0.01,467,467.0,yes,buy,buy,,Drewskiski,,91e54b6b-325b-49d4-b7cd-45051cfd8918,2026-01-06T05:44:52.709724Z,Lose
a13275fe-f5b3-70e4-4bd2-6bbfb66039a4,573ec7d5-48a9-49c8-9915-2f25fa1fe143,KXMIASNOWM-26JAN-0.1,1,0.01,93,93.0,yes,buy,buy,,,,,2026-01-06T00:16:51.618195Z,Lose
707159b9-b4bb-59b4-0832-17e9a08e6934,573ec7d5-48a9-49c8-9915-2f25fa1fe143,KXMIASNOWM-26JAN-0.1,1,0.01,100,100.0,yes,buy,buy,,,,,2026-01-05T18:11:24.158094Z,Lose
e2d39231-a397-7384-f3f7-ecb41e5e4188,573ec7d5-48a9-49c8-9915-2f25fa1fe143,KXMIASNOWM-26JAN-0.1,1,0.01,187,187.0,yes,buy,buy,,stack.pole,,4017a8a2-23b6-44a4-bb28-c6e8682b334d,2026-01-05T11:03:43.684718Z,Lose
9dd2126c-8447-7bc4-7f6e-bb36e5ba6e58,573ec7d5-48a9-49c8-9915-2f25fa1fe143,KXMIASNOWM-26JAN-0.1,1,0.01,93,93.0,yes,buy,buy,,stack.pole,,4017a8a2-23b6-44a4-bb28-c6e8682b334d,2026-01-05T10:32:39.023057Z,Lose
f2fde829-5aeb-7dc4-22ae-b0fd7939a364,573ec7d5-48a9-49c8-9915-2f25fa1fe143,KXMIASNOWM-26JAN-0.1,1,0.01,93,93.0,yes,buy,buy,,,,,2026-01-05T05:18:01.141164Z,Lose
06f65c3f-57fb-6c61-930e-9c2fac9d9a70,6cd3e8fd-414f-4743-be05-a05b1d7c98a5,KXMIASNOWM-26JAN-0.5,1,0.01,467,467.0,yes,buy,buy,,,,,2026-01-05T05:03:25.230696Z,Lose
8da45060-1beb-6f54-ca01-564cd8f5cd8c,573ec7d5-48a9-49c8-9915-2f25fa1fe143,KXMIASNOWM-26JAN-0.1,1,0.01,93,93.0,yes,buy,buy,,,,,2026-01-05T00:18:05.92768Z,Lose
5831c8ab-5883-7309-bc5f-891bbcb9cc60,6cd3e8fd-414f-4743-be05-a05b1d7c98a5,KXMIASNOWM-26JAN-0.5,1,0.01,93,93.0,yes,buy,buy,,,,,2026-01-04T20:55:24.464708Z,Lose
2a9156a6-4eff-56e4-7723-d3a7da5ecc38,573ec7d5-48a9-49c8-9915-2f25fa1fe143,KXMIASNOWM-26JAN-0.1,1,0.01,93,93.0,yes,buy,buy,,straight.grip,,0ad2ed31-6424-4ba6-8135-5bff0901cd6e,2026-01-04T19:04:28.044724Z,Lose
59d872ef-5d3b-7594-22c4-b70b01fa02c4,573ec7d5-48a9-49c8-9915-2f25fa1fe143,KXMIASNOWM-26JAN-0.1,1,0.01,93,93.0,yes,buy,buy,,blast.snake,,8cdb5143-619c-4b18-a852-1796c20e5df9,2026-01-04T18:28:27.0536Z,Lose
7e94522f-001b-45e4-0e75-7eac10db3cf8,573ec7d5-48a9-49c8-9915-2f25fa1fe143,KXMIASNOWM-26JAN-0.1,1,0.01,280,280.0,yes,buy,buy,,,,,2026-01-04T15:52:54.558124Z,Lose
aa9d0eae-162b-4978-1071-cafc8fc60788,573ec7d5-48a9-49c8-9915-2f25fa1fe143,KXMIASNOWM-26JAN-0.1,1,0.01,93,93.0,yes,buy,buy,,itzash,,96a2243f-299a-4c99-b411-bf5ff67f0ad1,2026-01-04T09:35:23.597384Z,Lose
d0d09973-1187-7257-932b-fcad221da37f,573ec7d5-48a9-49c8-9915-2f25fa1fe143,KXMIASNOWM-26JAN-0.1,2,0.02,467,467.0,yes,buy,buy,,,,,2026-01-04T06:31:07.753136Z,Lose
a871be28-f16f-6d3b-30ab-1d04f10cb41b,573ec7d5-48a9-49c8-9915-2f25fa1fe143,KXMIASNOWM-26JAN-0.1,2,0.02,93,93.0,yes,buy,buy,,,,,2026-01-04T02:18:56.826516Z,Lose
39cad236-628f-49a7-c427-9635d9fa7bd7,573ec7d5-48a9-49c8-9915-2f25fa1fe143,KXMIASNOWM-26JAN-0.1,2,0.02,233,233.0,yes,buy,buy,,nativewolf,,d36a57c6-cffc-4cb5-b56a-6941dfa393f7,2026-01-03T18:41:23.767464Z,Lose
64576e18-bda7-7fdf-1923-17d15e9c1c13,573ec7d5-48a9-49c8-9915-2f25fa1fe143,KXMIASNOWM-26JAN-0.1,2,0.02,233,233.0,yes,buy,buy,,,,,2026-01-03T15:38:32.598063Z,Lose
651cc172-949f-41c7-2376-8a5fd1d58307,573ec7d5-48a9-49c8-9915-2f25fa1fe143,KXMIASNOWM-26JAN-0.1,2,0.02,23,23.0,yes,buy,buy,,,,,2026-01-03T14:49:12.566124Z,Lose
46194859-42fb-44eb-1649-10fab2cfe437,573ec7d5-48a9-49c8-9915-2f25fa1fe143,KXMIASNOWM-26JAN-0.1,2,0.02,93,93.0,yes,buy,buy,,,,,2026-01-03T14:23:49.277476Z,Lose
d7d4b355-6ac7-6c47-7601-ec3cfeb51f53,573ec7d5-48a9-49c8-9915-2f25fa1fe143,KXMIASNOWM-26JAN-0.1,2,0.02,46,46.0,yes,buy,buy,,,,,2026-01-03T04:07:09.740706Z,Lose
623ba5d8-8a37-5aae-9c84-c2975dac8764,864405f4-6eb2-4335-8dc9-f658913b3905,KXMIASNOWM-26JAN-1.0,2,0.02,43,43.0,yes,buy,buy,,,,,2026-01-03T00:56:41.106104Z,Lose
1376cff4-25f2-55f0-b7a0-8eb89fb30acb,864405f4-6eb2-4335-8dc9-f658913b3905,KXMIASNOWM-26JAN-1.0,1,0.01,5,5.0,yes,buy,buy,heirjordan,,01c701f0-80d8-4087-821f-3d75528b575d,,2026-01-03T00:56:41.106104Z,Lose
7df14149-a6bb-492b-aaf0-d075e83afd87,573ec7d5-48a9-49c8-9915-2f25fa1fe143,KXMIASNOWM-26JAN-0.1,2,0.02,186,186.0,yes,buy,buy,,,,,2026-01-02T23:15:52.859121Z,Lose
3b5b8428-e707-499b-993d-2ac8c1e79348,573ec7d5-48a9-49c8-9915-2f25fa1fe143,KXMIASNOWM-26JAN-0.1,1,0.01,1,1.0,yes,buy,buy,,,,,2026-01-02T23:15:52.859121Z,Lose
7287c242-79d3-5e1b-e996-0b4b44cb8cd7,573ec7d5-48a9-49c8-9915-2f25fa1fe143,KXMIASNOWM-26JAN-0.1,2,0.02,23,23.0,yes,buy,buy,,,,,2026-01-02T22:05:36.336742Z,Lose
d07eb280-b2e2-6602-496c-f188f0b67333,864405f4-6eb2-4335-8dc9-f658913b3905,KXMIASNOWM-26JAN-1.0,1,0.01,5,5.0,yes,buy,buy,heirjordan,poor.piece,01c701f0-80d8-4087-821f-3d75528b575d,20ef331a-1d10-4020-aab1-184f31153f0c,2026-01-02T21:58:52.991134Z,Lose
9d25ba0f-9fc7-6032-521e-2eb60662dd9c,864405f4-6eb2-4335-8dc9-f658913b3905,KXMIASNOWM-26JAN-1.0,2,0.02,90,90.0,yes,buy,buy,,poor.piece,,20ef331a-1d10-4020-aab1-184f31153f0c,2026-01-02T21:58:52.991134Z,Lose
f155e805-dd72-4d69-306a-365ba5711954,6cd3e8fd-414f-4743-be05-a05b1d7c98a5,KXMIASNOWM-26JAN-0.5,1,0.01,5,5.0,yes,buy,buy,heirjordan,dead.pool,01c701f0-80d8-4087-821f-3d75528b575d,d858b371-e13c-43ae-a78a-5915310ae802,2026-01-02T20:15:10.422947Z,Lose
228bf751-f402-4d72-06c3-fb37d6b30115,6cd3e8fd-414f-4743-be05-a05b1d7c98a5,KXMIASNOWM-26JAN-0.5,2,0.02,137,137.0,yes,buy,buy,,dead.pool,,d858b371-e13c-43ae-a78a-5915310ae802,2026-01-02T20:15:10.422947Z,Lose
ceaa8d54-9333-5923-ea90-6f91fd3fd01b,573ec7d5-48a9-49c8-9915-2f25fa1fe143,KXMIASNOWM-26JAN-0.1,2,0.02,66,66.0,yes,buy,buy,,,,,2026-01-02T13:52:51.044992Z,Lose
a956033a-9f17-6c0b-4549-37d075933263,573ec7d5-48a9-49c8-9915-2f25fa1fe143,KXMIASNOWM-26JAN-0.1,2,0.02,46,46.0,yes,buy,buy,,,,,2026-01-02T00:46:16.560671Z,Lose
d31cffa2-cf40-7a8f-2632-bdf9c2207e81,573ec7d5-48a9-49c8-9915-2f25fa1fe143,KXMIASNOWM-26JAN-0.1,3,0.03,31,31.0,yes,buy,buy,,,,,2026-01-01T19:53:25.151777Z,Lose
725fc5d5-d63d-45e4-451d-cae1a20facdf,864405f4-6eb2-4335-8dc9-f658913b3905,KXMIASNOWM-26JAN-1.0,3,0.03,109,109.0,yes,buy,buy,,wysgsvwheh,,80de9356-533d-591c-f65b-bff070c7081b,2026-01-01T19:44:08.238633Z,Lose
14bcac6d-b2be-6dd3-910a-c43f9ec32d39,6cd3e8fd-414f-4743-be05-a05b1d7c98a5,KXMIASNOWM-26JAN-0.5,3,0.03,93,93.0,yes,buy,buy,,wysgsvwheh,,80de9356-533d-591c-f65b-bff070c7081b,2026-01-01T19:43:00.255102Z,Lose
2dd83c15-a0dc-6c03-b436-c862fbec5499,573ec7d5-48a9-49c8-9915-2f25fa1fe143,KXMIASNOWM-26JAN-0.1,3,0.03,93,93.0,yes,buy,buy,,wysgsvwheh,,80de9356-533d-591c-f65b-bff070c7081b,2026-01-01T19:42:44.264122Z,Lose
a09daebb-e7aa-684a-9fe5-20784edd4d10,864405f4-6eb2-4335-8dc9-f658913b3905,KXMIASNOWM-26JAN-1.0,1,0.01,200,200.0,no,buy,buy,,,,,2026-01-01T17:19:44.914098Z,Win
403cd772-c4fa-51d3-0eb2-53fe80c4d0e7,6cd3e8fd-414f-4743-be05-a05b1d7c98a5,KXMIASNOWM-26JAN-0.5,1,0.01,200,200.0,no,buy,buy,,,,,2026-01-01T17:19:35.832247Z,Win
c3054e4c-fccf-6162-b5f7-5da72f28efd2,573ec7d5-48a9-49c8-9915-2f25fa1fe143,KXMIASNOWM-26JAN-0.1,1,0.01,200,200.0,no,buy,buy,,,,,2026-01-01T17:19:20.695326Z,Win
63aafa13-4210-6e83-90ef-e0616240569c,573ec7d5-48a9-49c8-9915-2f25fa1fe143,KXMIASNOWM-26JAN-0.1,5,0.05,14,14.0,yes,buy,buy,,,,,2026-01-01T16:37:41.331844Z,Lose
3c899992-a7ac-5575-0fd9-01aec217edcb,5a128e45-8cd6-4a6b-933e-f3b3f341397b,KXMIASNOWM-25DEC-0.1,1,0.01,93,93.0,yes,buy,buy,hailmarry,,f1794f28-5625-4802-bb2e-0ed148101e61,,2025-12-31T20:35:40.811808Z,Lose
08ceb2df-b7e0-464d-b529-0ec8a115392f,5a128e45-8cd6-4a6b-933e-f3b3f341397b,KXMIASNOWM-25DEC-0.1,1,0.01,93,93.0,yes,buy,buy,hailmarry,,f1794f28-5625-4802-bb2e-0ed148101e61,,2025-12-31T19:33:37.203617Z,Lose
3ff57794-e790-64e4-8b33-e2b4bc03e6ed,5a128e45-8cd6-4a6b-933e-f3b3f341397b,KXMIASNOWM-25DEC-0.1,2,0.02,233,233.0,yes,buy,buy,,,,,2025-12-31T16:45:51.848628Z,Lose
a969da25-8cb4-737c-6628-eab4f59103f1,5a128e45-8cd6-4a6b-933e-f3b3f341397b,KXMIASNOWM-25DEC-0.1,2,0.02,46,46.0,yes,buy,buy,,,,,2025-12-31T16:38:10.600558Z,Lose
c918b4ab-97b5-606f-12c1-c69f87f69feb,5a128e45-8cd6-4a6b-933e-f3b3f341397b,KXMIASNOWM-25DEC-0.1,1,0.01,187,187.0,yes,buy,buy,,,,,2025-12-30T04:51:35.199637Z,Lose
8c854203-aa00-7904-75f3-1bc3fef98acd,5a128e45-8cd6-4a6b-933e-f3b3f341397b,KXMIASNOWM-25DEC-0.1,2,0.02,93,93.0,yes,buy,buy,,melva,,4f707716-136d-4742-b830-eec84ec8072f,2025-12-30T00:37:08.558824Z,Lose
f5f0ae58-e9ec-4add-5b91-3c6bd17eac76,82f5d164-3056-462e-a71f-49148c008f31,KXMIASNOWM-25DEC-0.5,2,0.02,93,93.0,yes,buy,buy,,melva,,4f707716-136d-4742-b830-eec84ec8072f,2025-12-30T00:36:50.49972Z,Lose
edbfb241-6320-6135-7ac4-9a808a107676,82f5d164-3056-462e-a71f-49148c008f31,KXMIASNOWM-25DEC-0.5,2,0.02,46,46.0,yes,buy,buy,,,,,2025-12-29T21:46:29.260812Z,Lose
83afd4b0-4624-4798-bf4f-f7418fd10671,5a128e45-8cd6-4a6b-933e-f3b3f341397b,KXMIASNOWM-25DEC-0.1,2,0.02,46,46.0,yes,buy,buy,,,,,2025-12-29T21:46:15.468931Z,Lose
0f4b7c54-e4f8-7b24-b884-43f71ed94159,5a128e45-8cd6-4a6b-933e-f3b3f341397b,KXMIASNOWM-25DEC-0.1,2,0.02,280,280.0,yes,buy,buy,,,,,2025-12-29T21:43:42.983742Z,Lose
68270299-e504-5bb8-c6b4-25853af50a61,5a128e45-8cd6-4a6b-933e-f3b3f341397b,KXMIASNOWM-25DEC-0.1,2,0.02,26,26.0,yes,buy,buy,,,,,2025-12-28T23:18:39.969017Z,Lose
a98cfbd2-4da4-4804-84c0-06bff1771385,5a128e45-8cd6-4a6b-933e-f3b3f341397b,KXMIASNOWM-25DEC-0.1,2,0.02,46,46.0,yes,buy,buy,,,,,2025-12-28T15:10:56.683456Z,Lose
f016473b-3688-6d5c-138b-9735e3112d59,5a128e45-8cd6-4a6b-933e-f3b3f341397b,KXMIASNOWM-25DEC-0.1,2,0.02,233,233.0,yes,buy,buy,,,,,2025-12-28T14:50:54.705Z,Lose
3ccd4cd2-96a4-4c44-f14b-2218d1c19985,5a128e45-8cd6-4a6b-933e-f3b3f341397b,KXMIASNOWM-25DEC-0.1,2,0.02,233,233.0,yes,buy,buy,,,,,2025-12-28T13:19:05.529935Z,Lose
4e3a20eb-bd40-5d00-659d-40e02a14c561,5a128e45-8cd6-4a6b-933e-f3b3f341397b,KXMIASNOWM-25DEC-0.1,2,0.02,46,46.0,yes,buy,buy,,ollie23244,,414819bc-7c11-4585-a1fd-279157619b2f,2025-12-27T13:51:01.281016Z,Lose
afabb405-5324-7108-b759-b06399c757f9,5a128e45-8cd6-4a6b-933e-f3b3f341397b,KXMIASNOWM-25DEC-0.1,2,0.02,46,46.0,yes,buy,buy,,,,,2025-12-26T22:04:10.914636Z,Lose
51547429-f5ac-4631-164f-df806f291b6e,82f5d164-3056-462e-a71f-49148c008f31,KXMIASNOWM-25DEC-0.5,2,0.02,25,25.0,yes,buy,buy,,Archi34,,fe5f7de6-91ff-4602-9e00-f2aafbd5f641,2025-12-26T02:10:02.339139Z,Lose
b3bb6703-0f74-4c6c-c476-3bc17862610d,5a128e45-8cd6-4a6b-933e-f3b3f341397b,KXMIASNOWM-25DEC-0.1,2,0.02,233,233.0,yes,buy,buy,,,,,2025-12-25T21:24:34.244956Z,Lose
cb3b6552-ea5c-436c-18ac-bc3005c8ea2d,5a128e45-8cd6-4a6b-933e-f3b3f341397b,KXMIASNOWM-25DEC-0.1,2,0.02,233,233.0,yes,buy,buy,,,,,2025-12-25T21:23:57.863474Z,Lose
7f6ed8b7-d99d-5453-9dfc-46a136a70241,5a128e45-8cd6-4a6b-933e-f3b3f341397b,KXMIASNOWM-25DEC-0.1,1,0.01,47,47.0,yes,sell,buy,intelligent.shrimp,,b003134a-4d84-4161-ab09-bd29161c448e,,2025-12-25T17:53:25.316906Z,Lose
03399938-248c-5230-bdb6-b7ad801b96d5,5a128e45-8cd6-4a6b-933e-f3b3f341397b,KXMIASNOWM-25DEC-0.1,2,0.02,22,22.0,yes,buy,buy,,,,,2025-12-25T17:53:25.316906Z,Lose
68c3abe8-e0c9-44eb-fe18-d265c1eea68d,5a128e45-8cd6-4a6b-933e-f3b3f341397b,KXMIASNOWM-25DEC-0.1,1,0.01,93,93.0,yes,sell,buy,intelligent.shrimp,,b003134a-4d84-4161-ab09-bd29161c448e,,2025-12-25T13:10:51.420928Z,Lose
f5adaf49-e718-7cc1-d601-35c7411a0152,82f5d164-3056-462e-a71f-49148c008f31,KXMIASNOWM-25DEC-0.5,2,0.02,46,46.0,yes,buy,buy,,peterpan369,,30a2b083-e426-4086-b8c5-403394c86c7e,2025-12-24T21:58:27.288129Z,Lose
07350fc8-66a5-41a0-cb8a-3ea80b802bc7,b6adf731-0837-4c62-bcf7-ace42e64230c,KXMIASNOWM-25DEC-1.0,2,0.02,93,93.0,yes,buy,buy,,peterpan369,,30a2b083-e426-4086-b8c5-403394c86c7e,2025-12-24T21:58:16.553442Z,Lose
8e6d8bf6-ed9d-5e8f-ea49-f7456af81499,5a128e45-8cd6-4a6b-933e-f3b3f341397b,KXMIASNOWM-25DEC-0.1,1,0.01,93,93.0,yes,sell,buy,intelligent.shrimp,,b003134a-4d84-4161-ab09-bd29161c448e,,2025-12-24T21:21:39.134159Z,Lose
1bab95f6-df04-4c48-7e89-2becb652d8e1,5a128e45-8cd6-4a6b-933e-f3b3f341397b,KXMIASNOWM-25DEC-0.1,2,0.02,46,46.0,yes,buy,buy,,peterpan369,,30a2b083-e426-4086-b8c5-403394c86c7e,2025-12-24T20:23:26.184093Z,Lose
37733328-c4b8-7d9c-dfe2-4ca708ab2f51,5a128e45-8cd6-4a6b-933e-f3b3f341397b,KXMIASNOWM-25DEC-0.1,2,0.02,253,253.0,yes,buy,buy,,nathan.bisic,,ef0e77e4-bb4e-462d-ace1-ca4929dd8560,2025-12-24T10:25:18.228222Z,Lose
53f6f03b-315c-481d-49f7-8e1590c88c8e,82f5d164-3056-462e-a71f-49148c008f31,KXMIASNOWM-25DEC-0.5,2,0.02,1,1.0,yes,buy,buy,,Archi34,,fe5f7de6-91ff-4602-9e00-f2aafbd5f641,2025-12-24T02:04:50.077554Z,Lose
04bfb93b-0bb8-4dd0-429c-5350057effcd,5a128e45-8cd6-4a6b-933e-f3b3f341397b,KXMIASNOWM-25DEC-0.1,2,0.02,23,23.0,yes,buy,buy,,LocalCafeLounger,,adb5d304-6cbb-440d-8870-9c9b0de2187c,2025-12-24T01:04:46.120899Z,Lose
a0c05d0c-d8a5-6fd6-f2b7-176a0b8a5000,b6adf731-0837-4c62-bcf7-ace42e64230c,KXMIASNOWM-25DEC-1.0,2,0.02,19,19.0,yes,sell,buy,shaneschanged,Archi34,1758d241-079f-4f5d-9530-bcc3c71eb75c,fe5f7de6-91ff-4602-9e00-f2aafbd5f641,2025-12-23T22:38:40.881556Z,Lose
75392cad-bb54-4aa8-41f1-f61aec42e889,5a128e45-8cd6-4a6b-933e-f3b3f341397b,KXMIASNOWM-25DEC-0.1,2,0.02,467,467.0,yes,buy,buy,,,,,2025-12-23T00:09:37.05025Z,Lose
e7e329ed-cce4-4170-8c6d-b21d44e0d6a9,5a128e45-8cd6-4a6b-933e-f3b3f341397b,KXMIASNOWM-25DEC-0.1,2,0.02,233,233.0,yes,buy,buy,,,,,2025-12-22T02:01:35.883476Z,Lose
089adb2b-75bc-75cd-e9ed-844dde429726,82f5d164-3056-462e-a71f-49148c008f31,KXMIASNOWM-25DEC-0.5,2,0.02,46,46.0,yes,buy,buy,,Rlmuru,,39fc5770-3f0e-4e65-8da3-4684df4dbac6,2025-12-20T20:03:09.864177Z,Lose
45783efb-8dcc-6918-c94e-9c27fecdb261,5a128e45-8cd6-4a6b-933e-f3b3f341397b,KXMIASNOWM-25DEC-0.1,2,0.02,46,46.0,yes,buy,buy,,Rlmuru,,39fc5770-3f0e-4e65-8da3-4684df4dbac6,2025-12-20T20:03:01.333233Z,Lose
62fd6f47-5dd0-69cc-43a7-fb1afc464299,5a128e45-8cd6-4a6b-933e-f3b3f341397b,KXMIASNOWM-25DEC-0.1,2,0.02,4,4.0,yes,buy,buy,,r3rock,,b6ee205a-fcad-4899-bb1d-2c0ca9f187ee,2025-12-20T19:53:18.104059Z,Lose
eab1ee32-1278-4ddc-7465-9a69d2e2d795,5a128e45-8cd6-4a6b-933e-f3b3f341397b,KXMIASNOWM-25DEC-0.1,2,0.02,140,140.0,yes,buy,buy,,crazycorndog,,29ca5a4f-f173-4884-846e-8824aa902edf,2025-12-20T13:43:15.634694Z,Lose
b868ad1c-ccd8-4fe0-9433-6d1a6c08c50d,5a128e45-8cd6-4a6b-933e-f3b3f341397b,KXMIASNOWM-25DEC-0.1,2,0.02,46,46.0,yes,buy,buy,,weed.pipe,,6725cc41-406d-4965-a0e3-7999b23bc5c3,2025-12-20T13:36:03.616937Z,Lose
2d3d7712-1604-6d44-da40-d986ec54b271,5a128e45-8cd6-4a6b-933e-f3b3f341397b,KXMIASNOWM-25DEC-0.1,2,0.02,46,46.0,yes,buy,buy,,sick.jail,,6a3e3f0a-80bc-46e7-88a2-64cdf765f5f6,2025-12-19T22:44:43.954996Z,Lose
009c7ab8-e7e0-7c65-445d-137280e8b1ea,82f5d164-3056-462e-a71f-49148c008f31,KXMIASNOWM-25DEC-0.5,2,0.02,46,46.0,yes,buy,buy,,sick.jail,,6a3e3f0a-80bc-46e7-88a2-64cdf765f5f6,2025-12-19T22:43:37.206619Z,Lose
dfe726e2-1098-72e8-f1f1-e15a6fa20b09,5a128e45-8cd6-4a6b-933e-f3b3f341397b,KXMIASNOWM-25DEC-0.1,2,0.02,93,93.0,yes,buy,buy,,,,,2025-12-19T05:34:14.769193Z,Lose
2b4bfdb8-ccd8-6e60-5afa-6c802e8b4439,5a128e45-8cd6-4a6b-933e-f3b3f341397b,KXMIASNOWM-25DEC-0.1,2,0.02,93,93.0,yes,buy,buy,,,,,2025-12-18T22:51:37.278774Z,Lose
1501fd33-f44c-462c-d34d-6d1f5728df65,5a128e45-8cd6-4a6b-933e-f3b3f341397b,KXMIASNOWM-25DEC-0.1,2,0.02,233,233.0,yes,buy,buy,,,,,2025-12-18T18:19:25.503746Z,Lose
844046e8-5780-5fac-3510-d102b8749f41,5a128e45-8cd6-4a6b-933e-f3b3f341397b,KXMIASNOWM-25DEC-0.1,2,0.02,85,85.0,yes,buy,buy,,ito.5,,9b1d900e-28fe-42ca-bc7c-8cc49a8b64c3,2025-12-17T18:18:35.310103Z,Lose
6e27d3ec-fecc-6ddf-f24a-26d30439a6c4,82f5d164-3056-462e-a71f-49148c008f31,KXMIASNOWM-25DEC-0.5,2,0.02,5,5.0,yes,buy,buy,,ito.5,,9b1d900e-28fe-42ca-bc7c-8cc49a8b64c3,2025-12-17T18:18:11.774607Z,Lose
1a19a658-5d87-682b-dbbf-a6946ca42fcc,82f5d164-3056-462e-a71f-49148c008f31,KXMIASNOWM-25DEC-0.5,3,0.03,152,152.0,yes,buy,buy,,ito.5,,9b1d900e-28fe-42ca-bc7c-8cc49a8b64c3,2025-12-17T18:18:11.774607Z,Lose
74825a79-4664-6978-17e9-8bf77fd24ca5,5a128e45-8cd6-4a6b-933e-f3b3f341397b,KXMIASNOWM-25DEC-0.1,2,0.02,171,171.0,yes,buy,buy,,,,,2025-12-17T16:51:08.229129Z,Lose
3ba5c675-06b0-7b48-e902-5df45918c2ad,5a128e45-8cd6-4a6b-933e-f3b3f341397b,KXMIASNOWM-25DEC-0.1,2,0.02,46,46.0,yes,buy,buy,,,,,2025-12-17T14:38:11.475207Z,Lose
b341a32d-3cf7-7f93-4315-5c96d492dc48,82f5d164-3056-462e-a71f-49148c008f31,KXMIASNOWM-25DEC-0.5,3,0.03,8,8.0,yes,buy,buy,,pksaint,,be7e977d-692d-45a4-89d6-e082c6d277db,2025-12-17T07:37:30.016812Z,Lose
6886ff78-cd43-4397-55bd-c7c66d17e390,82f5d164-3056-462e-a71f-49148c008f31,KXMIASNOWM-25DEC-0.5,3,0.03,62,62.0,yes,buy,buy,,,,,2025-12-17T03:42:04.377928Z,Lose
958fb64c-fe57-45eb-52fd-4ac99f95b0f4,82f5d164-3056-462e-a71f-49148c008f31,KXMIASNOWM-25DEC-0.5,3,0.03,62,62.0,yes,buy,buy,,,,,2025-12-16T14:49:53.419861Z,Lose
b3cf8a16-ee31-6cb6-8e23-0d510c0e9893,5a128e45-8cd6-4a6b-933e-f3b3f341397b,KXMIASNOWM-25DEC-0.1,3,0.03,156,156.0,yes,buy,buy,,,,,2025-12-15T20:54:36.162851Z,Lose
176b7743-689d-578e-dafe-1778b93bf323,5a128e45-8cd6-4a6b-933e-f3b3f341397b,KXMIASNOWM-25DEC-0.1,3,0.03,31,31.0,yes,buy,buy,,vy1nails,,97bb2bca-f9c2-4ed8-97a7-6bb6fb72d8e8,2025-12-15T18:11:21.781279Z,Lose
be866f20-f76d-7f42-af6c-e78e70b08cf3,5a128e45-8cd6-4a6b-933e-f3b3f341397b,KXMIASNOWM-25DEC-0.1,3,0.03,31,31.0,yes,buy,buy,,,,,2025-12-15T15:58:39.020012Z,Lose
ff5c7281-c731-522e-7ae1-4f4fc885e007,5a128e45-8cd6-4a6b-933e-f3b3f341397b,KXMIASNOWM-25DEC-0.1,3,0.03,31,31.0,yes,buy,buy,,,,,2025-12-15T10:23:51.497704Z,Lose
ffcf8f73-8ff9-731a-a6cc-015a4928aeef,5a128e45-8cd6-4a6b-933e-f3b3f341397b,KXMIASNOWM-25DEC-0.1,3,0.03,31,31.0,yes,buy,buy,,,,,2025-12-15T06:21:55.992214Z,Lose
e1dbf3f2-9fdb-68c0-637e-226794dbc8f5,b6adf731-0837-4c62-bcf7-ace42e64230c,KXMIASNOWM-25DEC-1.0,3,0.03,24,24.0,yes,sell,buy,domincan.papi,dre55,0680da5a-49fc-46b3-850c-60ae08661865,ddd1e391-b653-4fd6-aa7a-1aa49bc76130,2025-12-15T05:36:56.728493Z,Lose
a790aa39-134e-6dd1-604b-6ceec7ee453e,b6adf731-0837-4c62-bcf7-ace42e64230c,KXMIASNOWM-25DEC-1.0,2,0.02,10,10.0,yes,buy,buy,NovaRex,dre55,fbc39808-5980-458e-b20c-3116287e775d,ddd1e391-b653-4fd6-aa7a-1aa49bc76130,2025-12-15T05:36:56.728493Z,Lose
ca79d7ad-a241-6c93-aff0-95590649dd16,82f5d164-3056-462e-a71f-49148c008f31,KXMIASNOWM-25DEC-0.5,2,0.02,2,2.0,yes,buy,buy,NovaRex,dre55,fbc39808-5980-458e-b20c-3116287e775d,ddd1e391-b653-4fd6-aa7a-1aa49bc76130,2025-12-15T05:36:30.970806Z,Lose
141a7a51-7217-6d0b-89c2-186675103828,82f5d164-3056-462e-a71f-49148c008f31,KXMIASNOWM-25DEC-0.5,3,0.03,29,29.0,yes,buy,buy,,dre55,,ddd1e391-b653-4fd6-aa7a-1aa49bc76130,2025-12-15T05:36:30.970806Z,Lose
94fa2ed4-36e7-408c-7d92-25bcef371ba5,b6adf731-0837-4c62-bcf7-ace42e64230c,KXMIASNOWM-25DEC-1.0,3,0.03,30,30.0,yes,sell,buy,domincan.papi,Archi34,0680da5a-49fc-46b3-850c-60ae08661865,fe5f7de6-91ff-4602-9e00-f2aafbd5f641,2025-12-13T18:47:44.413707Z,Lose
33fbc4d5-2f05-505a-21c5-15895de0264f,5a128e45-8cd6-4a6b-933e-f3b3f341397b,KXMIASNOWM-25DEC-0.1,3,0.03,312,312.0,yes,buy,buy,,itsmrcollins,,97b33359-84be-4603-9f72-2da5cdff55b1,2025-12-13T17:29:13.769867Z,Lose
c2ae8404-34d5-633e-f799-0baf49f03de7,5a128e45-8cd6-4a6b-933e-f3b3f341397b,KXMIASNOWM-25DEC-0.1,3,0.03,30,30.0,yes,buy,buy,,flwater86,,da5fcfc7-4c97-46bc-a2cf-aebfb27e8638,2025-12-13T16:44:46.468474Z,Lose
21a0db50-f686-6387-ffb4-0817d7f96013,5a128e45-8cd6-4a6b-933e-f3b3f341397b,KXMIASNOWM-25DEC-0.1,2,0.02,1,1.0,yes,buy,buy,NovaRex,flwater86,fbc39808-5980-458e-b20c-3116287e775d,da5fcfc7-4c97-46bc-a2cf-aebfb27e8638,2025-12-13T16:44:46.468474Z,Lose
b59ea552-3ff5-638a-5a9e-b70811770d83,5a128e45-8cd6-4a6b-933e-f3b3f341397b,KXMIASNOWM-25DEC-0.1,3,0.03,9,9.0,yes,buy,buy,,,,,2025-12-13T00:11:09.078776Z,Lose
aad2af1f-b387-5fc7-8e01-237b72e53650,82f5d164-3056-462e-a71f-49148c008f31,KXMIASNOWM-25DEC-0.5,3,0.03,31,31.0,yes,buy,buy,,raeebarnett,,67f0cead-03e6-4c56-822b-07c8a5844748,2025-12-12T18:34:07.31938Z,Lose
2360dbb6-b4b5-49b2-b386-b38288ebf577,5a128e45-8cd6-4a6b-933e-f3b3f341397b,KXMIASNOWM-25DEC-0.1,3,0.03,62,62.0,yes,buy,buy,,,,,2025-12-12T02:56:32.463797Z,Lose
1edc4eee-e989-61b2-1048-f74a548b5387,5a128e45-8cd6-4a6b-933e-f3b3f341397b,KXMIASNOWM-25DEC-0.1,3,0.03,156,156.0,yes,buy,buy,,,,,2025-12-12T02:50:52.481012Z,Lose
11eaff0c-0251-6bfe-a6fd-a25c02fc2a9f,5a128e45-8cd6-4a6b-933e-f3b3f341397b,KXMIASNOWM-25DEC-0.1,3,0.03,31,31.0,yes,buy,buy,,,,,2025-12-11T22:46:52.254483Z,Lose
f0f04fad-d45b-612f-863e-69c64acda620,82f5d164-3056-462e-a71f-49148c008f31,KXMIASNOWM-25DEC-0.5,3,0.03,53,53.0,yes,buy,buy,,,,,2025-12-11T19:05:42.803095Z,Lose
e4c5f47e-6039-6452-882f-3b29ba1a21ac,82f5d164-3056-462e-a71f-49148c008f31,KXMIASNOWM-25DEC-0.5,3,0.03,5,5.0,yes,buy,buy,,,,,2025-12-11T19:05:42.803095Z,Lose
e3f8ba30-79b1-6a90-8e64-8a5b998254d5,82f5d164-3056-462e-a71f-49148c008f31,KXMIASNOWM-25DEC-0.5,2,0.02,5,5.0,yes,buy,buy,,,,,2025-12-11T19:05:42.803095Z,Lose
e88a341c-45fd-4093-0693-6b6b42e6eaf8,5a128e45-8cd6-4a6b-933e-f3b3f341397b,KXMIASNOWM-25DEC-0.1,2,0.02,5,5.0,yes,buy,buy,,,,,2025-12-11T15:50:41.907104Z,Lose
4a21b37a-34bd-4296-12cf-2d83ee8fb88f,5a128e45-8cd6-4a6b-933e-f3b3f341397b,KXMIASNOWM-25DEC-0.1,3,0.03,48,48.0,yes,buy,buy,,,,,2025-12-11T15:50:41.907104Z,Lose
d4a09057-5dad-4aca-8b03-e9532b08a737,5a128e45-8cd6-4a6b-933e-f3b3f341397b,KXMIASNOWM-25DEC-0.1,3,0.03,31,31.0,yes,buy,buy,,dajamm,,552eaf5e-3d9a-4685-bc9d-6e99fc89ae25,2025-12-11T06:38:23.226269Z,Lose
ce719167-9530-740d-b229-3942f6cae612,5a128e45-8cd6-4a6b-933e-f3b3f341397b,KXMIASNOWM-25DEC-0.1,2,0.02,66,66.0,no,buy,buy,,,,,2025-12-10T05:18:28.311645Z,Win
9e8948e5-d9b7-77d7-b863-ed0bc185bf21,5a128e45-8cd6-4a6b-933e-f3b3f341397b,KXMIASNOWM-25DEC-0.1,1,0.01,1,1.0,no,buy,buy,,,,,2025-12-10T05:18:28.311645Z,Win
486a7215-4149-799c-bce1-b4cd2b2b14dc,5a128e45-8cd6-4a6b-933e-f3b3f341397b,KXMIASNOWM-25DEC-0.1,1,0.01,199,199.0,no,buy,buy,,,,,2025-12-10T05:18:28.311645Z,Win
10db5bb2-bff5-60ce-4def-2d1a148bf4ff,5a128e45-8cd6-4a6b-933e-f3b3f341397b,KXMIASNOWM-25DEC-0.1,3,0.03,22,22.0,yes,buy,buy,,,,,2025-12-10T05:04:00.524002Z,Lose
4bd1da65-0f19-5696-baa2-3cc19893ea3b,5a128e45-8cd6-4a6b-933e-f3b3f341397b,KXMIASNOWM-25DEC-0.1,3,0.03,222,222.0,yes,buy,buy,,,,,2025-12-10T04:59:15.788462Z,Lose
0fe72364-86c1-7c96-947e-bb7e55a6b873,5a128e45-8cd6-4a6b-933e-f3b3f341397b,KXMIASNOWM-25DEC-0.1,3,0.03,44,44.0,yes,buy,buy,,,,,2025-12-10T04:25:05.604775Z,Lose
b80056b6-51a2-5b9f-2766-8e9ea6dc49ec,b6adf731-0837-4c62-bcf7-ace42e64230c,KXMIASNOWM-25DEC-1.0,4,0.04,6,6.0,yes,buy,buy,,domincan.papi,,0680da5a-49fc-46b3-850c-60ae08661865,2025-12-10T04:13:10.328243Z,Lose
936ddd8b-0a1c-551c-2444-41325b73dfff,b6adf731-0837-4c62-bcf7-ace42e64230c,KXMIASNOWM-25DEC-1.0,3,0.03,5,5.0,yes,buy,buy,,domincan.papi,,0680da5a-49fc-46b3-850c-60ae08661865,2025-12-10T04:13:10.328243Z,Lose
8614214c-00a7-51fa-0bd6-10073a98c76e,b6adf731-0837-4c62-bcf7-ace42e64230c,KXMIASNOWM-25DEC-1.0,4,0.04,100,100.0,yes,buy,buy,,domincan.papi,,0680da5a-49fc-46b3-850c-60ae08661865,2025-12-10T04:13:10.328243Z,Lose
6ed25f13-1b1e-5c1a-1636-2072cb1b5c98,b6adf731-0837-4c62-bcf7-ace42e64230c,KXMIASNOWM-25DEC-1.0,6,0.06,20,20.0,yes,buy,buy,,domincan.papi,,0680da5a-49fc-46b3-850c-60ae08661865,2025-12-10T04:13:10.328243Z,Lose
e09054ae-3a3b-5f2d-4365-b9eff01eede0,5a128e45-8cd6-4a6b-933e-f3b3f341397b,KXMIASNOWM-25DEC-0.1,2,0.02,2,2.0,no,buy,buy,,,,,2025-12-10T04:06:18.769061Z,Win
c3bb1c6f-a763-572f-6aeb-b57daec5910b,5a128e45-8cd6-4a6b-933e-f3b3f341397b,KXMIASNOWM-25DEC-0.1,2,0.02,7,7.0,no,buy,buy,,,,,2025-12-10T04:06:18.769061Z,Win
4837dc26-4df5-51b8-440c-cceac01623e4,5a128e45-8cd6-4a6b-933e-f3b3f341397b,KXMIASNOWM-25DEC-0.1,1,0.01,1,1.0,no,buy,buy,,,,,2025-12-10T04:06:18.769061Z,Win
f7f88fe5-3b91-4533-7112-270d018dedb7,b6adf731-0837-4c62-bcf7-ace42e64230c,KXMIASNOWM-25DEC-1.0,2,0.02,10,10.0,no,buy,buy,Archi34,,fe5f7de6-91ff-4602-9e00-f2aafbd5f641,,2025-12-10T03:59:19.594696Z,Win
ee736338-84bd-4506-748f-f996390f5b63,5a128e45-8cd6-4a6b-933e-f3b3f341397b,KXMIASNOWM-25DEC-0.1,3,0.03,2,2.0,yes,buy,buy,,,,,2025-12-10T03:49:17.379484Z,Lose
e42182fe-d9e2-4111-5847-396c87d87d72,5a128e45-8cd6-4a6b-933e-f3b3f341397b,KXMIASNOWM-25DEC-0.1,3,0.03,5,5.0,yes,buy,buy,,,,,2025-12-10T03:49:17.379484Z,Lose
f99f471a-b9f6-6cf3-8031-00a25c3a9200,b6adf731-0837-4c62-bcf7-ace42e64230c,KXMIASNOWM-25DEC-1.0,4,0.04,4,4.0,yes,buy,buy,,mansi,,592ad902-6eff-4754-ac3a-c057284a7b50,2025-12-10T03:35:23.640852Z,Lose
b38fe3c7-7664-6b47-80d5-5ea702ecb18c,b6adf731-0837-4c62-bcf7-ace42e64230c,KXMIASNOWM-25DEC-1.0,3,0.03,25,25.0,yes,buy,buy,,mansi,,592ad902-6eff-4754-ac3a-c057284a7b50,2025-12-10T03:35:23.640852Z,Lose
0632bc1a-3abb-5ec2-777e-f0374997066a,b6adf731-0837-4c62-bcf7-ace42e64230c,KXMIASNOWM-25DEC-1.0,2,0.02,5,5.0,yes,buy,buy,,Archi34,,fe5f7de6-91ff-4602-9e00-f2aafbd5f641,2025-12-10T02:17:33.666275Z,Lose
9312e7c0-1eca-5007-9ff9-77a80264f028,5a128e45-8cd6-4a6b-933e-f3b3f341397b,KXMIASNOWM-25DEC-0.1,4,0.04,100,100.0,yes,sell,buy,,Tabasko,,461b3894-290f-4897-8ca5-4c55ceac3385,2025-12-09T07:09:20.23635Z,Lose
9006441c-43a4-5e83-953a-855b18ead6f8,5a128e45-8cd6-4a6b-933e-f3b3f341397b,KXMIASNOWM-25DEC-0.1,5,0.05,13,13.0,yes,buy,buy,,Tabasko,,461b3894-290f-4897-8ca5-4c55ceac3385,2025-12-09T07:09:20.23635Z,Lose
dadb4dba-ab14-5fe7-9e06-38761f65bbd4,5a128e45-8cd6-4a6b-933e-f3b3f341397b,KXMIASNOWM-25DEC-0.1,6,0.06,9,9.0,yes,buy,sell,,kurdty,,b88e24fb-b5a1-486a-a8cd-2e89c54eb9b3,2025-12-09T04:05:37.999273Z,Win
4270b092-578c-6593-a86e-ac3b22ba22c0,5a128e45-8cd6-4a6b-933e-f3b3f341397b,KXMIASNOWM-25DEC-0.1,6,0.06,78,78.0,yes,buy,buy,,,,,2025-12-08T23:55:03.626629Z,Lose
89a61afd-19e0-4a23-c57c-dc5defea34f0,5a128e45-8cd6-4a6b-933e-f3b3f341397b,KXMIASNOWM-25DEC-0.1,6,0.06,15,15.0,yes,buy,buy,,,,,2025-12-08T23:11:08.703802Z,Lose
a3b34ec0-b53f-7f22-b5a1-88cf4d6a3151,82f5d164-3056-462e-a71f-49148c008f31,KXMIASNOWM-25DEC-0.5,3,0.03,5,5.0,yes,buy,buy,,,,,2025-12-08T22:48:09.013917Z,Lose
2fb63e14-0f33-72c9-8a32-52d0688e8ee6,82f5d164-3056-462e-a71f-49148c008f31,KXMIASNOWM-25DEC-0.5,4,0.04,19,19.0,yes,buy,buy,,,,,2025-12-08T22:48:09.013917Z,Lose
f33f758d-d358-62d7-d12e-edf9ebd5b890,5a128e45-8cd6-4a6b-933e-f3b3f341397b,KXMIASNOWM-25DEC-0.1,6,0.06,15,15.0,yes,buy,buy,,rigandroll,,92c054e3-65d5-4c68-b5b0-c508c130d25c,2025-12-08T21:43:48.267648Z,Lose
fe4052fa-68b2-69fd-82b5-24a6372e5e71,5a128e45-8cd6-4a6b-933e-f3b3f341397b,KXMIASNOWM-25DEC-0.1,6,0.06,7,7.0,yes,sell,buy,,,,,2025-12-08T20:49:30.338346Z,Lose
fa93e506-a6d6-6e99-bba3-09facfcf30bb,5a128e45-8cd6-4a6b-933e-f3b3f341397b,KXMIASNOWM-25DEC-0.1,6,0.06,1,1.0,yes,sell,buy,,,,,2025-12-08T20:49:30.338346Z,Lose
b911b356-0de2-6744-b4d1-ae3f37f8d002,5a128e45-8cd6-4a6b-933e-f3b3f341397b,KXMIASNOWM-25DEC-0.1,6,0.06,5,5.0,yes,sell,buy,,,,,2025-12-08T20:49:30.338346Z,Lose
b6ca17e6-84e4-6700-83e8-096d61c704ba,5a128e45-8cd6-4a6b-933e-f3b3f341397b,KXMIASNOWM-25DEC-0.1,8,0.08,5,5.0,yes,buy,buy,,,,,2025-12-08T20:49:30.338346Z,Lose
88b04c52-ccb4-6351-82f2-718267c3fd9a,5a128e45-8cd6-4a6b-933e-f3b3f341397b,KXMIASNOWM-25DEC-0.1,7,0.07,1,1.0,yes,sell,buy,,,,,2025-12-08T20:49:30.338346Z,Lose
74ecc5be-b36e-699c-ad96-abe3ab206d0b,5a128e45-8cd6-4a6b-933e-f3b3f341397b,KXMIASNOWM-25DEC-0.1,8,0.08,5,5.0,yes,sell,buy,,,,,2025-12-08T20:49:30.338346Z,Lose
6ce4c5a0-5867-6db3-9481-33024177b8b5,5a128e45-8cd6-4a6b-933e-f3b3f341397b,KXMIASNOWM-25DEC-0.1,7,0.07,250,250.0,yes,buy,buy,,,,,2025-12-08T20:49:30.338346Z,Lose
6827d412-95b8-6ab1-ba5e-7e1e953d44df,5a128e45-8cd6-4a6b-933e-f3b3f341397b,KXMIASNOWM-25DEC-0.1,6,0.06,4,4.0,yes,sell,buy,,,,,2025-12-08T20:49:30.338346Z,Lose
0c543b51-69f5-699c-aa9f-b874b4d4545f,5a128e45-8cd6-4a6b-933e-f3b3f341397b,KXMIASNOWM-25DEC-0.1,6,0.06,5,5.0,yes,buy,buy,,,,,2025-12-08T20:49:30.338346Z,Lose
6d046bf7-f7d6-6f94-6fa9-40a4b364f45b,5a128e45-8cd6-4a6b-933e-f3b3f341397b,KXMIASNOWM-25DEC-0.1,2,0.02,9,9.0,no,buy,buy,,kurdty,,b88e24fb-b5a1-486a-a8cd-2e89c54eb9b3,2025-12-08T20:43:43.90472Z,Win
dc174105-a845-51d3-eee3-dbe650945960,5a128e45-8cd6-4a6b-933e-f3b3f341397b,KXMIASNOWM-25DEC-0.1,8,0.08,5,5.0,yes,buy,buy,,,,,2025-12-08T18:55:23.399976Z,Lose
d74daea0-d686-5537-f200-e583a2da058e,5a128e45-8cd6-4a6b-933e-f3b3f341397b,KXMIASNOWM-25DEC-0.1,8,0.08,1,1.0,yes,sell,buy,,,,,2025-12-08T18:55:23.399976Z,Lose
993c390e-a5fb-5369-fc74-a32779f4b89a,5a128e45-8cd6-4a6b-933e-f3b3f341397b,KXMIASNOWM-25DEC-0.1,8,0.08,5,5.0,yes,sell,buy,,,,,2025-12-08T18:55:23.399976Z,Lose
b884764b-f4fb-53dd-2e62-021d8e8dfda1,5a128e45-8cd6-4a6b-933e-f3b3f341397b,KXMIASNOWM-25DEC-0.1,8,0.08,50,50.0,yes,buy,buy,,Archi34,,fe5f7de6-91ff-4602-9e00-f2aafbd5f641,2025-12-08T12:58:13.820877Z,Lose
920b2133-7638-476b-35cc-5c3cc0fc947c,b6adf731-0837-4c62-bcf7-ace42e64230c,KXMIASNOWM-25DEC-1.0,3,0.03,175,175.0,yes,buy,buy,,Archi34,,fe5f7de6-91ff-4602-9e00-f2aafbd5f641,2025-12-08T11:54:40.145977Z,Lose
712d7a3d-c1ac-4312-0095-2d3c7670626c,b6adf731-0837-4c62-bcf7-ace42e64230c,KXMIASNOWM-25DEC-1.0,2,0.02,120,120.0,yes,buy,buy,,Archi34,,fe5f7de6-91ff-4602-9e00-f2aafbd5f641,2025-12-08T11:54:40.145977Z,Lose
6e9910f4-1911-4159-3627-403adf506fc2,b6adf731-0837-4c62-bcf7-ace42e64230c,KXMIASNOWM-25DEC-1.0,2,0.02,5,5.0,yes,buy,buy,,Archi34,,fe5f7de6-91ff-4602-9e00-f2aafbd5f641,2025-12-08T11:54:40.145977Z,Lose
b29278e2-4a5b-4a91-85d0-ee4bb55a8e5a,82f5d164-3056-462e-a71f-49148c008f31,KXMIASNOWM-25DEC-0.5,4,0.04,152,152.0,yes,buy,buy,,,,,2025-12-08T09:17:03.689452Z,Lose
14c765ca-b4b1-4be7-ac0f-bda606894edc,82f5d164-3056-462e-a71f-49148c008f31,KXMIASNOWM-25DEC-0.5,3,0.03,48,48.0,yes,buy,buy,,,,,2025-12-08T09:17:03.689452Z,Lose
459e5ea1-84c6-72e1-cb73-22c0fff2fbc9,5a128e45-8cd6-4a6b-933e-f3b3f341397b,KXMIASNOWM-25DEC-0.1,9,0.09,167,167.0,yes,buy,buy,,Archi34,,fe5f7de6-91ff-4602-9e00-f2aafbd5f641,2025-12-08T09:17:00.4213Z,Lose
15f6c6d1-9b8b-7765-edeb-af425bafa8a9,5a128e45-8cd6-4a6b-933e-f3b3f341397b,KXMIASNOWM-25DEC-0.1,8,0.08,33,33.0,yes,sell,buy,,Archi34,,fe5f7de6-91ff-4602-9e00-f2aafbd5f641,2025-12-08T09:17:00.4213Z,Lose
e7b5a990-2493-5ec0-d718-c2bc57dd8dcb,5a128e45-8cd6-4a6b-933e-f3b3f341397b,KXMIASNOWM-25DEC-0.1,3,0.03,191,191.0,yes,buy,buy,,Archi34,,fe5f7de6-91ff-4602-9e00-f2aafbd5f641,2025-12-08T09:15:36.872612Z,Lose
d018a4a5-a6fc-51e5-e192-ff51ca8a55dc,5a128e45-8cd6-4a6b-933e-f3b3f341397b,KXMIASNOWM-25DEC-0.1,5,0.05,200,200.0,yes,buy,buy,,Archi34,,fe5f7de6-91ff-4602-9e00-f2aafbd5f641,2025-12-08T09:15:36.872612Z,Lose
a5b43d3f-1e41-5bc3-f126-2857f468ba17,5a128e45-8cd6-4a6b-933e-f3b3f341397b,KXMIASNOWM-25DEC-0.1,10,0.1,27,27.0,yes,sell,buy,,Archi34,,fe5f7de6-91ff-4602-9e00-f2aafbd5f641,2025-12-08T09:15:36.872612Z,Lose
a335353c-d0d9-5403-f905-2312f23a30d3,5a128e45-8cd6-4a6b-933e-f3b3f341397b,KXMIASNOWM-25DEC-0.1,30,0.3,7,7.0,yes,buy,buy,,Archi34,,fe5f7de6-91ff-4602-9e00-f2aafbd5f641,2025-12-08T09:15:36.872612Z,Lose
60f8c2d8-e2d9-55d7-ebb3-c5cb4c48d384,5a128e45-8cd6-4a6b-933e-f3b3f341397b,KXMIASNOWM-25DEC-0.1,20,0.2,10,10.0,yes,buy,buy,,Archi34,,fe5f7de6-91ff-4602-9e00-f2aafbd5f641,2025-12-08T09:15:36.872612Z,Lose
5902e89a-a6f8-5d63-d32b-8abbd5e28b59,5a128e45-8cd6-4a6b-933e-f3b3f341397b,KXMIASNOWM-25DEC-0.1,4,0.04,100,100.0,yes,buy,buy,,Archi34,,fe5f7de6-91ff-4602-9e00-f2aafbd5f641,2025-12-08T09:15:36.872612Z,Lose
4cff3e19-6bca-59eb-df70-2bf72222c1a3,5a128e45-8cd6-4a6b-933e-f3b3f341397b,KXMIASNOWM-25DEC-0.1,14,0.14,60,60.0,yes,buy,buy,,Archi34,,fe5f7de6-91ff-4602-9e00-f2aafbd5f641,2025-12-08T09:15:36.872612Z,Lose
1d4b2fae-0127-5cff-c0f6-7ce8384ae701,5a128e45-8cd6-4a6b-933e-f3b3f341397b,KXMIASNOWM-25DEC-0.1,15,0.15,5,5.0,yes,buy,buy,,Archi34,,fe5f7de6-91ff-4602-9e00-f2aafbd5f641,2025-12-08T09:15:36.872612Z,Lose
4ad65e32-018f-4fb8-16a9-9281dd1d289b,5a128e45-8cd6-4a6b-933e-f3b3f341397b,KXMIASNOWM-25DEC-0.1,3,0.03,156,156.0,yes,buy,buy,,,,,2025-12-08T03:56:24.059096Z,Lose
50c7a862-3e95-78cb-d3d0-cb76ba52bfb0,82f5d164-3056-462e-a71f-49148c008f31,KXMIASNOWM-25DEC-0.5,3,0.03,6,6.0,yes,buy,buy,,Rey5D,,d5fc069b-e43b-47cd-b093-e4809889ac3a,2025-12-07T23:17:57.510999Z,Lose
c198c5fe-8515-4123-6a47-a75ece8615c8,82f5d164-3056-462e-a71f-49148c008f31,KXMIASNOWM-25DEC-0.5,3,0.03,46,46.0,yes,buy,buy,,,,,2025-12-07T19:07:04.811259Z,Lose
e2d01c4b-4d27-7750-0e6a-9beeed0f13b7,5a128e45-8cd6-4a6b-933e-f3b3f341397b,KXMIASNOWM-25DEC-0.1,3,0.03,62,62.0,yes,buy,buy,,,,,2025-12-07T18:45:10.240041Z,Lose
ad439f71-9e3f-7660-8199-05bea5a61d97,5a128e45-8cd6-4a6b-933e-f3b3f341397b,KXMIASNOWM-25DEC-0.1,3,0.03,31,31.0,yes,buy,buy,,,,,2025-12-07T18:05:23.744802Z,Lose
3d87ffd9-a220-71fa-b36c-e658c391fe84,b6adf731-0837-4c62-bcf7-ace42e64230c,KXMIASNOWM-25DEC-1.0,2,0.02,93,93.0,yes,buy,buy,,shaneschanged,,1758d241-079f-4f5d-9530-bcc3c71eb75c,2025-12-07T02:09:52.851146Z,Lose
c7c3e3a9-ecbf-7560-af76-738c0d26fbf7,5a128e45-8cd6-4a6b-933e-f3b3f341397b,KXMIASNOWM-25DEC-0.1,3,0.03,624,624.0,yes,buy,buy,,,,,2025-12-06T20:06:42.311117Z,Lose
fa0e6f44-9bac-6f8e-4f1f-2b515e8f153d,82f5d164-3056-462e-a71f-49148c008f31,KXMIASNOWM-25DEC-0.5,1,0.01,14,14.0,no,sell,buy,,,,,2025-12-06T18:44:15.052595Z,Win
bcd5fb05-23c3-601c-728f-a0254a6aa608,82f5d164-3056-462e-a71f-49148c008f31,KXMIASNOWM-25DEC-0.5,1,0.01,200,200.0,no,buy,buy,,,,,2025-12-06T18:44:15.052595Z,Win
3d6ecf7f-d92f-697e-7f74-6ba0d05cf942,82f5d164-3056-462e-a71f-49148c008f31,KXMIASNOWM-25DEC-0.5,1,0.01,119,119.0,no,buy,buy,,,,,2025-12-06T18:44:15.052595Z,Win
e24c5f4b-676d-6e63-2b94-d3fde93187a7,82f5d164-3056-462e-a71f-49148c008f31,KXMIASNOWM-25DEC-0.5,86,0.86,14,14.0,yes,buy,buy,,,,,2025-12-06T18:37:45.930526Z,Lose
dd87f470-5440-6951-0300-23f8fb471257,82f5d164-3056-462e-a71f-49148c008f31,KXMIASNOWM-25DEC-0.5,87,0.87,10,10.0,yes,buy,buy,,,,,2025-12-06T18:37:45.930526Z,Lose
88def97c-b1bb-6a50-3b5d-f730b119135c,82f5d164-3056-462e-a71f-49148c008f31,KXMIASNOWM-25DEC-0.5,89,0.89,10,10.0,yes,buy,buy,,,,,2025-12-06T18:37:45.930526Z,Lose
75ec1826-f2bb-6c9c-2d4b-01293da9e62d,82f5d164-3056-462e-a71f-49148c008f31,KXMIASNOWM-25DEC-0.5,2,0.02,5,5.0,yes,buy,buy,,,,,2025-12-06T18:37:45.930526Z,Lose
5e38fd58-696f-64c1-1c34-5c38522f526e,82f5d164-3056-462e-a71f-49148c008f31,KXMIASNOWM-25DEC-0.5,4,0.04,65,65.0,yes,buy,buy,,,,,2025-12-06T18:37:45.930526Z,Lose
56ce5a96-606a-6548-2180-2352339707df,82f5d164-3056-462e-a71f-49148c008f31,KXMIASNOWM-25DEC-0.5,5,0.05,200,200.0,yes,buy,buy,,,,,2025-12-06T18:37:45.930526Z,Lose
3ff64566-2944-673f-04e2-424d232992b8,82f5d164-3056-462e-a71f-49148c008f31,KXMIASNOWM-25DEC-0.5,10,0.1,16,16.0,yes,buy,buy,,,,,2025-12-06T18:37:45.930526Z,Lose
1f26c67e-1d53-625e-2e56-26e82ceb3012,82f5d164-3056-462e-a71f-49148c008f31,KXMIASNOWM-25DEC-0.5,3,0.03,1684,1684.0,yes,buy,buy,,,,,2025-12-06T18:37:45.930526Z,Lose
17d7688d-cdd3-6c95-230b-cdc16aa51dd9,82f5d164-3056-462e-a71f-49148c008f31,KXMIASNOWM-25DEC-0.5,6,0.06,5,5.0,yes,buy,buy,,,,,2025-12-06T18:37:45.930526Z,Lose
0f119a6a-251c-7b7e-d102-6bb6de920b6c,b6adf731-0837-4c62-bcf7-ace42e64230c,KXMIASNOWM-25DEC-1.0,2,0.02,46,46.0,yes,buy,buy,,,,,2025-12-06T14:06:38.545014Z,Lose
3e4da77a-676f-6ee8-c89d-9671d7a0c5d3,5a128e45-8cd6-4a6b-933e-f3b3f341397b,KXMIASNOWM-25DEC-0.1,3,0.03,31,31.0,yes,buy,buy,,buckwheat88,,26053a45-298d-4790-aa8b-37fd17146046,2025-12-06T05:23:18.479535Z,Lose
2b9f26db-e405-690e-1e91-0e43044a2c8a,b6adf731-0837-4c62-bcf7-ace42e64230c,KXMIASNOWM-25DEC-1.0,2,0.02,5,5.0,yes,buy,buy,,buckwheat88,,26053a45-298d-4790-aa8b-37fd17146046,2025-12-06T05:18:20.568176Z,Lose
280767fa-dbcc-68b6-38e4-aaccd867e7c0,b6adf731-0837-4c62-bcf7-ace42e64230c,KXMIASNOWM-25DEC-1.0,2,0.02,41,41.0,yes,buy,buy,,buckwheat88,,26053a45-298d-4790-aa8b-37fd17146046,2025-12-06T05:18:20.568176Z,Lose
dcdb34aa-5b60-623e-4529-54011e9cb83e,82f5d164-3056-462e-a71f-49148c008f31,KXMIASNOWM-25DEC-0.5,2,0.02,8,8.0,yes,buy,buy,,buckwheat88,,26053a45-298d-4790-aa8b-37fd17146046,2025-12-06T05:17:57.069047Z,Lose
a729fd0f-aa3f-6b36-4148-017d8e3ecf96,82f5d164-3056-462e-a71f-49148c008f31,KXMIASNOWM-25DEC-0.5,3,0.03,25,25.0,yes,buy,buy,,buckwheat88,,26053a45-298d-4790-aa8b-37fd17146046,2025-12-06T05:17:57.069047Z,Lose
df950d1c-5d17-41d4-8246-dab040a5b4fb,5a128e45-8cd6-4a6b-933e-f3b3f341397b,KXMIASNOWM-25DEC-0.1,3,0.03,24,24.0,yes,buy,buy,,,,,2025-12-05T23:49:38.10822Z,Lose
3b19a790-0094-4276-9b28-e7a4907c91c6,82f5d164-3056-462e-a71f-49148c008f31,KXMIASNOWM-25DEC-0.5,2,0.02,3,3.0,yes,buy,buy,,diverse.cattle,,f3b138fe-ccff-4586-a2d4-e52d100c63e7,2025-12-05T22:32:05.365994Z,Lose
02a46676-0f0b-5768-6f53-c14402bafc53,5a128e45-8cd6-4a6b-933e-f3b3f341397b,KXMIASNOWM-25DEC-0.1,3,0.03,12,12.0,yes,buy,buy,,dylicious,,1e52c08d-8432-4c06-92bf-cebbbadff8e3,2025-12-05T06:27:46.948965Z,Lose
f15fe723-881f-5928-1eb5-f83f7cf32d83,5a128e45-8cd6-4a6b-933e-f3b3f341397b,KXMIASNOWM-25DEC-0.1,3,0.03,22,22.0,yes,buy,buy,,,,,2025-12-05T03:31:58.768465Z,Lose
88f34d61-b8c7-73ba-7364-49142fdf140d,82f5d164-3056-462e-a71f-49148c008f31,KXMIASNOWM-25DEC-0.5,2,0.02,5,5.0,yes,buy,buy,,,,,2025-12-05T01:53:34.317952Z,Lose
1478ef13-169b-7a16-690a-de6ca15b3396,82f5d164-3056-462e-a71f-49148c008f31,KXMIASNOWM-25DEC-0.5,3,0.03,152,152.0,yes,buy,buy,,,,,2025-12-05T01:53:34.317952Z,Lose
f453386e-672b-7bca-e17d-02b4e3654012,82f5d164-3056-462e-a71f-49148c008f31,KXMIASNOWM-25DEC-0.5,3,0.03,402,402.0,yes,buy,buy,,,,,2025-12-04T12:21:03.609548Z,Lose
001088de-e5d2-70d4-ed26-8215cce66706,82f5d164-3056-462e-a71f-49148c008f31,KXMIASNOWM-25DEC-0.5,2,0.02,5,5.0,yes,buy,buy,,,,,2025-12-04T12:21:03.609548Z,Lose
8b6bd064-371b-656a-6ac6-9f9fcadfbabe,82f5d164-3056-462e-a71f-49148c008f31,KXMIASNOWM-25DEC-0.5,3,0.03,152,152.0,yes,buy,buy,,,,,2025-12-04T10:43:55.4943Z,Lose
08d2c6fa-8eba-60b5-62de-988ba6f82a46,82f5d164-3056-462e-a71f-49148c008f31,KXMIASNOWM-25DEC-0.5,2,0.02,5,5.0,yes,buy,buy,,,,,2025-12-04T10:43:55.4943Z,Lose
988b357e-2f03-54f4-982e-cafae2bea4cf,5a128e45-8cd6-4a6b-933e-f3b3f341397b,KXMIASNOWM-25DEC-0.1,3,0.03,436,436.0,yes,buy,buy,,,,,2025-12-03T04:48:44.277545Z,Lose
7f5845c5-8ed1-52a1-dd19-e88fe3ead729,82f5d164-3056-462e-a71f-49148c008f31,KXMIASNOWM-25DEC-0.5,2,0.02,5,5.0,yes,buy,buy,,Ema.,,a57cd269-7c39-4ed2-92a0-db18b041718b,2025-12-03T03:17:20.192808Z,Lose
0d190f8c-3f9f-5c0a-fa90-ae21054fcbca,82f5d164-3056-462e-a71f-49148c008f31,KXMIASNOWM-25DEC-0.5,3,0.03,27,27.0,yes,buy,buy,,Ema.,,a57cd269-7c39-4ed2-92a0-db18b041718b,2025-12-03T03:17:20.192808Z,Lose
5bb512f2-88af-4e10-c975-421d717f72bb,5a128e45-8cd6-4a6b-933e-f3b3f341397b,KXMIASNOWM-25DEC-0.1,3,0.03,31,31.0,yes,buy,buy,,,,,2025-12-02T10:46:50.924832Z,Lose
7f8fc969-6783-66b0-b1b3-e406edd3baa3,5a128e45-8cd6-4a6b-933e-f3b3f341397b,KXMIASNOWM-25DEC-0.1,3,0.03,31,31.0,yes,buy,buy,,,,,2025-12-02T10:12:42.458384Z,Lose
955aceb5-79d7-4290-060d-7b74b4b1e353,5a128e45-8cd6-4a6b-933e-f3b3f341397b,KXMIASNOWM-25DEC-0.1,3,0.03,156,156.0,yes,buy,buy,,,,,2025-12-02T05:35:07.373359Z,Lose
71768329-47f3-431e-4bd1-2d46b185164e,82f5d164-3056-462e-a71f-49148c008f31,KXMIASNOWM-25DEC-0.5,3,0.03,27,27.0,yes,buy,buy,,,,,2025-12-01T20:59:27.721218Z,Lose
3e9b3f33-f709-4fa3-496e-38bf12cdd469,82f5d164-3056-462e-a71f-49148c008f31,KXMIASNOWM-25DEC-0.5,2,0.02,5,5.0,yes,buy,buy,,,,,2025-12-01T20:59:27.721218Z,Lose
1ac29bfa-ab87-6e5c-dcc4-121ec36d94d7,5a128e45-8cd6-4a6b-933e-f3b3f341397b,KXMIASNOWM-25DEC-0.1,3,0.03,156,156.0,yes,buy,buy,,chin.streak,,0cee2ccc-490b-42c5-b64d-5ef81442039a,2025-12-01T03:04:07.576857Z,Lose
47633527-aec7-6188-b994-12aace7fad37,5a128e45-8cd6-4a6b-933e-f3b3f341397b,KXMIASNOWM-25DEC-0.1,3,0.03,312,312.0,yes,buy,buy,,,,,2025-12-01T03:00:52.117325Z,Lose
86d7bb11-812b-7400-c071-cf9fd93a7eab,5a128e45-8cd6-4a6b-933e-f3b3f341397b,KXMIASNOWM-25DEC-0.1,3,0.03,31,31.0,yes,buy,buy,,labbower,,a3575b66-e530-4a39-be25-62faa495cb30,2025-12-01T02:19:02.104752Z,Lose
044a62ac-f1bb-6a34-ba15-6d4857bb4cdb,5a128e45-8cd6-4a6b-933e-f3b3f341397b,KXMIASNOWM-25DEC-0.1,3,0.03,3,3.0,yes,buy,buy,,,,,2025-12-01T02:16:22.443734Z,Lose
9764646a-12bf-62f4-5a3a-91f6b84f126f,5a128e45-8cd6-4a6b-933e-f3b3f341397b,KXMIASNOWM-25DEC-0.1,3,0.03,62,62.0,yes,buy,buy,,,,,2025-12-01T00:17:27.953171Z,Lose
912fff24-4e2b-603c-0734-a91f327c81ff,5a128e45-8cd6-4a6b-933e-f3b3f341397b,KXMIASNOWM-25DEC-0.1,3,0.03,62,62.0,yes,buy,buy,,,,,2025-12-01T00:00:32.720772Z,Lose
3b41ec00-3dab-619a-3ac9-5efd2a6fdeca,82f5d164-3056-462e-a71f-49148c008f31,KXMIASNOWM-25DEC-0.5,3,0.03,31,31.0,yes,buy,buy,,,,,2025-11-30T04:28:39.645812Z,Lose
8e38fea7-b21d-765b-0856-f1b9b3f1772a,5a128e45-8cd6-4a6b-933e-f3b3f341397b,KXMIASNOWM-25DEC-0.1,2,0.02,133,133.0,yes,buy,buy,,FuturesFrenzy,,17d72b25-0687-42ef-9348-3253e8cb3e34,2025-11-29T21:13:52.795128Z,Lose
86ad446c-049b-7df8-24e6-7afaf6c38bfb,5a128e45-8cd6-4a6b-933e-f3b3f341397b,KXMIASNOWM-25DEC-0.1,3,0.03,67,67.0,yes,buy,buy,,FuturesFrenzy,,17d72b25-0687-42ef-9348-3253e8cb3e34,2025-11-29T21:13:52.795128Z,Lose
2dd909ec-aae2-7752-3a92-0f93605a104c,5a128e45-8cd6-4a6b-933e-f3b3f341397b,KXMIASNOWM-25DEC-0.1,2,0.02,233,233.0,yes,buy,buy,,intelligent.shrimp,,b003134a-4d84-4161-ab09-bd29161c448e,2025-11-29T05:35:17.64024Z,Lose
12b8ce69-c9da-4a6e-efed-0a18ed326c14,5a128e45-8cd6-4a6b-933e-f3b3f341397b,KXMIASNOWM-25DEC-0.1,2,0.02,93,93.0,yes,buy,buy,,CorkCello,,7ec8a3d0-f8a7-4417-93b2-2e0fb6b5f780,2025-11-29T05:22:46.870177Z,Lose
73cf904a-e272-5d72-2a66-3e9d5041e884,5a128e45-8cd6-4a6b-933e-f3b3f341397b,KXMIASNOWM-25DEC-0.1,2,0.02,46,46.0,yes,buy,buy,,,,,2025-11-29T03:02:41.841799Z,Lose
015d90ff-ba1e-6372-edaf-c5490d7c86a4,5a128e45-8cd6-4a6b-933e-f3b3f341397b,KXMIASNOWM-25DEC-0.1,2,0.02,458,458.0,yes,buy,buy,,,,,2025-11-29T02:31:49.962527Z,Lose
56590c76-126b-73ed-7260-b71c2237b54a,82f5d164-3056-462e-a71f-49148c008f31,KXMIASNOWM-25DEC-0.5,4,0.04,5,5.0,yes,buy,sell,,pharming,,0b6cb6ea-657e-48e3-9366-a3d4ac7e5bb9,2025-11-28T05:23:52.064339Z,Win
1392c902-3f4f-7cb9-261a-a5d4e1c7158e,82f5d164-3056-462e-a71f-49148c008f31,KXMIASNOWM-25DEC-0.5,4,0.04,23,23.0,yes,buy,buy,,,,,2025-11-28T00:52:02.01745Z,Lose
e0913661-386f-6279-d475-3b05b5da72ca,82f5d164-3056-462e-a71f-49148c008f31,KXMIASNOWM-25DEC-0.5,4,0.04,7,7.0,yes,buy,buy,,81Joey,,dbfca211-e2b1-4a0f-b4b1-f90bb0bfae72,2025-11-27T05:11:59.480131Z,Lose
be458c73-97a5-7897-c1bf-4bbb39741cb2,5a128e45-8cd6-4a6b-933e-f3b3f341397b,KXMIASNOWM-25DEC-0.1,5,0.05,37,37.0,yes,buy,buy,,babyjesus222,,405ddc97-5fe3-46d3-ac41-fa48c3652df7,2025-11-26T20:42:33.854184Z,Lose
fe9597e5-9453-649d-583c-e6acd3651bbd,82f5d164-3056-462e-a71f-49148c008f31,KXMIASNOWM-25DEC-0.5,4,0.04,39,39.0,yes,buy,buy,,babyjesus222,,405ddc97-5fe3-46d3-ac41-fa48c3652df7,2025-11-26T20:41:37.062936Z,Lose
2e8af39b-f0d3-6835-5544-ebda405f76b9,82f5d164-3056-462e-a71f-49148c008f31,KXMIASNOWM-25DEC-0.5,6,0.06,5,5.0,yes,buy,buy,,babyjesus222,,405ddc97-5fe3-46d3-ac41-fa48c3652df7,2025-11-26T20:41:37.062936Z,Lose
333c58ff-9847-49f1-422b-02bd94b19ca9,82f5d164-3056-462e-a71f-49148c008f31,KXMIASNOWM-25DEC-0.5,4,0.04,46,46.0,yes,buy,buy,,babyjesus222,,405ddc97-5fe3-46d3-ac41-fa48c3652df7,2025-11-26T20:40:36.949883Z,Lose
f4bec9db-de68-5ac7-ee70-4549151af2df,5a128e45-8cd6-4a6b-933e-f3b3f341397b,KXMIASNOWM-25DEC-0.1,5,0.05,100,100.0,yes,buy,buy,,,,,2025-11-26T19:02:59.515406Z,Lose
d26c1885-0a2f-501f-e76b-a8132e63e81b,5a128e45-8cd6-4a6b-933e-f3b3f341397b,KXMIASNOWM-25DEC-0.1,4,0.04,735,735.0,yes,buy,buy,,,,,2025-11-26T19:02:59.515406Z,Lose
31151bae-aaa9-50bb-e819-e77a6add064b,5a128e45-8cd6-4a6b-933e-f3b3f341397b,KXMIASNOWM-25DEC-0.1,10,0.1,23,23.0,yes,sell,buy,,,,,2025-11-26T19:02:59.515406Z,Lose
8746b428-c2af-7e5b-a876-1587548e88ef,5a128e45-8cd6-4a6b-933e-f3b3f341397b,KXMIASNOWM-25DEC-0.1,4,0.04,23,23.0,yes,buy,buy,,,,,2025-11-26T15:30:42.119212Z,Lose
55cf9ad3-2dd3-5fa7-c95d-92988b281dc7,5a128e45-8cd6-4a6b-933e-f3b3f341397b,KXMIASNOWM-25DEC-0.1,4,0.04,117,117.0,yes,buy,buy,,,,,2025-11-26T08:22:25.022219Z,Lose
3f096bfe-9eff-6953-4960-c629d0d1e697,5a128e45-8cd6-4a6b-933e-f3b3f341397b,KXMIASNOWM-25DEC-0.1,4,0.04,102,102.0,yes,buy,buy,,,,,2025-11-26T03:48:49.037924Z,Lose
405b6a30-e583-6845-4606-91d9038124a5,82f5d164-3056-462e-a71f-49148c008f31,KXMIASNOWM-25DEC-0.5,4,0.04,15,15.0,yes,buy,buy,,JustHearMeOut,,0beadf52-4151-4e7d-b25c-66bd5970f3af,2025-11-25T14:44:59.905636Z,Lose
bdc07c4b-2617-745f-4c6f-39f7ba3cc843,5a128e45-8cd6-4a6b-933e-f3b3f341397b,KXMIASNOWM-25DEC-0.1,4,0.04,23,23.0,yes,buy,buy,,,,,2025-11-25T13:03:38.056435Z,Lose
286595a3-06b1-49d4-45a0-1280f9df8a0a,5a128e45-8cd6-4a6b-933e-f3b3f341397b,KXMIASNOWM-25DEC-0.1,10,0.1,50,50.0,yes,buy,buy,,,,,2025-11-24T14:22:58.809497Z,Lose
b394f7fe-bbe0-60d0-5ba7-790a77f6c223,82f5d164-3056-462e-a71f-49148c008f31,KXMIASNOWM-25DEC-0.5,9,0.09,52,52.0,yes,buy,buy,,,,,2025-11-24T12:00:49.577238Z,Lose
1a27b0de-39dc-41c8-77a3-7109c2f09eb3,82f5d164-3056-462e-a71f-49148c008f31,KXMIASNOWM-25DEC-0.5,9,0.09,20,20.0,yes,buy,buy,,,,,2025-11-24T12:00:16.547785Z,Lose
c97c7b7e-9527-7d6f-6bef-f5324dcb7ccc,5a128e45-8cd6-4a6b-933e-f3b3f341397b,KXMIASNOWM-25DEC-0.1,10,0.1,2,2.0,yes,buy,buy,,CruizinSnoozin,,c3336dbf-bbb6-4cf8-b0cb-ec4d5a9f92bf,2025-11-23T20:36:36.081613Z,Lose
67e0f52b-b02b-7465-6e82-878a63e2e9e6,5a128e45-8cd6-4a6b-933e-f3b3f341397b,KXMIASNOWM-25DEC-0.1,14,0.14,10,10.0,yes,buy,buy,,CruizinSnoozin,,c3336dbf-bbb6-4cf8-b0cb-ec4d5a9f92bf,2025-11-23T20:36:36.081613Z,Lose
dcf135d9-8f8f-602f-8df1-e1e7aa29f300,5a128e45-8cd6-4a6b-933e-f3b3f341397b,KXMIASNOWM-25DEC-0.1,10,0.1,9,9.0,yes,buy,buy,,,,,2025-11-22T20:19:29.366Z,Lose
812a8b5f-8990-6283-90cb-67288440f9b4,82f5d164-3056-462e-a71f-49148c008f31,KXMIASNOWM-25DEC-0.5,10,0.1,4,4.0,yes,buy,buy,,kmcgee,,faff8598-c6b8-4351-be59-fd62e95776e0,2025-11-22T19:58:17.238575Z,Lose
509fb59d-9b4c-65f5-be86-d5e316b33814,82f5d164-3056-462e-a71f-49148c008f31,KXMIASNOWM-25DEC-0.5,9,0.09,5,5.0,yes,sell,buy,,kmcgee,,faff8598-c6b8-4351-be59-fd62e95776e0,2025-11-22T19:58:17.238575Z,Lose
a3671e38-207e-471f-36b7-88a1852254ca,b6adf731-0837-4c62-bcf7-ace42e64230c,KXMIASNOWM-25DEC-1.0,10,0.1,9,9.0,yes,buy,buy,,,,,2025-11-22T04:28:44.505621Z,Lose
919f41d0-cf83-428f-1b99-56f6c79c7848,5a128e45-8cd6-4a6b-933e-f3b3f341397b,KXMIASNOWM-25DEC-0.1,10,0.1,9,9.0,yes,buy,buy,,Edensdebstes,,727bc516-d5eb-48c0-8274-e1bb05ba2256,2025-11-22T04:09:55.472Z,Lose
e8ca5eab-9311-7baa-11f2-0674cd9d2546,5a128e45-8cd6-4a6b-933e-f3b3f341397b,KXMIASNOWM-25DEC-0.1,2,0.02,5,5.0,no,buy,sell,,,,,2025-11-21T17:16:22.06966Z,Lose
fdc9c9c4-8bef-4aa6-d4b2-7adfc9245b16,5a128e45-8cd6-4a6b-933e-f3b3f341397b,KXMIASNOWM-25DEC-0.1,94,0.94,5,5.0,yes,sell,buy,,,,,2025-11-21T17:13:43.817668Z,Lose
9dd90107-286a-4dc1-e4d6-706a2a067608,5a128e45-8cd6-4a6b-933e-f3b3f341397b,KXMIASNOWM-25DEC-0.1,95,0.95,5,5.0,yes,sell,buy,,,,,2025-11-21T17:13:43.817668Z,Lose
2e96ebc7-7d27-7fac-c73f-953ae513c47c,5a128e45-8cd6-4a6b-933e-f3b3f341397b,KXMIASNOWM-25DEC-0.1,2,0.02,5,5.0,no,buy,buy,,,,,2025-11-21T08:25:19.486438Z,Win
9de1bbe6-9de3-4b77-30fb-ea8520237d4b,82f5d164-3056-462e-a71f-49148c008f31,KXMIASNOWM-25DEC-0.5,2,0.02,5,5.0,no,buy,buy,,pharming,,0b6cb6ea-657e-48e3-9366-a3d4ac7e5bb9,2025-11-21T04:15:49.056623Z,Win
cb98fcac-987e-48fc-2581-ec202fc42a5a,b6adf731-0837-4c62-bcf7-ace42e64230c,KXMIASNOWM-25DEC-1.0,1,0.01,200,200.0,no,buy,buy,,,,,2025-11-20T04:14:56.460508Z,Win
